Award ID,Generated Award ID,Award Category,Transaction Count,Latest Modification Number,First Action Type,First Action Type Description,First Action Date,Latest Action Type,Latest Action Type Description,Latest Action Date,Action Code Termination Modification,Action Code Termination Date,Closeout Modification Number,Closeout Action Date,Last Checked Date
80AFRC19F0092,CONT_AWD_80AFRC19F0092_8000_NND15AB03Z_8000,contract,2,P00001,,,2019-03-13,F,TERMINATE FOR CONVENIENCE (COMPLETE OR PARTIAL),2019-06-12,P00001,2019-06-12,,,2026-07-31
80AFRC25FA003,CONT_AWD_80AFRC25FA003_8000_80AFRC25DA001_8000,contract,2,P00001,,,2024-11-04,M,OTHER ADMINISTRATIVE ACTION,2025-07-30,,,,,2026-08-16
80ARC018F0144,CONT_AWD_80ARC018F0144_8000_80ARC018D0019_8000,contract,4,P00003,,,2018-09-18,F,TERMINATE FOR CONVENIENCE (COMPLETE OR PARTIAL),2020-01-17,P00003,2020-01-17,,,2026-07-31
80ARC020C0002,CONT_AWD_80ARC020C0002_8000_-NONE-_-NONE-,contract,15,P00014,,,2020-01-13,M,OTHER ADMINISTRATIVE ACTION,2025-04-14,,,,,2026-08-16
80ARC023CA004,CONT_AWD_80ARC023CA004_8000_-NONE-_-NONE-,contract,4,P00004,,,2022-11-01,F,TERMINATE FOR CONVENIENCE (COMPLETE OR PARTIAL),2025-03-21,P00004,2025-03-21,,,2026-08-16
80ARC026F7015,CONT_AWD_80ARC026F7015_8000_80ARC020D0010_8000,contract,2,P00001,,,2026-04-08,C,FUNDING ONLY ACTION,2026-04-28,,,,,2026-08-16
80GRC019F0195,CONT_AWD_80GRC019F0195_8000_80GSFC19D0011_8000,contract,30,P00029,,,2019-09-19,B,SUPPLEMENTAL AGREEMENT FOR WORK WITHIN SCOPE,2025-02-27,,,,,2026-08-16
80GRC020F0111,CONT_AWD_80GRC020F0111_8000_80GRC020D0003_8000,contract,30,P00029,,,2020-04-01,B,SUPPLEMENTAL AGREEMENT FOR WORK WITHIN SCOPE,2026-06-11,,,,,2026-08-16
80GRC020F0115,CONT_AWD_80GRC020F0115_8000_80GRC020D0003_8000,contract,35,P00034,,,2020-04-23,B,SUPPLEMENTAL AGREEMENT FOR WORK WITHIN SCOPE,2026-06-18,,,,,2026-08-16
80GRC020F0118,CONT_AWD_80GRC020F0118_8000_80GRC020D0003_8000,contract,18,P00017,,,2020-04-02,C,FUNDING ONLY ACTION,2025-07-08,,,,,2026-08-16
80GRC020P0006,CONT_AWD_80GRC020P0006_8000_-NONE-_-NONE-,contract,4,P00003,,,2019-12-20,F,TERMINATE FOR CONVENIENCE (COMPLETE OR PARTIAL),2020-06-05,P00003,2020-06-05,,,2026-07-31
80GRC021F0111,CONT_AWD_80GRC021F0111_8000_80GRC020D0003_8000,contract,9,P00008,,,2021-08-11,C,FUNDING ONLY ACTION,2026-07-20,,,,,2026-08-16
80GRC021F0123,CONT_AWD_80GRC021F0123_8000_NNC17BA05B_8000,contract,2,P00001,,,2021-07-16,F,TERMINATE FOR CONVENIENCE (COMPLETE OR PARTIAL),2021-09-29,P00001,2021-09-29,,,2026-07-31
80GRC022AA005,CONT_IDV_80GRC022AA005_8000,idv,3,P00002,,,2022-08-19,F,TERMINATE FOR CONVENIENCE (COMPLETE OR PARTIAL),2025-04-15,P00002,2025-04-15,,,2026-08-16
80GRC022AA006,CONT_IDV_80GRC022AA006_8000,idv,3,P00002,,,2022-08-18,F,TERMINATE FOR CONVENIENCE (COMPLETE OR PARTIAL),2025-04-15,P00002,2025-04-15,,,2026-08-16
80GRC022AA014,CONT_IDV_80GRC022AA014_8000,idv,4,P00003,,,2022-08-18,F,TERMINATE FOR CONVENIENCE (COMPLETE OR PARTIAL),2025-04-15,P00003,2025-04-15,,,2026-08-16
80GRC022AA017,CONT_IDV_80GRC022AA017_8000,idv,4,P00003,,,2022-08-18,F,TERMINATE FOR CONVENIENCE (COMPLETE OR PARTIAL),2025-04-15,P00003,2025-04-15,,,2026-08-16
80GRC022AA018,CONT_IDV_80GRC022AA018_8000,idv,4,P00003,M,OTHER ADMINISTRATIVE ACTION,2022-08-18,F,TERMINATE FOR CONVENIENCE (COMPLETE OR PARTIAL),2025-04-15,P00003,2025-04-15,,,2026-08-16
80GRC022AA021,CONT_IDV_80GRC022AA021_8000,idv,4,P00003,,,2022-08-18,F,TERMINATE FOR CONVENIENCE (COMPLETE OR PARTIAL),2025-04-15,P00003,2025-04-15,,,2026-08-16
80GRC022AA023,CONT_IDV_80GRC022AA023_8000,idv,3,P00002,,,2022-08-18,F,TERMINATE FOR CONVENIENCE (COMPLETE OR PARTIAL),2025-04-15,P00002,2025-04-15,,,2026-08-16
80GRC022AA024,CONT_IDV_80GRC022AA024_8000,idv,3,P00002,,,2022-08-18,F,TERMINATE FOR CONVENIENCE (COMPLETE OR PARTIAL),2025-04-15,P00002,2025-04-15,,,2026-08-16
80GRC022F0189,CONT_AWD_80GRC022F0189_8000_80GRC020D0003_8000,contract,22,P00021,,,2022-09-23,C,FUNDING ONLY ACTION,2026-05-21,,,,,2026-08-16
80GRC024CA008,CONT_AWD_80GRC024CA008_8000_-NONE-_-NONE-,contract,4,P00003,,,2023-10-17,M,OTHER ADMINISTRATIVE ACTION,2025-04-11,,,,,2026-08-16
80GRC025CA013,CONT_AWD_80GRC025CA013_8000_-NONE-_-NONE-,contract,3,P00002,,,2025-01-23,F,TERMINATE FOR CONVENIENCE (COMPLETE OR PARTIAL),2026-06-15,P00002,2026-06-15,,,2026-08-16
80GSFC21C0019,CONT_AWD_80GSFC21C0019_8000_-NONE-_-NONE-,contract,6,P00005,,,2021-01-26,F,TERMINATE FOR CONVENIENCE (COMPLETE OR PARTIAL),2024-01-22,P00005,2024-01-22,,,2026-07-31
80GSFC21C0057,CONT_AWD_80GSFC21C0057_8000_-NONE-_-NONE-,contract,14,P00014,,,2021-03-26,M,OTHER ADMINISTRATIVE ACTION,2025-09-04,P00013,2025-08-18,,,2026-08-16
80GSFC21M0002,ASST_NON_80GSFC21M0002_080,assistance,35,P00035,A,NEW,2021-03-29,D,ADJUSTMENT TO COMPLETED PROJECT,2025-03-03,,,P00035,2025-03-03,2026-07-31
80GSFC22CA011,CONT_AWD_80GSFC22CA011_8000_-NONE-_-NONE-,contract,10,P00009,,,2022-08-25,F,TERMINATE FOR CONVENIENCE (COMPLETE OR PARTIAL),2026-01-30,P00009,2026-01-30,,,2026-08-16
80GSFC22CA012,CONT_AWD_80GSFC22CA012_8000_-NONE-_-NONE-,contract,10,P00009,,,2022-08-19,F,TERMINATE FOR CONVENIENCE (COMPLETE OR PARTIAL),2026-02-12,P00009,2026-02-12,,,2026-08-16
80GSFC22CA013,CONT_AWD_80GSFC22CA013_8000_-NONE-_-NONE-,contract,7,P00006,,,2022-07-11,F,TERMINATE FOR CONVENIENCE (COMPLETE OR PARTIAL),2026-02-09,P00006,2026-02-09,,,2026-08-16
80GSFC22CA021,CONT_AWD_80GSFC22CA021_8000_-NONE-_-NONE-,contract,16,P00015,,,2022-03-07,F,TERMINATE FOR CONVENIENCE (COMPLETE OR PARTIAL),2025-06-17,P00015,2025-06-17,,,2026-08-16
80GSFC23CA001,CONT_AWD_80GSFC23CA001_8000_-NONE-_-NONE-,contract,14,P00013,,,2023-07-26,F,TERMINATE FOR CONVENIENCE (COMPLETE OR PARTIAL),2026-07-30,P00013,2026-07-30,,,2026-08-16
80GSFC23CA005,CONT_AWD_80GSFC23CA005_8000_-NONE-_-NONE-,contract,7,P00006,,,2022-12-06,F,TERMINATE FOR CONVENIENCE (COMPLETE OR PARTIAL),2025-09-11,P00006,2025-09-11,,,2026-08-16
80GSFC23CA030,CONT_AWD_80GSFC23CA030_8000_-NONE-_-NONE-,contract,11,P00010,,,2022-11-22,F,TERMINATE FOR CONVENIENCE (COMPLETE OR PARTIAL),2025-09-29,P00010,2025-09-29,,,2026-08-16
80GSFC23CA032,CONT_AWD_80GSFC23CA032_8000_-NONE-_-NONE-,contract,12,P00012,,,2023-02-23,F,TERMINATE FOR CONVENIENCE (COMPLETE OR PARTIAL),2026-07-30,P00012,2026-07-30,,,2026-08-16
80GSFC23CA041,CONT_AWD_80GSFC23CA041_8000_-NONE-_-NONE-,contract,29,P00028,,,2023-02-14,C,FUNDING ONLY ACTION,2026-06-12,,,,,2026-08-16
80GSFC23PA006,CONT_AWD_80GSFC23PA006_8000_-NONE-_-NONE-,contract,4,P00003,,,2023-01-12,F,TERMINATE FOR CONVENIENCE (COMPLETE OR PARTIAL),2025-06-18,P00003,2025-06-18,,,2026-08-16
80GSFC24CA024,CONT_AWD_80GSFC24CA024_8000_-NONE-_-NONE-,contract,14,P00013,,,2024-07-02,B,SUPPLEMENTAL AGREEMENT FOR WORK WITHIN SCOPE,2026-06-18,P00007,2025-04-08,,,2026-08-16
80GSFC25P0001,CONT_AWD_80GSFC25P0001_8000_-NONE-_-NONE-,contract,2,P00001,,,2025-04-08,F,TERMINATE FOR CONVENIENCE (COMPLETE OR PARTIAL),2025-09-24,P00001,2025-09-24,,,2026-08-16
80HQTR20D0005,CONT_IDV_80HQTR20D0005_8000,idv,6,P00005,,,2020-06-15,M,OTHER ADMINISTRATIVE ACTION,2025-04-08,,,,,2026-08-16
80HQTR21AA001,CONT_IDV_80HQTR21AA001_8000,idv,5,P00004,,,2021-07-29,F,TERMINATE FOR CONVENIENCE (COMPLETE OR PARTIAL),2025-03-11,P00004,2025-03-11,,,2026-08-16
80HQTR21AA002,CONT_IDV_80HQTR21AA002_8000,idv,6,P00005,,,2021-09-30,N,LEGAL CONTRACT CANCELLATION,2025-03-11,,,,,2026-08-16
80HQTR21D0004,CONT_IDV_80HQTR21D0004_8000,idv,32,P00031,,,2021-04-14,F,TERMINATE FOR CONVENIENCE (COMPLETE OR PARTIAL),2026-03-03,P00031,2026-03-03,,,2026-08-16
80HQTR21F0124,CONT_AWD_80HQTR21F0124_8000_GS10F0100T_4730,contract,23,P00022,,,2021-04-20,M,OTHER ADMINISTRATIVE ACTION,2025-03-17,,,,,2026-08-16
80HQTR22AA003,CONT_IDV_80HQTR22AA003_8000,idv,6,P00005,,,2022-05-27,N,LEGAL CONTRACT CANCELLATION,2025-04-03,,,,,2026-08-16
80HQTR22AA009,CONT_IDV_80HQTR22AA009_8000,idv,4,P00003,,,2022-09-28,F,TERMINATE FOR CONVENIENCE (COMPLETE OR PARTIAL),2025-03-11,P00003,2025-03-11,,,2026-08-16
80HQTR22F0076,CONT_AWD_80HQTR22F0076_8000_80HQTR21D0004_8000,contract,11,P00010,,,2022-05-04,F,TERMINATE FOR CONVENIENCE (COMPLETE OR PARTIAL),2026-03-18,P00010,2026-03-18,,,2026-08-16
80HQTR22F0109,CONT_AWD_80HQTR22F0109_8000_80HQTR21D0004_8000,contract,6,P00005,,,2022-08-26,F,TERMINATE FOR CONVENIENCE (COMPLETE OR PARTIAL),2026-03-18,P00005,2026-03-18,,,2026-08-16
80HQTR23AA001,CONT_IDV_80HQTR23AA001_8000,idv,7,P00006,,,2022-11-14,N,LEGAL CONTRACT CANCELLATION,2025-03-11,,,,,2026-08-16
80HQTR23AA002,CONT_IDV_80HQTR23AA002_8000,idv,6,P00005,,,2023-04-07,N,LEGAL CONTRACT CANCELLATION,2025-03-11,,,,,2026-08-16
80HQTR23AA003,CONT_IDV_80HQTR23AA003_8000,idv,4,P00003,,,2023-03-15,N,LEGAL CONTRACT CANCELLATION,2025-03-11,,,,,2026-08-16
80HQTR23F0042,CONT_AWD_80HQTR23F0042_8000_80HQTR21D0004_8000,contract,2,P00001,,,2023-02-16,F,TERMINATE FOR CONVENIENCE (COMPLETE OR PARTIAL),2026-04-14,P00001,2026-04-14,,,2026-08-16
80HQTR23FA018,CONT_AWD_80HQTR23FA018_8000_80HQTR22AA005_8000,contract,3,P00002,,,2023-02-08,B,SUPPLEMENTAL AGREEMENT FOR WORK WITHIN SCOPE,2025-02-07,,,,,2026-08-16
80HQTR23FA044,CONT_AWD_80HQTR23FA044_8000_80GSFC23DA004_8000,contract,6,P00005,,,2023-06-05,F,TERMINATE FOR CONVENIENCE (COMPLETE OR PARTIAL),2025-02-27,P00005,2025-02-27,,,2026-08-16
80HQTR24F0012,CONT_AWD_80HQTR24F0012_8000_80HQTR21D0004_8000,contract,5,P00004,,,2023-11-16,F,TERMINATE FOR CONVENIENCE (COMPLETE OR PARTIAL),2026-04-14,P00004,2026-04-14,,,2026-08-16
80HQTR24F0019,CONT_AWD_80HQTR24F0019_8000_80HQTR21D0004_8000,contract,4,P00003,,,2023-12-19,B,SUPPLEMENTAL AGREEMENT FOR WORK WITHIN SCOPE,2026-04-09,,,,,2026-08-16
80HQTR24F0037,CONT_AWD_80HQTR24F0037_8000_80HQTR21D0004_8000,contract,4,P00003,,,2024-03-18,F,TERMINATE FOR CONVENIENCE (COMPLETE OR PARTIAL),2026-04-14,P00003,2026-04-14,,,2026-08-16
80HQTR24F0046,CONT_AWD_80HQTR24F0046_8000_80MSFC21D0009_8000,contract,3,P00002,,,2024-04-10,M,OTHER ADMINISTRATIVE ACTION,2025-03-13,,,,,2026-08-16
80HQTR24F0064,CONT_AWD_80HQTR24F0064_8000_80MSFC21D0009_8000,contract,4,P00003,,,2024-06-26,M,OTHER ADMINISTRATIVE ACTION,2025-03-21,,,,,2026-08-16
80HQTR24F0070,CONT_AWD_80HQTR24F0070_8000_80MSFC21D0009_8000,contract,2,P00001,,,2024-07-18,M,OTHER ADMINISTRATIVE ACTION,2025-03-13,,,,,2026-08-16
80HQTR24F0071,CONT_AWD_80HQTR24F0071_8000_80MSFC21D0009_8000,contract,2,P00001,,,2024-07-18,M,OTHER ADMINISTRATIVE ACTION,2025-03-13,,,,,2026-08-16
80HQTR24F0072,CONT_AWD_80HQTR24F0072_8000_80MSFC21D0009_8000,contract,3,P00002,,,2024-07-18,C,FUNDING ONLY ACTION,2025-08-20,,,,,2026-08-16
80HQTR24F0073,CONT_AWD_80HQTR24F0073_8000_80MSFC21D0009_8000,contract,2,P00001,,,2024-07-18,M,OTHER ADMINISTRATIVE ACTION,2025-03-21,,,,,2026-08-16
80HQTR24F0074,CONT_AWD_80HQTR24F0074_8000_80MSFC21D0009_8000,contract,2,P00001,,,2024-07-30,M,OTHER ADMINISTRATIVE ACTION,2025-03-13,,,,,2026-08-16
80HQTR24F0096,CONT_AWD_80HQTR24F0096_8000_80GSFC19D0011_8000,contract,3,P00002,,,2024-09-26,M,OTHER ADMINISTRATIVE ACTION,2025-04-08,,,,,2026-08-16
80HQTR24FA019,CONT_AWD_80HQTR24FA019_8000_80HQTR24AA002_8000,contract,14,P00013,,,2023-11-30,C,FUNDING ONLY ACTION,2025-08-11,,,,,2026-08-16
80HQTR24FA038,CONT_AWD_80HQTR24FA038_8000_80HQTR24AA006_8000,contract,3,P00002,,,2024-06-06,M,OTHER ADMINISTRATIVE ACTION,2025-03-20,,,,,2026-08-16
80HQTR25F7019,CONT_AWD_80HQTR25F7019_8000_80HQTR21D0004_8000,contract,3,P00002,,,2024-12-04,F,TERMINATE FOR CONVENIENCE (COMPLETE OR PARTIAL),2026-04-14,P00002,2026-04-14,,,2026-08-16
80HQTR25F7080,CONT_AWD_80HQTR25F7080_8000_80MSFC21D0009_8000,contract,2,P00001,,,2025-04-09,D,CHANGE ORDER,2025-08-28,,,,,2026-08-16
80HQTR25F7083,CONT_AWD_80HQTR25F7083_8000_80MSFC21D0009_8000,contract,2,P00001,,,2025-04-10,C,FUNDING ONLY ACTION,2025-09-04,,,,,2026-08-16
80HQTR25FA007,CONT_AWD_80HQTR25FA007_8000_80HQTR24AA005_8000,contract,4,P00003,,,2024-10-23,M,OTHER ADMINISTRATIVE ACTION,2025-03-14,,,,,2026-08-16
80HQTR25FA019,CONT_AWD_80HQTR25FA019_8000_80HQTR22AA005_8000,contract,2,P00001,,,2025-02-11,C,FUNDING ONLY ACTION,2026-06-25,,,,,2026-08-16
80HQTR25FA042,CONT_AWD_80HQTR25FA042_8000_80HQTR24DA009_8000,contract,4,P00003,,,2025-07-16,M,OTHER ADMINISTRATIVE ACTION,2026-01-14,,,,,2026-08-16
80JSC022CA012,CONT_AWD_80JSC022CA012_8000_-NONE-_-NONE-,contract,9,P00008,,,2022-08-25,M,OTHER ADMINISTRATIVE ACTION,2025-04-08,,,,,2026-08-16
80JSC024F0025,CONT_AWD_80JSC024F0025_8000_80JSC018A0012_8000,contract,10,P00009,,,2024-02-08,M,OTHER ADMINISTRATIVE ACTION,2025-05-21,,,,,2026-08-16
80JSC024F0086,CONT_AWD_80JSC024F0086_8000_80JSC020D0040_8000,contract,2,P00001,,,2024-09-18,M,OTHER ADMINISTRATIVE ACTION,2025-05-12,,,,,2026-08-16
80JSC024FA083,CONT_AWD_80JSC024FA083_8000_80JSC023AA001_8000,contract,3,P00002,,,2024-03-04,F,TERMINATE FOR CONVENIENCE (COMPLETE OR PARTIAL),2025-01-24,P00002,2025-01-24,,,2026-08-16
80JSC024FA088,CONT_AWD_80JSC024FA088_8000_80JSC023AA001_8000,contract,1,0,,,2024-03-13,,,2024-03-13,,,,,2026-08-16
80JSC024FA120,CONT_AWD_80JSC024FA120_8000_80JSC023AA001_8000,contract,4,P00003,M,OTHER ADMINISTRATIVE ACTION,2024-05-20,A,"ADDITIONAL WORK (NEW AGREEMENT, JUSTIFICATION REQUIRED)",2025-02-25,,,,,2026-08-16
80JSC024FA135,CONT_AWD_80JSC024FA135_8000_80JSC023AA001_8000,contract,3,P00002,,,2024-06-11,F,TERMINATE FOR CONVENIENCE (COMPLETE OR PARTIAL),2025-01-27,P00002,2025-01-27,,,2026-08-16
80JSC024FA190,CONT_AWD_80JSC024FA190_8000_80JSC023DA011_8000,contract,5,P00004,,,2024-09-04,D,CHANGE ORDER,2025-06-25,,,,,2026-08-16
80JSC025FA015,CONT_AWD_80JSC025FA015_8000_80JSC023AA001_8000,contract,4,P00003,,,2024-10-31,A,"ADDITIONAL WORK (NEW AGREEMENT, JUSTIFICATION REQUIRED)",2026-03-19,,,,,2026-08-16
80JSC025FA076,CONT_AWD_80JSC025FA076_8000_80JSC024AA029_8000,contract,18,P00017,M,OTHER ADMINISTRATIVE ACTION,2025-01-14,G,EXERCISE AN OPTION,2026-07-15,,,,,2026-08-16
80JSC025FA077,CONT_AWD_80JSC025FA077_8000_80JSC024AA029_8000,contract,28,P00027,,,2025-01-14,B,SUPPLEMENTAL AGREEMENT FOR WORK WITHIN SCOPE,2026-08-06,,,,,2026-08-16
80JSC026F0015,CONT_AWD_80JSC026F0015_8000_80JSC026G0003_8000,contract,2,P00001,,,2026-01-30,N,LEGAL CONTRACT CANCELLATION,2026-08-11,,,,,2026-08-16
80JSC026P0010,CONT_AWD_80JSC026P0010_8000_-NONE-_-NONE-,contract,3,P00002,,,2026-06-17,N,LEGAL CONTRACT CANCELLATION,2026-08-11,,,,,2026-08-16
80KSC019C0013,CONT_AWD_80KSC019C0013_8000_-NONE-_-NONE-,contract,181,P00180,,,2019-06-25,F,TERMINATE FOR CONVENIENCE (COMPLETE OR PARTIAL),2026-05-06,P00180,2026-05-06,,,2026-08-16
80KSC019F0128,CONT_AWD_80KSC019F0128_8000_80KSC019D0012_8000,contract,11,P00010,,,2019-04-26,M,OTHER ADMINISTRATIVE ACTION,2025-04-17,,,,,2026-08-16
80KSC020C0012,CONT_AWD_80KSC020C0012_8000_-NONE-_-NONE-,contract,33,P00032,,,2020-03-25,M,OTHER ADMINISTRATIVE ACTION,2026-06-15,,,,,2026-07-31
80KSC020D0016,CONT_IDV_80KSC020D0016_8000,idv,8,P00007,C,FUNDING ONLY ACTION,2020-09-25,F,TERMINATE FOR CONVENIENCE (COMPLETE OR PARTIAL),2025-04-08,P00007,2025-04-08,,,2026-08-16
80KSC020D0018,CONT_IDV_80KSC020D0018_8000,idv,10,P00009,,,2020-09-25,F,TERMINATE FOR CONVENIENCE (COMPLETE OR PARTIAL),2025-04-08,P00009,2025-04-08,,,2026-08-16
80KSC020F0042,CONT_AWD_80KSC020F0042_8000_80KSC019D0011_8000,contract,11,P00010,,,2020-06-22,K,CLOSE OUT,2026-05-19,,,P00010,2026-05-19,2026-08-16
80KSC020F0077,CONT_AWD_80KSC020F0077_8000_GS00F373GA_4732,contract,9,P00008,,,2020-07-13,M,OTHER ADMINISTRATIVE ACTION,2025-04-22,,,,,2026-08-16
80KSC020F0179,CONT_AWD_80KSC020F0179_8000_GS00P15BSD1124_4740,contract,47,P00046,,,2019-10-08,C,FUNDING ONLY ACTION,2025-09-05,,,,,2026-08-16
80KSC021A0007,CONT_IDV_80KSC021A0007_8000,idv,7,P00006,,,2021-05-07,F,TERMINATE FOR CONVENIENCE (COMPLETE OR PARTIAL),2025-03-21,P00006,2025-03-21,,,2026-08-16
80KSC024F0043,CONT_AWD_80KSC024F0043_8000_80KSC021A0007_8000,contract,5,P00004,,,2024-07-11,M,OTHER ADMINISTRATIVE ACTION,2025-04-10,,,,,2026-08-16
80KSC024F0044,CONT_AWD_80KSC024F0044_8000_80KSC021A0007_8000,contract,3,P00002,,,2024-07-11,M,OTHER ADMINISTRATIVE ACTION,2025-04-10,,,,,2026-08-16
80KSC024F0045,CONT_AWD_80KSC024F0045_8000_80KSC021A0007_8000,contract,3,P00002,,,2024-07-11,M,OTHER ADMINISTRATIVE ACTION,2025-04-22,,,,,2026-08-16
80KSC025FA049,CONT_AWD_80KSC025FA049_8000_80KSC022DA114_8000,contract,3,P00002,,,2025-06-02,B,SUPPLEMENTAL AGREEMENT FOR WORK WITHIN SCOPE,2026-07-06,,,,,2026-08-16
80LARC17C0001,CONT_AWD_80LARC17C0001_8000_-NONE-_-NONE-,contract,33,P00032,C,FUNDING ONLY ACTION,2017-06-22,C,FUNDING ONLY ACTION,2025-09-02,,,,,2026-07-31
80LARC19F0127,CONT_AWD_80LARC19F0127_8000_80LARC18C0003_8000,contract,4,P00003,,,2019-09-06,F,TERMINATE FOR CONVENIENCE (COMPLETE OR PARTIAL),2023-11-29,P00003,2023-11-29,,,2026-07-31
80LARC21F0083,CONT_AWD_80LARC21F0083_8000_80LARC20D0007_8000,contract,8,P00007,,,2021-03-17,B,SUPPLEMENTAL AGREEMENT FOR WORK WITHIN SCOPE,2025-08-04,,,,,2026-08-16
80LARC21F0153,CONT_AWD_80LARC21F0153_8000_80LARC20D0007_8000,contract,8,P00007,,,2021-09-10,B,SUPPLEMENTAL AGREEMENT FOR WORK WITHIN SCOPE,2025-09-22,,,,,2026-08-16
80LARC22FA010,CONT_AWD_80LARC22FA010_8000_80LARC21AA012_8000,contract,3,P00002,,,2022-04-19,M,OTHER ADMINISTRATIVE ACTION,2022-05-27,P00001,2022-05-24,,,2026-07-31
80LARC24F0039,CONT_AWD_80LARC24F0039_8000_80GSFC19D0011_8000,contract,3,P00002,,,2024-09-27,M,OTHER ADMINISTRATIVE ACTION,2026-03-17,P00001,2025-04-15,,,2026-08-16
80LARC25C0002,CONT_AWD_80LARC25C0002_8000_-NONE-_-NONE-,contract,5,P00004,,,2025-09-26,B,SUPPLEMENTAL AGREEMENT FOR WORK WITHIN SCOPE,2026-05-01,,,,,2026-08-16
80LARC25F7003,CONT_AWD_80LARC25F7003_8000_80GSFC19D0011_8000,contract,3,P00002,,,2024-12-13,M,OTHER ADMINISTRATIVE ACTION,2026-03-17,P00001,2025-04-15,,,2026-08-16
80LARC25F7010,CONT_AWD_80LARC25F7010_8000_80LARC18C0001_8000,contract,6,P00005,,,2024-11-06,B,SUPPLEMENTAL AGREEMENT FOR WORK WITHIN SCOPE,2026-05-21,,,,,2026-08-16
80LARC25F7011,CONT_AWD_80LARC25F7011_8000_80LARC20D0007_8000,contract,4,P00003,,,2024-11-19,M,OTHER ADMINISTRATIVE ACTION,2025-04-08,,,,,2026-08-16
80LARC25P0002,CONT_AWD_80LARC25P0002_8000_-NONE-_-NONE-,contract,2,P00001,,,2025-09-18,B,SUPPLEMENTAL AGREEMENT FOR WORK WITHIN SCOPE,2025-12-04,,,,,2026-08-16
80LARC26F7025,CONT_AWD_80LARC26F7025_8000_80GSFC19D0011_8000,contract,1,0,,,2026-05-12,,,2026-05-12,,,,,2026-08-05
80MSFC19C0042,CONT_AWD_80MSFC19C0042_8000_-NONE-_-NONE-,contract,47,P00046,,,2019-09-05,C,FUNDING ONLY ACTION,2026-07-23,,,,,2026-08-16
80MSFC20C0050,CONT_AWD_80MSFC20C0050_8000_-NONE-_-NONE-,contract,13,P00012,,,2020-09-11,M,OTHER ADMINISTRATIVE ACTION,2025-04-28,,,,,2026-08-16
80MSFC21C0010,CONT_AWD_80MSFC21C0010_8000_-NONE-_-NONE-,contract,44,P00043,,,2021-03-04,C,FUNDING ONLY ACTION,2026-07-14,P00042,2025-09-30,,,2026-08-16
80MSFC21CA001,CONT_AWD_80MSFC21CA001_8000_-NONE-_-NONE-,contract,20,P00019,,,2021-08-19,F,TERMINATE FOR CONVENIENCE (COMPLETE OR PARTIAL),2026-04-03,P00019,2026-04-03,,,2026-08-16
80MSFC22CA005,CONT_AWD_80MSFC22CA005_8000_-NONE-_-NONE-,contract,33,P00032,,,2022-03-01,F,TERMINATE FOR CONVENIENCE (COMPLETE OR PARTIAL),2025-09-30,P00032,2025-09-30,,,2026-08-16
80MSFC22F0153,CONT_AWD_80MSFC22F0153_8000_80MSFC20D0004_8000,contract,6,P00005,,,2022-07-15,C,FUNDING ONLY ACTION,2025-09-25,,,,,2026-08-16
80MSFC24CA008,CONT_AWD_80MSFC24CA008_8000_-NONE-_-NONE-,contract,13,P00012,,,2024-09-10,C,FUNDING ONLY ACTION,2026-08-11,,,,,2026-08-16
80MSFC24F0067,CONT_AWD_80MSFC24F0067_8000_80MSFC20D0004_8000,contract,4,P00003,,,2024-03-22,M,OTHER ADMINISTRATIVE ACTION,2025-04-21,,,,,2026-08-16
80NM0018F0566,CONT_AWD_80NM0018F0566_8000_80NM0018D0004_8000,contract,30,P00029,,,2018-07-20,M,OTHER ADMINISTRATIVE ACTION,2026-05-01,P00028,2026-04-30,,,2026-08-16
80NM0018F0669,CONT_AWD_80NM0018F0669_8000_80NM0018D0004_8000,contract,8,P00007,,,2018-07-27,M,OTHER ADMINISTRATIVE ACTION,2025-04-07,,,,,2026-08-16
80NM0019F0075,CONT_AWD_80NM0019F0075_8000_80NM0018D0004_8000,contract,10,P00009,,,2019-08-02,M,OTHER ADMINISTRATIVE ACTION,2026-06-17,P00007,2025-06-25,,,2026-08-16
80NM0022F0008,CONT_AWD_80NM0022F0008_8000_80NM0018D0004_8000,contract,14,P00013,,,2021-12-15,B,SUPPLEMENTAL AGREEMENT FOR WORK WITHIN SCOPE,2025-06-10,,,,,2026-08-16
80NM0024F0047,CONT_AWD_80NM0024F0047_8000_80NM0018D0004_8000,contract,5,P00004,,,2024-09-25,M,OTHER ADMINISTRATIVE ACTION,2026-04-13,P00003,2026-04-06,,,2026-08-16
80NSSC19K0326,ASST_NON_80NSSC19K0326_080,assistance,21,P00020,A,NEW,2019-04-02,B,CONTINUATION,2025-09-09,,,,,2026-08-16
80NSSC19K0748,ASST_NON_80NSSC19K0748_080,assistance,7,P00006,A,NEW,2019-07-02,B,CONTINUATION,2025-05-14,,,,,2026-08-16
80NSSC19K1666,ASST_NON_80NSSC19K1666_080,assistance,4,P00003,A,NEW,2019-09-27,D,ADJUSTMENT TO COMPLETED PROJECT,2025-08-05,,,P00003,2025-08-05,2026-08-16
80NSSC20K0737,ASST_NON_80NSSC20K0737_080,assistance,8,P00007,A,NEW,2020-03-24,D,ADJUSTMENT TO COMPLETED PROJECT,2025-01-23,,,P00007,2025-01-23,2026-07-31
80NSSC20K1485,ASST_NON_80NSSC20K1485_080,assistance,6,P00005,A,NEW,2020-09-25,D,ADJUSTMENT TO COMPLETED PROJECT,2025-05-13,,,P00005,2025-05-13,2026-08-16
80NSSC20P1795,CONT_AWD_80NSSC20P1795_8000_-NONE-_-NONE-,contract,7,P00008,,,2020-08-23,F,TERMINATE FOR CONVENIENCE (COMPLETE OR PARTIAL),2025-04-08,P00008,2025-04-08,,,2026-08-16
80NSSC21K0418,ASST_NON_80NSSC21K0418_080,assistance,8,P00007,A,NEW,2021-01-21,D,ADJUSTMENT TO COMPLETED PROJECT,2025-12-09,,,P00007,2025-12-09,2026-07-31
80NSSC21K0446,ASST_NON_80NSSC21K0446_080,assistance,15,P00014,A,NEW,2021-03-03,D,ADJUSTMENT TO COMPLETED PROJECT,2026-06-10,,,P00014,2026-06-10,2026-08-16
80NSSC21K0620,ASST_NON_80NSSC21K0620_080,assistance,6,P00005,A,NEW,2021-03-03,D,ADJUSTMENT TO COMPLETED PROJECT,2026-02-12,,,P00005,2026-02-12,2026-08-16
80NSSC21K1069,ASST_NON_80NSSC21K1069_080,assistance,6,P00005,A,NEW,2021-08-26,D,ADJUSTMENT TO COMPLETED PROJECT,2026-06-16,,,P00005,2026-06-16,2026-07-31
80NSSC21K1112,ASST_NON_80NSSC21K1112_080,assistance,9,P00008,A,NEW,2021-08-23,D,ADJUSTMENT TO COMPLETED PROJECT,2025-04-22,,,P00008,2025-04-22,2026-08-16
80NSSC21K1248,ASST_NON_80NSSC21K1248_080,assistance,8,P00007,A,NEW,2021-07-09,D,ADJUSTMENT TO COMPLETED PROJECT,2025-12-01,,,P00007,2025-12-01,2026-07-31
80NSSC21K1255,ASST_NON_80NSSC21K1255_080,assistance,7,P00006,A,NEW,2021-07-07,D,ADJUSTMENT TO COMPLETED PROJECT,2025-07-21,,,P00006,2025-07-21,2026-07-31
80NSSC21K1267,ASST_NON_80NSSC21K1267_080,assistance,6,P00005,A,NEW,2021-07-16,D,ADJUSTMENT TO COMPLETED PROJECT,2025-04-01,,,P00005,2025-04-01,2026-07-31
80NSSC21K1274,ASST_NON_80NSSC21K1274_080,assistance,6,P00005,A,NEW,2021-07-15,D,ADJUSTMENT TO COMPLETED PROJECT,2025-05-01,,,P00005,2025-05-01,2026-07-31
80NSSC21K1278,ASST_NON_80NSSC21K1278_080,assistance,7,P00006,A,NEW,2021-07-15,D,ADJUSTMENT TO COMPLETED PROJECT,2026-02-12,,,P00006,2026-02-12,2026-08-16
80NSSC21K1280,ASST_NON_80NSSC21K1280_080,assistance,7,P00006,A,NEW,2021-07-15,D,ADJUSTMENT TO COMPLETED PROJECT,2025-07-08,,,P00006,2025-07-08,2026-07-31
80NSSC21K1281,ASST_NON_80NSSC21K1281_080,assistance,6,P00005,A,NEW,2021-07-15,D,ADJUSTMENT TO COMPLETED PROJECT,2026-02-12,,,P00005,2026-02-12,2026-08-16
80NSSC21K1284,ASST_NON_80NSSC21K1284_080,assistance,6,P00005,A,NEW,2021-07-16,D,ADJUSTMENT TO COMPLETED PROJECT,2025-04-28,,,P00005,2025-04-28,2026-07-31
80NSSC21K1288,ASST_NON_80NSSC21K1288_080,assistance,7,P00006,A,NEW,2021-07-14,B,CONTINUATION,2025-08-12,,,,,2026-08-16
80NSSC21K1301,ASST_NON_80NSSC21K1301_080,assistance,8,P00007,A,NEW,2021-07-15,D,ADJUSTMENT TO COMPLETED PROJECT,2025-09-26,,,P00007,2025-09-26,2026-07-31
80NSSC21K1443,ASST_NON_80NSSC21K1443_080,assistance,7,P00006,A,NEW,2021-08-21,D,ADJUSTMENT TO COMPLETED PROJECT,2026-07-06,,,P00006,2026-07-06,2026-08-16
80NSSC21K1488,ASST_NON_80NSSC21K1488_080,assistance,6,P00005,A,NEW,2021-09-02,D,ADJUSTMENT TO COMPLETED PROJECT,2025-06-17,,,P00005,2025-06-17,2026-08-16
80NSSC21K1667,ASST_NON_80NSSC21K1667_080,assistance,10,P00009,A,NEW,2021-08-11,D,ADJUSTMENT TO COMPLETED PROJECT,2025-12-19,,,P00009,2025-12-19,2026-08-16
80NSSC21K1957,ASST_NON_80NSSC21K1957_080,assistance,7,P00006,A,NEW,2021-09-29,B,CONTINUATION,2026-06-09,,,,,2026-07-31
80NSSC21M0002,ASST_NON_80NSSC21M0002_080,assistance,14,P00013,A,NEW,2020-12-04,B,CONTINUATION,2026-06-24,,,,,2026-07-31
80NSSC21M0003,ASST_NON_80NSSC21M0003_080,assistance,12,P00011,A,NEW,2020-11-16,D,ADJUSTMENT TO COMPLETED PROJECT,2025-08-27,,,P00011,2025-08-27,2026-08-16
80NSSC21M0005,ASST_NON_80NSSC21M0005_080,assistance,9,P00008,A,NEW,2020-12-01,D,ADJUSTMENT TO COMPLETED PROJECT,2025-07-22,,,P00008,2025-07-22,2026-08-16
80NSSC21P1879,CONT_AWD_80NSSC21P1879_8000_-NONE-_-NONE-,contract,11,P00010,,,2020-10-07,M,OTHER ADMINISTRATIVE ACTION,2025-07-18,,,,,2026-07-31
80NSSC22K0223,ASST_NON_80NSSC22K0223_080,assistance,7,P00006,A,NEW,2022-02-01,D,ADJUSTMENT TO COMPLETED PROJECT,2025-08-27,,,P00006,2025-08-27,2026-08-16
80NSSC22K0532,ASST_NON_80NSSC22K0532_080,assistance,5,P00004,A,NEW,2022-02-09,D,ADJUSTMENT TO COMPLETED PROJECT,2025-01-23,,,P00004,2025-01-23,2026-07-31
80NSSC22K0668,ASST_NON_80NSSC22K0668_080,assistance,6,P00005,A,NEW,2022-03-08,D,ADJUSTMENT TO COMPLETED PROJECT,2025-09-09,,,P00005,2025-09-09,2026-08-16
80NSSC22K0674,ASST_NON_80NSSC22K0674_080,assistance,4,P00003,A,NEW,2022-04-11,D,ADJUSTMENT TO COMPLETED PROJECT,2025-04-22,,,P00003,2025-04-22,2026-08-16
80NSSC22K0999,ASST_NON_80NSSC22K0999_080,assistance,9,P00008,A,NEW,2022-07-01,B,CONTINUATION,2026-04-30,,,,,2026-07-31
80NSSC22K1051,ASST_NON_80NSSC22K1051_080,assistance,5,P00004,A,NEW,2022-06-07,D,ADJUSTMENT TO COMPLETED PROJECT,2026-03-18,,,P00004,2026-03-18,2026-08-16
80NSSC22K1174,ASST_NON_80NSSC22K1174_080,assistance,5,P00004,A,NEW,2022-07-07,D,ADJUSTMENT TO COMPLETED PROJECT,2026-07-13,,,P00004,2026-07-13,2026-08-16
80NSSC22K1186,ASST_NON_80NSSC22K1186_080,assistance,5,P00004,A,NEW,2022-07-14,D,ADJUSTMENT TO COMPLETED PROJECT,2026-04-30,,,P00004,2026-04-30,2026-08-16
80NSSC22K1191,ASST_NON_80NSSC22K1191_080,assistance,5,P00004,A,NEW,2022-07-14,D,ADJUSTMENT TO COMPLETED PROJECT,2026-07-13,,,P00004,2026-07-13,2026-07-31
80NSSC22K1201,ASST_NON_80NSSC22K1201_080,assistance,5,P00004,A,NEW,2022-07-14,D,ADJUSTMENT TO COMPLETED PROJECT,2026-07-01,,,P00004,2026-07-01,2026-08-16
80NSSC22K1414,ASST_NON_80NSSC22K1414_080,assistance,5,P00004,A,NEW,2022-08-16,D,ADJUSTMENT TO COMPLETED PROJECT,2025-02-10,,,P00004,2025-02-10,2026-08-16
80NSSC22K1658,ASST_NON_80NSSC22K1658_080,assistance,4,P00003,A,NEW,2022-09-21,B,CONTINUATION,2025-03-21,,,,,2026-08-16
80NSSC22K1673,ASST_NON_80NSSC22K1673_080,assistance,4,P00003,A,NEW,2022-08-19,B,CONTINUATION,2025-03-21,,,,,2026-08-16
80NSSC22K1675,ASST_NON_80NSSC22K1675_080,assistance,4,P00003,A,NEW,2022-09-01,B,CONTINUATION,2025-03-21,,,,,2026-08-16
80NSSC22K1681,ASST_NON_80NSSC22K1681_080,assistance,6,P00005,A,NEW,2022-09-07,D,ADJUSTMENT TO COMPLETED PROJECT,2025-09-10,,,P00005,2025-09-10,2026-08-16
80NSSC22M0122,ASST_NON_80NSSC22M0122_080,assistance,7,P00006,A,NEW,2022-08-11,B,CONTINUATION,2025-09-23,,,,,2026-07-31
80NSSC22PA482,CONT_AWD_80NSSC22PA482_8000_-NONE-_-NONE-,contract,7,P00006,,,2022-04-08,F,TERMINATE FOR CONVENIENCE (COMPLETE OR PARTIAL),2025-04-08,P00006,2025-04-08,,,2026-08-16
80NSSC22PB703,CONT_AWD_80NSSC22PB703_8000_-NONE-_-NONE-,contract,4,P00003,,,2022-08-02,F,TERMINATE FOR CONVENIENCE (COMPLETE OR PARTIAL),2025-03-24,P00003,2025-03-24,,,2026-08-16
80NSSC23AA019,CONT_IDV_80NSSC23AA019_8000,idv,2,P00001,,,2023-06-30,F,TERMINATE FOR CONVENIENCE (COMPLETE OR PARTIAL),2025-03-18,P00001,2025-03-18,,,2026-08-16
80NSSC23F0002,CONT_AWD_80NSSC23F0002_8000_NNG15SD22B_8000,contract,2,P00001,,,2022-10-06,F,TERMINATE FOR CONVENIENCE (COMPLETE OR PARTIAL),2025-04-21,P00001,2025-04-21,,,2026-08-16
80NSSC23FA107,CONT_AWD_80NSSC23FA107_8000_80NSSC22DA010_8000,contract,94,P00092,,,2022-12-16,C,FUNDING ONLY ACTION,2026-08-05,,,,,2026-08-16
80NSSC23FA267,CONT_AWD_80NSSC23FA267_8000_80NSSC23AA003_8000,contract,7,P00006,,,2023-03-28,G,EXERCISE AN OPTION,2026-03-31,,,,,2026-08-16
80NSSC23FA279,CONT_AWD_80NSSC23FA279_8000_GS10F0331M_4730,contract,4,P00003,,,2023-03-07,F,TERMINATE FOR CONVENIENCE (COMPLETE OR PARTIAL),2025-02-20,P00003,2025-02-20,,,2026-08-16
80NSSC23FA528,CONT_AWD_80NSSC23FA528_8000_80NSSC23DA001_8000,contract,8,P00007,,,2023-06-13,F,TERMINATE FOR CONVENIENCE (COMPLETE OR PARTIAL),2025-04-23,P00007,2025-04-23,,,2026-08-16
80NSSC23FB052,CONT_AWD_80NSSC23FB052_8000_80NSSC23DA002_8000,contract,18,P00017,,,2023-09-07,F,TERMINATE FOR CONVENIENCE (COMPLETE OR PARTIAL),2026-02-10,P00017,2026-02-10,,,2026-08-16
80NSSC23K0028,ASST_NON_80NSSC23K0028_080,assistance,4,P00003,A,NEW,2022-10-17,D,ADJUSTMENT TO COMPLETED PROJECT,2026-06-03,,,P00003,2026-06-03,2026-08-16
80NSSC23K0033,ASST_NON_80NSSC23K0033_080,assistance,4,P00003,A,NEW,2022-10-20,D,ADJUSTMENT TO COMPLETED PROJECT,2025-02-19,,,P00003,2025-02-19,2026-08-16
80NSSC23K0037,ASST_NON_80NSSC23K0037_080,assistance,5,P00004,A,NEW,2022-10-27,D,ADJUSTMENT TO COMPLETED PROJECT,2026-03-03,,,P00004,2026-03-03,2026-08-16
80NSSC23K0183,ASST_NON_80NSSC23K0183_080,assistance,3,P00002,A,NEW,2023-01-06,D,ADJUSTMENT TO COMPLETED PROJECT,2025-12-05,,,P00002,2025-12-05,2026-07-31
80NSSC23K0241,ASST_NON_80NSSC23K0241_080,assistance,5,P00004,A,NEW,2022-12-13,D,ADJUSTMENT TO COMPLETED PROJECT,2026-03-10,,,P00004,2026-03-10,2026-08-16
80NSSC23K0309,ASST_NON_80NSSC23K0309_080,assistance,7,P00006,A,NEW,2023-01-06,B,CONTINUATION,2025-12-29,,,P00002,2023-09-24,2026-07-31
80NSSC23K0466,ASST_NON_80NSSC23K0466_080,assistance,2,P00001,A,NEW,2023-05-01,D,ADJUSTMENT TO COMPLETED PROJECT,2025-03-04,,,P00001,2025-03-04,2026-08-16
80NSSC23K0584,ASST_NON_80NSSC23K0584_080,assistance,5,P00004,A,NEW,2023-03-08,D,ADJUSTMENT TO COMPLETED PROJECT,2026-01-06,,,P00004,2026-01-06,2026-08-16
80NSSC23K0600,ASST_NON_80NSSC23K0600_080,assistance,2,P00001,A,NEW,2023-04-13,D,ADJUSTMENT TO COMPLETED PROJECT,2026-02-02,,,P00001,2026-02-02,2026-08-16
80NSSC23K0787,ASST_NON_80NSSC23K0787_080,assistance,3,P00002,A,NEW,2023-04-25,D,ADJUSTMENT TO COMPLETED PROJECT,2025-02-25,,,P00002,2025-02-25,2026-08-16
80NSSC23K0815,ASST_NON_80NSSC23K0815_080,assistance,9,P00008,A,NEW,2023-06-02,B,CONTINUATION,2026-04-30,,,,,2026-07-31
80NSSC23K0833,ASST_NON_80NSSC23K0833_080,assistance,2,P00001,A,NEW,2023-05-17,D,ADJUSTMENT TO COMPLETED PROJECT,2025-05-06,,,P00001,2025-05-06,2026-08-16
80NSSC23K0935,ASST_NON_80NSSC23K0935_080,assistance,3,P00002,A,NEW,2023-06-15,D,ADJUSTMENT TO COMPLETED PROJECT,2025-08-26,,,P00002,2025-08-26,2026-08-16
80NSSC23K0983,ASST_NON_80NSSC23K0983_080,assistance,6,P00005,A,NEW,2023-06-29,B,CONTINUATION,2026-05-27,,,,,2026-07-31
80NSSC23K1055,ASST_NON_80NSSC23K1055_080,assistance,5,P00004,A,NEW,2023-06-28,D,ADJUSTMENT TO COMPLETED PROJECT,2026-02-17,,,P00004,2026-02-17,2026-08-16
80NSSC23K1058,ASST_NON_80NSSC23K1058_080,assistance,6,P00005,A,NEW,2023-07-26,B,CONTINUATION,2025-11-26,,,P00003,2025-05-27,2026-08-16
80NSSC23K1064,ASST_NON_80NSSC23K1064_080,assistance,4,P00003,A,NEW,2023-07-07,D,ADJUSTMENT TO COMPLETED PROJECT,2026-02-02,,,P00003,2026-02-02,2026-08-16
80NSSC23K1130,ASST_NON_80NSSC23K1130_080,assistance,7,P00006,A,NEW,2023-07-03,D,ADJUSTMENT TO COMPLETED PROJECT,2026-06-25,,,P00006,2026-06-25,2026-07-31
80NSSC23K1164,ASST_NON_80NSSC23K1164_080,assistance,4,P00003,A,NEW,2023-08-22,D,ADJUSTMENT TO COMPLETED PROJECT,2025-02-26,,,P00003,2025-02-26,2026-08-16
80NSSC23K1175,ASST_NON_80NSSC23K1175_080,assistance,4,P00003,A,NEW,2023-07-19,D,ADJUSTMENT TO COMPLETED PROJECT,2026-05-19,,,P00003,2026-05-19,2026-08-16
80NSSC23K1200,ASST_NON_80NSSC23K1200_080,assistance,4,P00003,A,NEW,2023-07-27,D,ADJUSTMENT TO COMPLETED PROJECT,2026-05-04,,,P00003,2026-05-04,2026-08-16
80NSSC23K1211,ASST_NON_80NSSC23K1211_080,assistance,3,P00002,A,NEW,2023-07-31,D,ADJUSTMENT TO COMPLETED PROJECT,2025-02-11,,,P00002,2025-02-11,2026-08-16
80NSSC23K1223,ASST_NON_80NSSC23K1223_080,assistance,4,P00003,A,NEW,2023-07-28,D,ADJUSTMENT TO COMPLETED PROJECT,2026-07-09,,,P00003,2026-07-09,2026-08-16
80NSSC23K1228,ASST_NON_80NSSC23K1228_080,assistance,3,P00002,A,NEW,2023-08-03,D,ADJUSTMENT TO COMPLETED PROJECT,2025-05-06,,,P00002,2025-05-06,2026-08-16
80NSSC23K1269,ASST_NON_80NSSC23K1269_080,assistance,2,P00001,A,NEW,2023-07-28,D,ADJUSTMENT TO COMPLETED PROJECT,2025-02-11,,,P00001,2025-02-11,2026-08-16
80NSSC23K1293,ASST_NON_80NSSC23K1293_080,assistance,2,P00001,A,NEW,2023-09-25,D,ADJUSTMENT TO COMPLETED PROJECT,2025-06-09,,,P00001,2025-06-09,2026-08-16
80NSSC23K1300,ASST_NON_80NSSC23K1300_080,assistance,2,P00001,A,NEW,2023-08-11,D,ADJUSTMENT TO COMPLETED PROJECT,2025-05-13,,,P00001,2025-05-13,2026-08-16
80NSSC23K1330,ASST_NON_80NSSC23K1330_080,assistance,3,P00002,A,NEW,2023-08-22,D,ADJUSTMENT TO COMPLETED PROJECT,2025-03-10,,,P00002,2025-03-10,2026-08-16
80NSSC23K1348,ASST_NON_80NSSC23K1348_080,assistance,3,P00002,A,NEW,2023-08-30,B,CONTINUATION,2025-04-08,,,,,2026-07-31
80NSSC23K1372,ASST_NON_80NSSC23K1372_080,assistance,5,P00004,A,NEW,2023-08-23,D,ADJUSTMENT TO COMPLETED PROJECT,2026-06-05,,,P00004,2026-06-05,2026-08-16
80NSSC23K1391,ASST_NON_80NSSC23K1391_080,assistance,4,P00003,A,NEW,2023-08-29,D,ADJUSTMENT TO COMPLETED PROJECT,2026-04-19,,,P00003,2026-04-19,2026-08-16
80NSSC23K1430,ASST_NON_80NSSC23K1430_080,assistance,6,P00005,A,NEW,2023-09-28,B,CONTINUATION,2026-05-21,,,,,2026-08-02
80NSSC23K1435,ASST_NON_80NSSC23K1435_080,assistance,3,P00002,A,NEW,2023-09-05,D,ADJUSTMENT TO COMPLETED PROJECT,2026-05-26,,,P00002,2026-05-26,2026-08-16
80NSSC23K1496,ASST_NON_80NSSC23K1496_080,assistance,5,P00004,A,NEW,2023-09-26,D,ADJUSTMENT TO COMPLETED PROJECT,2025-09-29,,,P00004,2025-09-29,2026-08-16
80NSSC23K1549,ASST_NON_80NSSC23K1549_080,assistance,5,P00004,A,NEW,2023-09-13,D,ADJUSTMENT TO COMPLETED PROJECT,2026-07-30,,,P00004,2026-07-30,2026-08-16
80NSSC23K1585,ASST_NON_80NSSC23K1585_080,assistance,3,P00002,A,NEW,2023-09-15,D,ADJUSTMENT TO COMPLETED PROJECT,2026-02-17,,,P00002,2026-02-17,2026-08-16
80NSSC23K1592,ASST_NON_80NSSC23K1592_080,assistance,2,P00001,A,NEW,2023-09-11,D,ADJUSTMENT TO COMPLETED PROJECT,2025-06-11,,,P00001,2025-06-11,2026-08-16
80NSSC23M0020,ASST_NON_80NSSC23M0020_080,assistance,5,P00004,A,NEW,2023-01-26,B,CONTINUATION,2025-05-14,,,,,2026-08-16
80NSSC23M0024,ASST_NON_80NSSC23M0024_080,assistance,5,P00004,A,NEW,2023-01-26,D,ADJUSTMENT TO COMPLETED PROJECT,2026-03-26,,,P00004,2026-03-26,2026-08-16
80NSSC23M0119,ASST_NON_80NSSC23M0119_080,assistance,4,P00003,A,NEW,2023-08-28,D,ADJUSTMENT TO COMPLETED PROJECT,2025-06-09,,,P00003,2025-06-09,2026-08-16
80NSSC23M0120,ASST_NON_80NSSC23M0120_080,assistance,4,P00003,A,NEW,2023-08-31,D,ADJUSTMENT TO COMPLETED PROJECT,2026-07-06,,,P00003,2026-07-06,2026-08-16
80NSSC23M0123,ASST_NON_80NSSC23M0123_080,assistance,3,P00002,A,NEW,2023-08-28,B,CONTINUATION,2025-06-09,,,,,2026-08-16
80NSSC23M0124,ASST_NON_80NSSC23M0124_080,assistance,4,P00003,A,NEW,2023-08-28,D,ADJUSTMENT TO COMPLETED PROJECT,2026-07-01,,,P00003,2026-07-01,2026-08-16
80NSSC23M0125,ASST_NON_80NSSC23M0125_080,assistance,4,P00003,A,NEW,2023-08-29,D,ADJUSTMENT TO COMPLETED PROJECT,2026-06-25,,,P00003,2026-06-25,2026-08-16
80NSSC23M0126,ASST_NON_80NSSC23M0126_080,assistance,3,P00002,A,NEW,2023-08-31,B,CONTINUATION,2025-06-09,,,,,2026-08-16
80NSSC23M0127,ASST_NON_80NSSC23M0127_080,assistance,3,P00002,A,NEW,2023-08-25,B,CONTINUATION,2025-06-09,,,,,2026-08-16
80NSSC23PA010,CONT_AWD_80NSSC23PA010_8000_-NONE-_-NONE-,contract,5,P00004,,,2022-10-06,F,TERMINATE FOR CONVENIENCE (COMPLETE OR PARTIAL),2025-04-08,P00004,2025-04-08,,,2026-08-16
80NSSC23PB058,CONT_AWD_80NSSC23PB058_8000_-NONE-_-NONE-,contract,3,P00002,,,2023-05-15,F,TERMINATE FOR CONVENIENCE (COMPLETE OR PARTIAL),2025-04-08,P00002,2025-04-08,,,2026-08-16
80NSSC23PB368,CONT_AWD_80NSSC23PB368_8000_-NONE-_-NONE-,contract,2,P00001,,,2023-09-22,F,TERMINATE FOR CONVENIENCE (COMPLETE OR PARTIAL),2025-03-06,P00001,2025-03-06,,,2026-08-16
80NSSC24AA010,CONT_IDV_80NSSC24AA010_8000,idv,5,P00004,,,2024-01-30,F,TERMINATE FOR CONVENIENCE (COMPLETE OR PARTIAL),2026-05-21,P00004,2026-05-21,,,2026-08-16
80NSSC24AA011,CONT_IDV_80NSSC24AA011_8000,idv,5,P00004,,,2024-01-30,F,TERMINATE FOR CONVENIENCE (COMPLETE OR PARTIAL),2025-03-13,P00004,2025-03-13,,,2026-08-16
80NSSC24AA012,CONT_IDV_80NSSC24AA012_8000,idv,5,P00004,,,2024-01-30,F,TERMINATE FOR CONVENIENCE (COMPLETE OR PARTIAL),2025-03-13,P00004,2025-03-13,,,2026-08-16
80NSSC24AA013,CONT_IDV_80NSSC24AA013_8000,idv,5,P00004,,,2024-01-30,F,TERMINATE FOR CONVENIENCE (COMPLETE OR PARTIAL),2025-03-13,P00004,2025-03-13,,,2026-08-16
80NSSC24AA014,CONT_IDV_80NSSC24AA014_8000,idv,5,P00004,,,2024-01-30,F,TERMINATE FOR CONVENIENCE (COMPLETE OR PARTIAL),2025-06-09,P00004,2025-06-09,,,2026-08-16
80NSSC24AA015,CONT_IDV_80NSSC24AA015_8000,idv,5,P00004,,,2024-01-30,F,TERMINATE FOR CONVENIENCE (COMPLETE OR PARTIAL),2025-03-13,P00004,2025-03-13,,,2026-08-16
80NSSC24CA161,CONT_AWD_80NSSC24CA161_8000_-NONE-_-NONE-,contract,2,P00002,,,2024-08-08,E,TERMINATE FOR DEFAULT (COMPLETE OR PARTIAL),2025-03-11,P00002,2025-03-11,,,2026-08-16
80NSSC24FA260,CONT_AWD_80NSSC24FA260_8000_NNG15SC39B_8000,contract,1,0,,,2024-02-05,,,2024-02-05,,,,,2026-08-16
80NSSC24FA447,CONT_AWD_80NSSC24FA447_8000_80NSSC23DA003_8000,contract,6,P00005,,,2024-04-15,M,OTHER ADMINISTRATIVE ACTION,2026-06-08,,,,,2026-08-16
80NSSC24FA558,CONT_AWD_80NSSC24FA558_8000_NNG15SD25B_8000,contract,2,P00001,,,2024-05-09,F,TERMINATE FOR CONVENIENCE (COMPLETE OR PARTIAL),2025-04-16,P00001,2025-04-16,,,2026-08-16
80NSSC24FA979,CONT_AWD_80NSSC24FA979_8000_80NSSC24AA010_8000,contract,5,P00004,,,2024-07-30,M,OTHER ADMINISTRATIVE ACTION,2025-09-12,P00003,2025-03-27,,,2026-08-16
80NSSC24K0113,ASST_NON_80NSSC24K0113_080,assistance,5,P00004,A,NEW,2023-12-06,D,ADJUSTMENT TO COMPLETED PROJECT,2026-05-12,,,P00004,2026-05-12,2026-08-16
80NSSC24K0114,ASST_NON_80NSSC24K0114_080,assistance,4,P00003,A,NEW,2023-11-16,D,ADJUSTMENT TO COMPLETED PROJECT,2026-03-20,,,P00003,2026-03-20,2026-08-16
80NSSC24K0115,ASST_NON_80NSSC24K0115_080,assistance,4,P00003,A,NEW,2023-11-29,D,ADJUSTMENT TO COMPLETED PROJECT,2025-09-25,,,P00003,2025-09-25,2026-08-16
80NSSC24K0157,ASST_NON_80NSSC24K0157_080,assistance,3,P00002,A,NEW,2023-11-09,D,ADJUSTMENT TO COMPLETED PROJECT,2026-04-14,,,P00002,2026-04-14,2026-08-16
80NSSC24K0176,ASST_NON_80NSSC24K0176_080,assistance,5,P00004,A,NEW,2023-11-22,D,ADJUSTMENT TO COMPLETED PROJECT,2025-08-12,,,P00004,2025-08-12,2026-08-16
80NSSC24K0177,ASST_NON_80NSSC24K0177_080,assistance,5,P00004,A,NEW,2023-11-30,D,ADJUSTMENT TO COMPLETED PROJECT,2026-03-11,,,P00004,2026-03-11,2026-08-16
80NSSC24K0178,ASST_NON_80NSSC24K0178_080,assistance,4,P00003,A,NEW,2024-01-03,D,ADJUSTMENT TO COMPLETED PROJECT,2025-08-12,,,P00003,2025-08-12,2026-08-16
80NSSC24K0343,ASST_NON_80NSSC24K0343_080,assistance,3,P00002,A,NEW,2024-02-21,D,ADJUSTMENT TO COMPLETED PROJECT,2026-05-05,,,P00002,2026-05-05,2026-08-16
80NSSC24K0373,ASST_NON_80NSSC24K0373_080,assistance,3,P00002,A,NEW,2024-03-20,D,ADJUSTMENT TO COMPLETED PROJECT,2025-09-16,,,P00002,2025-09-16,2026-08-16
80NSSC24K0482,ASST_NON_80NSSC24K0482_080,assistance,5,P00004,A,NEW,2024-02-02,B,CONTINUATION,2025-09-12,,,P00003,2025-05-23,2026-08-16
80NSSC24K0503,ASST_NON_80NSSC24K0503_080,assistance,5,P00004,A,NEW,2024-02-16,D,ADJUSTMENT TO COMPLETED PROJECT,2026-03-03,,,P00004,2026-03-03,2026-08-16
80NSSC24K0520,ASST_NON_80NSSC24K0520_080,assistance,3,P00002,A,NEW,2024-06-28,D,ADJUSTMENT TO COMPLETED PROJECT,2025-08-15,,,P00002,2025-08-15,2026-08-16
80NSSC24K0540,ASST_NON_80NSSC24K0540_080,assistance,6,P00005,A,NEW,2024-02-02,D,ADJUSTMENT TO COMPLETED PROJECT,2026-03-10,,,P00005,2026-03-10,2026-08-16
80NSSC24K0632,ASST_NON_80NSSC24K0632_080,assistance,3,P00002,A,NEW,2024-02-26,D,ADJUSTMENT TO COMPLETED PROJECT,2026-02-11,,,P00002,2026-02-11,2026-08-16
80NSSC24K0677,ASST_NON_80NSSC24K0677_080,assistance,4,P00003,A,NEW,2024-03-01,D,ADJUSTMENT TO COMPLETED PROJECT,2026-03-19,,,P00003,2026-03-19,2026-08-16
80NSSC24K0763,ASST_NON_80NSSC24K0763_080,assistance,3,P00002,A,NEW,2024-03-26,D,ADJUSTMENT TO COMPLETED PROJECT,2026-06-10,,,P00002,2026-06-10,2026-08-16
80NSSC24K0840,ASST_NON_80NSSC24K0840_080,assistance,3,P00002,A,NEW,2024-04-25,B,CONTINUATION,2026-01-07,,,,,2026-07-31
80NSSC24K0874,ASST_NON_80NSSC24K0874_080,assistance,3,P00002,A,NEW,2024-04-25,D,ADJUSTMENT TO COMPLETED PROJECT,2026-01-26,,,P00002,2026-01-26,2026-08-16
80NSSC24K0890,ASST_NON_80NSSC24K0890_080,assistance,4,P00003,A,NEW,2024-08-06,B,CONTINUATION,2026-05-13,,,P00002,2025-06-10,2026-08-16
80NSSC24K0892,ASST_NON_80NSSC24K0892_080,assistance,3,P00002,A,NEW,2024-08-05,D,ADJUSTMENT TO COMPLETED PROJECT,2025-08-14,,,P00002,2025-08-14,2026-08-16
80NSSC24K0913,ASST_NON_80NSSC24K0913_080,assistance,4,P00003,A,NEW,2024-06-06,D,ADJUSTMENT TO COMPLETED PROJECT,2026-04-30,,,P00003,2026-04-30,2026-08-16
80NSSC24K0927,ASST_NON_80NSSC24K0927_080,assistance,2,P00001,A,NEW,2024-05-09,D,ADJUSTMENT TO COMPLETED PROJECT,2026-01-20,,,P00001,2026-01-20,2026-08-16
80NSSC24K0944,ASST_NON_80NSSC24K0944_080,assistance,2,P00001,A,NEW,2024-06-20,B,CONTINUATION,2025-03-21,,,,,2026-08-16
80NSSC24K0966,ASST_NON_80NSSC24K0966_080,assistance,1,0,A,NEW,2024-06-14,A,NEW,2024-06-14,,,,,2026-07-31
80NSSC24K1087,ASST_NON_80NSSC24K1087_080,assistance,3,P00002,A,NEW,2024-07-22,D,ADJUSTMENT TO COMPLETED PROJECT,2026-06-03,,,P00002,2026-06-03,2026-08-16
80NSSC24K1193,ASST_NON_80NSSC24K1193_080,assistance,3,P00002,A,NEW,2024-07-30,D,ADJUSTMENT TO COMPLETED PROJECT,2025-09-25,,,P00002,2025-09-25,2026-08-16
80NSSC24K1232,ASST_NON_80NSSC24K1232_080,assistance,3,P00002,A,NEW,2024-07-23,D,ADJUSTMENT TO COMPLETED PROJECT,2025-08-12,,,P00002,2025-08-12,2026-08-16
80NSSC24K1264,ASST_NON_80NSSC24K1264_080,assistance,4,P00003,A,NEW,2024-07-11,D,ADJUSTMENT TO COMPLETED PROJECT,2026-03-11,,,P00003,2026-03-11,2026-08-16
80NSSC24K1345,ASST_NON_80NSSC24K1345_080,assistance,3,P00002,A,NEW,2024-07-15,D,ADJUSTMENT TO COMPLETED PROJECT,2026-04-30,,,P00002,2026-04-30,2026-08-16
80NSSC24K1357,ASST_NON_80NSSC24K1357_080,assistance,3,P00002,A,NEW,2024-08-01,D,ADJUSTMENT TO COMPLETED PROJECT,2026-07-17,,,P00002,2026-07-17,2026-08-16
80NSSC24K1472,ASST_NON_80NSSC24K1472_080,assistance,5,P00004,A,NEW,2024-09-06,D,ADJUSTMENT TO COMPLETED PROJECT,2026-07-15,,,P00004,2026-07-15,2026-08-16
80NSSC24K1612,ASST_NON_80NSSC24K1612_080,assistance,3,P00002,A,NEW,2024-09-05,D,ADJUSTMENT TO COMPLETED PROJECT,2026-03-11,,,P00002,2026-03-11,2026-08-16
80NSSC24K1845,ASST_NON_80NSSC24K1845_080,assistance,5,P00004,A,NEW,2024-09-12,D,ADJUSTMENT TO COMPLETED PROJECT,2026-03-20,,,P00004,2026-03-20,2026-08-16
80NSSC24K1854,ASST_NON_80NSSC24K1854_080,assistance,3,P00002,A,NEW,2024-09-17,D,ADJUSTMENT TO COMPLETED PROJECT,2026-03-18,,,P00002,2026-03-18,2026-08-16
80NSSC24K1913,ASST_NON_80NSSC24K1913_080,assistance,4,P00003,A,NEW,2024-09-06,B,CONTINUATION,2025-09-09,,,,,2026-08-16
80NSSC24M0190,ASST_NON_80NSSC24M0190_080,assistance,5,P00004,A,NEW,2024-08-14,B,CONTINUATION,2026-07-06,,,,,2026-07-31
80NSSC24M0193,ASST_NON_80NSSC24M0193_080,assistance,5,P00004,A,NEW,2024-09-16,D,ADJUSTMENT TO COMPLETED PROJECT,2025-08-12,,,P00004,2025-08-12,2026-08-16
80NSSC24M0209,ASST_NON_80NSSC24M0209_080,assistance,6,P00005,A,NEW,2024-09-27,B,CONTINUATION,2026-07-28,,,P00002,2025-07-21,2026-08-16
80NSSC24M0217,ASST_NON_80NSSC24M0217_080,assistance,4,P00003,A,NEW,2024-09-19,D,ADJUSTMENT TO COMPLETED PROJECT,2026-04-08,,,P00003,2026-04-08,2026-08-16
80NSSC24PA210,CONT_AWD_80NSSC24PA210_8000_-NONE-_-NONE-,contract,3,P00002,,,2023-11-29,F,TERMINATE FOR CONVENIENCE (COMPLETE OR PARTIAL),2025-03-28,P00002,2025-03-28,,,2026-08-16
80NSSC24PA590,CONT_AWD_80NSSC24PA590_8000_-NONE-_-NONE-,contract,2,P00001,,,2024-02-22,F,TERMINATE FOR CONVENIENCE (COMPLETE OR PARTIAL),2025-01-31,P00001,2025-01-31,,,2026-08-16
80NSSC24PA609,CONT_AWD_80NSSC24PA609_8000_-NONE-_-NONE-,contract,2,P00001,,,2024-02-28,F,TERMINATE FOR CONVENIENCE (COMPLETE OR PARTIAL),2025-02-18,P00001,2025-02-18,,,2026-08-16
80NSSC24PA660,CONT_AWD_80NSSC24PA660_8000_-NONE-_-NONE-,contract,3,P00002,,,2024-03-07,F,TERMINATE FOR CONVENIENCE (COMPLETE OR PARTIAL),2025-04-16,P00002,2025-04-16,,,2026-08-16
80NSSC24PA710,CONT_AWD_80NSSC24PA710_8000_-NONE-_-NONE-,contract,2,P00001,,,2024-03-20,F,TERMINATE FOR CONVENIENCE (COMPLETE OR PARTIAL),2025-03-17,P00001,2025-03-17,,,2026-08-16
80NSSC24PA723,CONT_AWD_80NSSC24PA723_8000_-NONE-_-NONE-,contract,2,P00001,,,2024-03-22,F,TERMINATE FOR CONVENIENCE (COMPLETE OR PARTIAL),2025-02-18,P00001,2025-02-18,,,2026-08-16
80NSSC24PA753,CONT_AWD_80NSSC24PA753_8000_-NONE-_-NONE-,contract,2,P00001,,,2024-03-28,F,TERMINATE FOR CONVENIENCE (COMPLETE OR PARTIAL),2025-03-19,P00001,2025-03-19,,,2026-08-16
80NSSC24PA923,CONT_AWD_80NSSC24PA923_8000_-NONE-_-NONE-,contract,2,P00001,,,2024-04-23,F,TERMINATE FOR CONVENIENCE (COMPLETE OR PARTIAL),2025-03-17,P00001,2025-03-17,,,2026-08-16
80NSSC24PB114,CONT_AWD_80NSSC24PB114_8000_-NONE-_-NONE-,contract,3,P00002,,,2024-07-01,M,OTHER ADMINISTRATIVE ACTION,2025-03-18,,,,,2026-08-16
80NSSC24PB139,CONT_AWD_80NSSC24PB139_8000_-NONE-_-NONE-,contract,3,P00002,,,2024-06-05,F,TERMINATE FOR CONVENIENCE (COMPLETE OR PARTIAL),2025-04-08,P00002,2025-04-08,,,2026-08-16
80NSSC24PB679,CONT_AWD_80NSSC24PB679_8000_-NONE-_-NONE-,contract,3,P00002,,,2024-07-08,M,OTHER ADMINISTRATIVE ACTION,2025-04-30,P00001,2025-03-06,,,2026-08-16
80NSSC24PB717,CONT_AWD_80NSSC24PB717_8000_-NONE-_-NONE-,contract,3,P00002,,,2024-07-12,F,TERMINATE FOR CONVENIENCE (COMPLETE OR PARTIAL),2025-04-08,P00002,2025-04-08,,,2026-08-16
80NSSC24PB720,CONT_AWD_80NSSC24PB720_8000_-NONE-_-NONE-,contract,2,P00001,,,2024-07-15,F,TERMINATE FOR CONVENIENCE (COMPLETE OR PARTIAL),2025-04-08,P00001,2025-04-08,,,2026-08-16
80NSSC24PB891,CONT_AWD_80NSSC24PB891_8000_-NONE-_-NONE-,contract,4,P00003,,,2024-08-01,F,TERMINATE FOR CONVENIENCE (COMPLETE OR PARTIAL),2025-04-16,P00003,2025-04-16,,,2026-08-16
80NSSC24PC049,CONT_AWD_80NSSC24PC049_8000_-NONE-_-NONE-,contract,3,P00002,,,2024-08-14,F,TERMINATE FOR CONVENIENCE (COMPLETE OR PARTIAL),2025-03-06,P00002,2025-03-06,,,2026-08-16
80NSSC24PC064,CONT_AWD_80NSSC24PC064_8000_-NONE-_-NONE-,contract,2,P00001,,,2024-08-14,F,TERMINATE FOR CONVENIENCE (COMPLETE OR PARTIAL),2025-04-08,P00001,2025-04-08,,,2026-08-16
80NSSC24PC269,CONT_AWD_80NSSC24PC269_8000_-NONE-_-NONE-,contract,3,P00002,,,2024-09-03,C,FUNDING ONLY ACTION,2025-06-10,P00001,2025-03-24,,,2026-08-16
80NSSC24PC331,CONT_AWD_80NSSC24PC331_8000_-NONE-_-NONE-,contract,2,P00001,,,2024-09-05,F,TERMINATE FOR CONVENIENCE (COMPLETE OR PARTIAL),2025-02-19,P00001,2025-02-19,,,2026-08-16
80NSSC24PC363,CONT_AWD_80NSSC24PC363_8000_-NONE-_-NONE-,contract,3,P00002,,,2024-09-12,F,TERMINATE FOR CONVENIENCE (COMPLETE OR PARTIAL),2025-04-08,P00002,2025-04-08,,,2026-08-16
80NSSC24PC367,CONT_AWD_80NSSC24PC367_8000_-NONE-_-NONE-,contract,2,P00001,,,2024-09-10,M,OTHER ADMINISTRATIVE ACTION,2025-02-11,,,,,2026-08-16
80NSSC24PC394,CONT_AWD_80NSSC24PC394_8000_-NONE-_-NONE-,contract,2,P00001,,,2024-09-12,F,TERMINATE FOR CONVENIENCE (COMPLETE OR PARTIAL),2025-03-11,P00001,2025-03-11,,,2026-08-16
80NSSC24PC405,CONT_AWD_80NSSC24PC405_8000_-NONE-_-NONE-,contract,2,P00001,,,2024-09-19,M,OTHER ADMINISTRATIVE ACTION,2024-09-25,,,,,2026-08-16
80NSSC24PC475,CONT_AWD_80NSSC24PC475_8000_-NONE-_-NONE-,contract,3,P00002,,,2024-09-20,F,TERMINATE FOR CONVENIENCE (COMPLETE OR PARTIAL),2025-04-08,P00002,2025-04-08,,,2026-08-16
80NSSC25CA075,CONT_AWD_80NSSC25CA075_8000_-NONE-_-NONE-,contract,4,P00003,,,2025-06-11,C,FUNDING ONLY ACTION,2026-06-30,,,,,2026-08-16
80NSSC25FA034,CONT_AWD_80NSSC25FA034_8000_47QRAA19D006N_4732,contract,3,P00002,,,2024-10-21,F,TERMINATE FOR CONVENIENCE (COMPLETE OR PARTIAL),2025-03-10,P00002,2025-03-10,,,2026-08-16
80NSSC25FA078,CONT_AWD_80NSSC25FA078_8000_NNG15SD72B_8000,contract,2,P00001,,,2024-11-20,F,TERMINATE FOR CONVENIENCE (COMPLETE OR PARTIAL),2025-04-16,P00001,2025-04-16,,,2026-08-16
80NSSC25FA145,CONT_AWD_80NSSC25FA145_8000_GS07F216BA_4732,contract,2,P00001,,,2025-01-14,M,OTHER ADMINISTRATIVE ACTION,2025-03-25,,,,,2026-08-16
80NSSC25FA147,CONT_AWD_80NSSC25FA147_8000_47QRAA23D000U_4732,contract,2,P00001,,,2025-01-17,M,OTHER ADMINISTRATIVE ACTION,2025-08-19,,,,,2026-08-16
80NSSC25FA259,CONT_AWD_80NSSC25FA259_8000_NNG15SD33B_8000,contract,2,P00001,,,2025-03-04,X,TERMINATE FOR CAUSE,2025-07-02,P00001,2025-07-02,,,2026-07-31
80NSSC25FA315,CONT_AWD_80NSSC25FA315_8000_80NSSC24AA005_8000,contract,2,P00001,,,2025-03-28,F,TERMINATE FOR CONVENIENCE (COMPLETE OR PARTIAL),2025-05-05,P00001,2025-05-05,,,2026-08-16
80NSSC25FA413,CONT_AWD_80NSSC25FA413_8000_NNG15SD33B_8000,contract,2,P00001,,,2025-05-05,M,OTHER ADMINISTRATIVE ACTION,2025-06-03,,,,,2026-08-16
80NSSC25FA473,CONT_AWD_80NSSC25FA473_8000_80NSSC22DA003_8000,contract,2,P00001,,,2025-07-11,F,TERMINATE FOR CONVENIENCE (COMPLETE OR PARTIAL),2026-08-11,P00001,2026-08-11,,,2026-08-16
80NSSC25K0024,ASST_NON_80NSSC25K0024_080,assistance,2,P00001,A,NEW,2025-07-23,D,ADJUSTMENT TO COMPLETED PROJECT,2025-09-10,,,P00001,2025-09-10,2026-08-16
80NSSC25K0030,ASST_NON_80NSSC25K0030_080,assistance,2,P00001,A,NEW,2025-07-22,D,ADJUSTMENT TO COMPLETED PROJECT,2026-01-20,,,P00001,2026-01-20,2026-08-16
80NSSC25K0045,ASST_NON_80NSSC25K0045_080,assistance,2,P00001,A,NEW,2025-08-06,D,ADJUSTMENT TO COMPLETED PROJECT,2025-09-10,,,P00001,2025-09-10,2026-08-16
80NSSC25K0105,ASST_NON_80NSSC25K0105_080,assistance,4,P00001,A,NEW,2025-08-06,D,ADJUSTMENT TO COMPLETED PROJECT,2025-09-11,,,P00001,2025-09-11,2026-08-16
80NSSC25K0108,ASST_NON_80NSSC25K0108_080,assistance,2,P00001,A,NEW,2025-07-30,D,ADJUSTMENT TO COMPLETED PROJECT,2026-05-07,,,P00001,2026-05-07,2026-08-16
80NSSC25K0134,ASST_NON_80NSSC25K0134_080,assistance,3,P00002,A,NEW,2025-08-05,B,CONTINUATION,2025-09-30,,,P00001,2025-09-10,2026-08-16
80NSSC25K0284,ASST_NON_80NSSC25K0284_080,assistance,2,P00001,A,NEW,2025-08-14,D,ADJUSTMENT TO COMPLETED PROJECT,2025-12-02,,,P00001,2025-12-02,2026-08-16
80NSSC25K7029,ASST_NON_80NSSC25K7029_080,assistance,4,P00003,A,NEW,2024-11-04,D,ADJUSTMENT TO COMPLETED PROJECT,2026-05-04,,,P00003,2026-05-04,2026-08-16
80NSSC25K7030,ASST_NON_80NSSC25K7030_080,assistance,4,P00003,A,NEW,2024-12-16,D,ADJUSTMENT TO COMPLETED PROJECT,2026-04-30,,,P00003,2026-04-30,2026-08-16
80NSSC25K7031,ASST_NON_80NSSC25K7031_080,assistance,4,P00003,A,NEW,2024-10-31,D,ADJUSTMENT TO COMPLETED PROJECT,2026-05-11,,,P00003,2026-05-11,2026-08-16
80NSSC25K7032,ASST_NON_80NSSC25K7032_080,assistance,4,P00003,A,NEW,2024-11-01,D,ADJUSTMENT TO COMPLETED PROJECT,2025-09-25,,,P00003,2025-09-25,2026-08-16
80NSSC25K7034,ASST_NON_80NSSC25K7034_080,assistance,3,P00002,A,NEW,2024-10-28,D,ADJUSTMENT TO COMPLETED PROJECT,2025-08-15,,,P00002,2025-08-15,2026-08-16
80NSSC25K7036,ASST_NON_80NSSC25K7036_080,assistance,4,P00003,A,NEW,2024-11-19,D,ADJUSTMENT TO COMPLETED PROJECT,2026-04-30,,,P00003,2026-04-30,2026-08-16
80NSSC25K7045,ASST_NON_80NSSC25K7045_080,assistance,3,P00002,A,NEW,2024-11-06,B,CONTINUATION,2025-03-21,,,,,2026-08-16
80NSSC25K7118,ASST_NON_80NSSC25K7118_080,assistance,5,P00004,A,NEW,2024-12-02,B,CONTINUATION,2026-05-13,,,,,2026-07-31
80NSSC25K7164,ASST_NON_80NSSC25K7164_080,assistance,4,P00003,A,NEW,2024-11-15,B,CONTINUATION,2025-12-30,,,P00001,2025-02-21,2026-08-16
80NSSC25K7254,ASST_NON_80NSSC25K7254_080,assistance,4,P00003,A,NEW,2025-02-19,D,ADJUSTMENT TO COMPLETED PROJECT,2025-12-31,,,P00003,2025-12-31,2026-08-16
80NSSC25K7326,ASST_NON_80NSSC25K7326_080,assistance,2,P00001,A,NEW,2025-01-17,D,ADJUSTMENT TO COMPLETED PROJECT,2025-07-24,,,P00001,2025-07-24,2026-08-16
80NSSC25K7437,ASST_NON_80NSSC25K7437_080,assistance,3,P00002,A,NEW,2025-02-07,B,CONTINUATION,2025-12-10,,,,,2026-08-16
80NSSC25K7548,ASST_NON_80NSSC25K7548_080,assistance,2,P00001,A,NEW,2025-05-27,D,ADJUSTMENT TO COMPLETED PROJECT,2026-03-03,,,P00001,2026-03-03,2026-08-16
80NSSC25K7577,ASST_NON_80NSSC25K7577_080,assistance,3,P00002,A,NEW,2025-05-19,D,ADJUSTMENT TO COMPLETED PROJECT,2026-02-25,,,P00002,2026-02-25,2026-08-16
80NSSC25K7581,ASST_NON_80NSSC25K7581_080,assistance,3,P00002,A,NEW,2025-03-12,D,ADJUSTMENT TO COMPLETED PROJECT,2026-04-22,,,P00002,2026-04-22,2026-08-16
80NSSC25K7593,ASST_NON_80NSSC25K7593_080,assistance,3,P00002,A,NEW,2025-05-22,D,ADJUSTMENT TO COMPLETED PROJECT,2026-02-02,,,P00002,2026-02-02,2026-08-16
80NSSC25K7684,ASST_NON_80NSSC25K7684_080,assistance,2,P00001,A,NEW,2025-04-03,D,ADJUSTMENT TO COMPLETED PROJECT,2026-03-19,,,P00001,2026-03-19,2026-08-16
80NSSC25K7833,ASST_NON_80NSSC25K7833_080,assistance,2,P00001,A,NEW,2025-06-26,D,ADJUSTMENT TO COMPLETED PROJECT,2026-03-03,,,P00001,2026-03-03,2026-08-16
80NSSC25K7862,ASST_NON_80NSSC25K7862_080,assistance,2,P00001,A,NEW,2025-06-11,D,ADJUSTMENT TO COMPLETED PROJECT,2026-04-22,,,P00001,2026-04-22,2026-08-16
80NSSC25M7096,ASST_NON_80NSSC25M7096_080,assistance,4,P00003,A,NEW,2025-05-27,B,CONTINUATION,2026-04-24,,,P00002,2026-03-16,2026-08-16
80NSSC25PA014,CONT_AWD_80NSSC25PA014_8000_-NONE-_-NONE-,contract,2,P00001,,,2024-10-02,F,TERMINATE FOR CONVENIENCE (COMPLETE OR PARTIAL),2025-04-08,P00001,2025-04-08,,,2026-08-16
80NSSC25PA068,CONT_AWD_80NSSC25PA068_8000_-NONE-_-NONE-,contract,4,P00003,,,2024-10-16,F,TERMINATE FOR CONVENIENCE (COMPLETE OR PARTIAL),2025-04-08,P00003,2025-04-08,,,2026-08-16
80NSSC25PA110,CONT_AWD_80NSSC25PA110_8000_-NONE-_-NONE-,contract,3,P00003,,,2024-10-29,C,FUNDING ONLY ACTION,2025-05-19,,,,,2026-08-16
80NSSC25PA641,CONT_AWD_80NSSC25PA641_8000_-NONE-_-NONE-,contract,3,P00002,,,2025-02-27,C,FUNDING ONLY ACTION,2025-06-17,P00001,2025-04-08,,,2026-08-16
80NSSC25PA844,CONT_AWD_80NSSC25PA844_8000_-NONE-_-NONE-,contract,2,P00001,,,2025-04-04,F,TERMINATE FOR CONVENIENCE (COMPLETE OR PARTIAL),2026-02-20,P00001,2026-02-20,,,2026-08-16
80NSSC25PA845,CONT_AWD_80NSSC25PA845_8000_-NONE-_-NONE-,contract,2,P00001,,,2025-04-02,X,TERMINATE FOR CAUSE,2025-04-08,P00001,2025-04-08,,,2026-08-16
80NSSC25PA974,CONT_AWD_80NSSC25PA974_8000_-NONE-_-NONE-,contract,2,P00001,,,2025-04-28,M,OTHER ADMINISTRATIVE ACTION,2025-05-12,,,,,2026-08-16
80NSSC25PA999,CONT_AWD_80NSSC25PA999_8000_-NONE-_-NONE-,contract,2,P00001,,,2025-05-06,M,OTHER ADMINISTRATIVE ACTION,2025-07-21,,,,,2026-08-16
80NSSC25PB270,CONT_AWD_80NSSC25PB270_8000_-NONE-_-NONE-,contract,2,P00001,,,2025-06-24,F,TERMINATE FOR CONVENIENCE (COMPLETE OR PARTIAL),2026-05-22,P00001,2026-05-22,,,2026-08-16
80NSSC25PB602,CONT_AWD_80NSSC25PB602_8000_-NONE-_-NONE-,contract,4,P00003,,,2025-08-04,M,OTHER ADMINISTRATIVE ACTION,2026-03-23,P00002,2026-02-23,,,2026-08-16
80NSSC25PC038,CONT_AWD_80NSSC25PC038_8000_-NONE-_-NONE-,contract,2,P00001,,,2025-09-26,M,OTHER ADMINISTRATIVE ACTION,2025-12-15,,,,,2026-08-16
80NSSC26FA089,CONT_AWD_80NSSC26FA089_8000_80NSSC24AA007_8000,contract,2,P00001,,,2025-12-23,N,LEGAL CONTRACT CANCELLATION,2026-02-23,,,,,2026-08-16
80NSSC26FA315,CONT_AWD_80NSSC26FA315_8000_NNG15SC71B_8000,contract,2,P00001,,,2026-04-14,M,OTHER ADMINISTRATIVE ACTION,2026-07-01,,,,,2026-08-16
80NSSC26M0002,ASST_NON_80NSSC26M0002_080,assistance,2,P00001,A,NEW,2026-02-02,D,ADJUSTMENT TO COMPLETED PROJECT,2026-06-10,,,P00001,2026-06-10,2026-08-16
80NSSC26M0008,ASST_NON_80NSSC26M0008_080,assistance,3,P00002,A,NEW,2026-02-02,B,CONTINUATION,2026-03-30,,,P00001,2026-03-24,2026-08-16
80NSSC26M0012,ASST_NON_80NSSC26M0012_080,assistance,4,P00003,A,NEW,2026-02-19,D,ADJUSTMENT TO COMPLETED PROJECT,2026-07-22,,,P00003,2026-07-22,2026-08-16
80NSSC26P0009,CONT_AWD_80NSSC26P0009_8000_-NONE-_-NONE-,contract,2,P00001,,,2025-11-20,F,TERMINATE FOR CONVENIENCE (COMPLETE OR PARTIAL),2026-02-18,P00001,2026-02-18,,,2026-08-16
80NSSC26P0092,CONT_AWD_80NSSC26P0092_8000_-NONE-_-NONE-,contract,3,P00002,,,2025-12-18,M,OTHER ADMINISTRATIVE ACTION,2026-06-17,,,,,2026-08-05
80NSSC26P0115,CONT_AWD_80NSSC26P0115_8000_-NONE-_-NONE-,contract,2,P00001,,,2025-12-30,N,LEGAL CONTRACT CANCELLATION,2026-01-21,,,,,2026-08-16
80NSSC26P0289,CONT_AWD_80NSSC26P0289_8000_-NONE-_-NONE-,contract,2,P00001,,,2026-03-02,F,TERMINATE FOR CONVENIENCE (COMPLETE OR PARTIAL),2026-05-04,P00001,2026-05-04,,,2026-08-16
80NSSC26P0347,CONT_AWD_80NSSC26P0347_8000_-NONE-_-NONE-,contract,2,P00001,,,2026-03-19,F,TERMINATE FOR CONVENIENCE (COMPLETE OR PARTIAL),2026-05-28,P00001,2026-05-28,,,2026-08-16
80NSSC26P0407,CONT_AWD_80NSSC26P0407_8000_-NONE-_-NONE-,contract,2,P00001,,,2026-04-14,F,TERMINATE FOR CONVENIENCE (COMPLETE OR PARTIAL),2026-04-21,P00001,2026-04-21,,,2026-08-16
80NSSC26P0502,CONT_AWD_80NSSC26P0502_8000_-NONE-_-NONE-,contract,2,P00001,,,2026-04-17,F,TERMINATE FOR CONVENIENCE (COMPLETE OR PARTIAL),2026-07-08,P00001,2026-07-08,,,2026-08-16
80NSSC26P0662,CONT_AWD_80NSSC26P0662_8000_-NONE-_-NONE-,contract,3,P00002,,,2026-05-18,F,TERMINATE FOR CONVENIENCE (COMPLETE OR PARTIAL),2026-08-11,P00002,2026-08-11,,,2026-08-16
80SSC021F0001,CONT_AWD_80SSC021F0001_8000_80SSC021A0001_8000,contract,5,P00004,,,2020-10-20,M,OTHER ADMINISTRATIVE ACTION,2025-04-08,,,,,2026-08-16
80SSC026C0002,CONT_AWD_80SSC026C0002_8000_-NONE-_-NONE-,contract,2,P00001,,,2026-04-01,M,OTHER ADMINISTRATIVE ACTION,2026-04-20,,,,,2026-08-16
80TECH25PA010,CONT_AWD_80TECH25PA010_8000_-NONE-_-NONE-,contract,2,P00001,,,2025-02-25,F,TERMINATE FOR CONVENIENCE (COMPLETE OR PARTIAL),2025-02-26,P00001,2025-02-26,,,2026-08-16
NNG09FA40C,CONT_AWD_NNG09FA40C_8000_-NONE-_-NONE-,contract,118,118,,,2009-09-30,C,FUNDING ONLY ACTION,2026-08-05,117,2026-08-03,,,2026-08-16
NNK14CA65T,CONT_AWD_NNK14CA65T_8000_GS21F0019X_4732,contract,2,1,,,2014-09-11,F,TERMINATE FOR CONVENIENCE (COMPLETE OR PARTIAL),2016-05-04,1,2016-05-04,,,2026-07-31
NNM16AA08C,CONT_AWD_NNM16AA08C_8000_-NONE-_-NONE-,contract,59,P00058,,,2015-11-09,C,FUNDING ONLY ACTION,2026-07-16,,,,,2026-08-16
NNM16AA29C,CONT_AWD_NNM16AA29C_8000_-NONE-_-NONE-,contract,51,50,,,2016-09-01,M,OTHER ADMINISTRATIVE ACTION,2025-06-02,,,,,2026-08-16
