Award ID,Generated Award ID,Award Category,Initial Reported End Date,Source Transaction ID,Source Action Date,Source Modification Number,Source Basis,Lookup Status,Last Checked Date
80AFRC19F0092,CONT_AWD_80AFRC19F0092_8000_NND15AB03Z_8000,contract,2019-06-13,8000_8000_80AFRC19F0092_0_NND15AB03Z_0,2019-03-13,0,base_transaction,resolved,2026-07-31
80AFRC25FA003,CONT_AWD_80AFRC25FA003_8000_80AFRC25DA001_8000,contract,2028-02-28,8000_8000_80AFRC25FA003_0_80AFRC25DA001_0,2024-11-04,0,base_transaction,resolved,2026-07-31
80ARC018F0144,CONT_AWD_80ARC018F0144_8000_80ARC018D0019_8000,contract,2022-09-17,8000_8000_80ARC018F0144_0_80ARC018D0019_0,2018-09-18,0,base_transaction,resolved,2026-07-31
80ARC020C0002,CONT_AWD_80ARC020C0002_8000_-NONE-_-NONE-,contract,2022-01-12,8000_-NONE-_80ARC020C0002_0_-NONE-_0,2020-01-13,0,base_transaction,resolved,2026-07-31
80ARC023CA004,CONT_AWD_80ARC023CA004_8000_-NONE-_-NONE-,contract,2026-10-31,8000_-NONE-_80ARC023CA004_0_-NONE-_0,2022-11-01,0,base_transaction,resolved,2026-07-31
80ARC026F7015,CONT_AWD_80ARC026F7015_8000_80ARC020D0010_8000,contract,2028-04-30,8000_8000_80ARC026F7015_0_80ARC020D0010_0,2026-04-08,0,base_transaction,resolved,2026-07-31
80GRC019F0195,CONT_AWD_80GRC019F0195_8000_80GSFC19D0011_8000,contract,2021-09-30,8000_8000_80GRC019F0195_0_80GSFC19D0011_0,2019-09-19,0,base_transaction,resolved,2026-07-31
80GRC020F0111,CONT_AWD_80GRC020F0111_8000_80GRC020D0003_8000,contract,2020-10-31,8000_8000_80GRC020F0111_0_80GRC020D0003_0,2020-04-01,0,base_transaction,resolved,2026-07-31
80GRC020F0115,CONT_AWD_80GRC020F0115_8000_80GRC020D0003_8000,contract,2020-09-30,8000_8000_80GRC020F0115_0_80GRC020D0003_0,2020-04-23,0,base_transaction,resolved,2026-07-31
80GRC020F0118,CONT_AWD_80GRC020F0118_8000_80GRC020D0003_8000,contract,2021-03-31,8000_8000_80GRC020F0118_0_80GRC020D0003_0,2020-04-02,0,base_transaction,resolved,2026-07-31
80GRC020P0006,CONT_AWD_80GRC020P0006_8000_-NONE-_-NONE-,contract,2020-04-19,8000_-NONE-_80GRC020P0006_0_-NONE-_0,2019-12-20,0,base_transaction,resolved,2026-07-31
80GRC021F0111,CONT_AWD_80GRC021F0111_8000_80GRC020D0003_8000,contract,2022-03-31,8000_8000_80GRC021F0111_0_80GRC020D0003_0,2021-08-11,0,base_transaction,resolved,2026-07-31
80GRC021F0123,CONT_AWD_80GRC021F0123_8000_NNC17BA05B_8000,contract,2021-10-08,8000_8000_80GRC021F0123_0_NNC17BA05B_0,2021-07-16,0,base_transaction,resolved,2026-07-31
80GRC022AA005,CONT_IDV_80GRC022AA005_8000,idv,2027-05-31,8000_-NONE-_80GRC022AA005_0_-NONE-_-NONE-,2022-08-19,0,base_transaction,resolved,2026-07-31
80GRC022AA006,CONT_IDV_80GRC022AA006_8000,idv,2027-05-31,8000_-NONE-_80GRC022AA006_0_-NONE-_-NONE-,2022-08-18,0,base_transaction,resolved,2026-07-31
80GRC022AA014,CONT_IDV_80GRC022AA014_8000,idv,2027-05-31,8000_-NONE-_80GRC022AA014_0_-NONE-_-NONE-,2022-08-18,0,base_transaction,resolved,2026-07-31
80GRC022AA017,CONT_IDV_80GRC022AA017_8000,idv,2027-05-31,8000_-NONE-_80GRC022AA017_0_-NONE-_-NONE-,2022-08-18,0,base_transaction,resolved,2026-07-31
80GRC022AA018,CONT_IDV_80GRC022AA018_8000,idv,2027-05-31,8000_-NONE-_80GRC022AA018_0_-NONE-_-NONE-,2022-08-18,0,base_transaction,resolved,2026-07-31
80GRC022AA021,CONT_IDV_80GRC022AA021_8000,idv,2027-05-31,8000_-NONE-_80GRC022AA021_0_-NONE-_-NONE-,2022-08-18,0,base_transaction,resolved,2026-07-31
80GRC022AA023,CONT_IDV_80GRC022AA023_8000,idv,2027-05-31,8000_-NONE-_80GRC022AA023_0_-NONE-_-NONE-,2022-08-18,0,base_transaction,resolved,2026-07-31
80GRC022AA024,CONT_IDV_80GRC022AA024_8000,idv,2027-05-31,8000_-NONE-_80GRC022AA024_0_-NONE-_-NONE-,2022-08-18,0,base_transaction,resolved,2026-07-31
80GRC022F0189,CONT_AWD_80GRC022F0189_8000_80GRC020D0003_8000,contract,2022-12-31,8000_8000_80GRC022F0189_0_80GRC020D0003_0,2022-09-23,0,base_transaction,resolved,2026-07-31
80GRC024CA008,CONT_AWD_80GRC024CA008_8000_-NONE-_-NONE-,contract,2023-12-31,8000_-NONE-_80GRC024CA008_0_-NONE-_0,2023-10-17,0,base_transaction,resolved,2026-07-31
80GSFC21C0019,CONT_AWD_80GSFC21C0019_8000_-NONE-_-NONE-,contract,2021-12-31,8000_-NONE-_80GSFC21C0019_0_-NONE-_0,2021-01-26,0,base_transaction,resolved,2026-07-31
80GSFC21C0057,CONT_AWD_80GSFC21C0057_8000_-NONE-_-NONE-,contract,2026-03-25,8000_-NONE-_80GSFC21C0057_0_-NONE-_0,2021-03-26,0,base_transaction,resolved,2026-07-31
80GSFC21M0002,ASST_NON_80GSFC21M0002_080,assistance,2027-03-31,8000_80GSFC21M0002_-NONE-_43.003_0,2021-03-29,0,base_transaction,resolved,2026-07-31
80GSFC22CA011,CONT_AWD_80GSFC22CA011_8000_-NONE-_-NONE-,contract,2028-10-31,8000_-NONE-_80GSFC22CA011_0_-NONE-_0,2022-08-25,0,base_transaction,resolved,2026-07-31
80GSFC22CA012,CONT_AWD_80GSFC22CA012_8000_-NONE-_-NONE-,contract,2028-10-31,8000_-NONE-_80GSFC22CA012_0_-NONE-_0,2022-08-19,0,base_transaction,resolved,2026-07-31
80GSFC22CA013,CONT_AWD_80GSFC22CA013_8000_-NONE-_-NONE-,contract,2028-10-31,8000_-NONE-_80GSFC22CA013_0_-NONE-_0,2022-07-11,0,base_transaction,resolved,2026-07-31
80GSFC22CA021,CONT_AWD_80GSFC22CA021_8000_-NONE-_-NONE-,contract,2024-07-24,8000_-NONE-_80GSFC22CA021_0_-NONE-_0,2022-03-07,0,base_transaction,resolved,2026-07-31
80GSFC23CA001,CONT_AWD_80GSFC23CA001_8000_-NONE-_-NONE-,contract,2024-07-31,8000_-NONE-_80GSFC23CA001_0_-NONE-_0,2023-07-26,0,base_transaction,resolved,2026-07-31
80GSFC23CA005,CONT_AWD_80GSFC23CA005_8000_-NONE-_-NONE-,contract,2023-12-05,8000_-NONE-_80GSFC23CA005_0_-NONE-_0,2022-12-06,0,base_transaction,resolved,2026-07-31
80GSFC23CA030,CONT_AWD_80GSFC23CA030_8000_-NONE-_-NONE-,contract,2026-07-30,8000_-NONE-_80GSFC23CA030_0_-NONE-_0,2022-11-22,0,base_transaction,resolved,2026-07-31
80GSFC23CA041,CONT_AWD_80GSFC23CA041_8000_-NONE-_-NONE-,contract,2024-02-29,8000_-NONE-_80GSFC23CA041_0_-NONE-_0,2023-02-14,0,base_transaction,resolved,2026-07-31
80GSFC23PA006,CONT_AWD_80GSFC23PA006_8000_-NONE-_-NONE-,contract,2024-10-16,8000_-NONE-_80GSFC23PA006_0_-NONE-_0,2023-01-12,0,base_transaction,resolved,2026-07-31
80GSFC24CA024,CONT_AWD_80GSFC24CA024_8000_-NONE-_-NONE-,contract,2025-07-07,8000_-NONE-_80GSFC24CA024_0_-NONE-_0,2024-07-02,0,base_transaction,resolved,2026-07-31
80GSFC25P0001,CONT_AWD_80GSFC25P0001_8000_-NONE-_-NONE-,contract,2025-05-31,8000_-NONE-_80GSFC25P0001_0_-NONE-_0,2025-04-08,0,base_transaction,resolved,2026-07-31
80HQTR20D0005,CONT_IDV_80HQTR20D0005_8000,idv,2025-06-30,8000_-NONE-_80HQTR20D0005_0_-NONE-_-NONE-,2020-06-15,0,base_transaction,resolved,2026-07-31
80HQTR21AA001,CONT_IDV_80HQTR21AA001_8000,idv,2026-07-28,8000_-NONE-_80HQTR21AA001_0_-NONE-_-NONE-,2021-07-29,0,base_transaction,resolved,2026-07-31
80HQTR21AA002,CONT_IDV_80HQTR21AA002_8000,idv,2026-09-29,8000_-NONE-_80HQTR21AA002_0_-NONE-_-NONE-,2021-09-30,0,base_transaction,resolved,2026-07-31
80HQTR21D0004,CONT_IDV_80HQTR21D0004_8000,idv,2022-04-30,8000_-NONE-_80HQTR21D0004_0_-NONE-_-NONE-,2021-04-14,0,base_transaction,resolved,2026-07-31
80HQTR21F0124,CONT_AWD_80HQTR21F0124_8000_GS10F0100T_4730,contract,2022-04-30,8000_4730_80HQTR21F0124_0_GS10F0100T_0,2021-04-20,0,base_transaction,resolved,2026-07-31
80HQTR22AA003,CONT_IDV_80HQTR22AA003_8000,idv,2027-05-31,8000_-NONE-_80HQTR22AA003_0_-NONE-_-NONE-,2022-05-27,0,base_transaction,resolved,2026-07-31
80HQTR22AA009,CONT_IDV_80HQTR22AA009_8000,idv,2027-09-27,8000_-NONE-_80HQTR22AA009_0_-NONE-_-NONE-,2022-09-28,0,base_transaction,resolved,2026-07-31
80HQTR22F0076,CONT_AWD_80HQTR22F0076_8000_80HQTR21D0004_8000,contract,2022-09-30,8000_8000_80HQTR22F0076_0_80HQTR21D0004_0,2022-05-04,0,base_transaction,resolved,2026-07-31
80HQTR22F0109,CONT_AWD_80HQTR22F0109_8000_80HQTR21D0004_8000,contract,2026-04-30,8000_8000_80HQTR22F0109_0_80HQTR21D0004_0,2022-08-26,0,base_transaction,resolved,2026-07-31
80HQTR23AA001,CONT_IDV_80HQTR23AA001_8000,idv,2027-11-13,8000_-NONE-_80HQTR23AA001_0_-NONE-_-NONE-,2022-11-14,0,base_transaction,resolved,2026-07-31
80HQTR23AA002,CONT_IDV_80HQTR23AA002_8000,idv,2028-04-06,8000_-NONE-_80HQTR23AA002_0_-NONE-_-NONE-,2023-04-07,0,base_transaction,resolved,2026-07-31
80HQTR23AA003,CONT_IDV_80HQTR23AA003_8000,idv,2028-03-14,8000_-NONE-_80HQTR23AA003_0_-NONE-_-NONE-,2023-03-15,0,base_transaction,resolved,2026-07-31
80HQTR23F0042,CONT_AWD_80HQTR23F0042_8000_80HQTR21D0004_8000,contract,2024-04-30,8000_8000_80HQTR23F0042_0_80HQTR21D0004_0,2023-02-16,0,base_transaction,resolved,2026-07-31
80HQTR23FA018,CONT_AWD_80HQTR23FA018_8000_80HQTR22AA005_8000,contract,2024-02-07,8000_8000_80HQTR23FA018_0_80HQTR22AA005_0,2023-02-08,0,base_transaction,resolved,2026-07-31
80HQTR23FA044,CONT_AWD_80HQTR23FA044_8000_80GSFC23DA004_8000,contract,2024-02-29,8000_8000_80HQTR23FA044_0_80GSFC23DA004_0,2023-06-05,0,base_transaction,resolved,2026-07-31
80HQTR24F0012,CONT_AWD_80HQTR24F0012_8000_80HQTR21D0004_8000,contract,2026-04-30,8000_8000_80HQTR24F0012_0_80HQTR21D0004_0,2023-11-16,0,base_transaction,resolved,2026-07-31
80HQTR24F0019,CONT_AWD_80HQTR24F0019_8000_80HQTR21D0004_8000,contract,2026-04-30,8000_8000_80HQTR24F0019_0_80HQTR21D0004_0,2023-12-19,0,base_transaction,resolved,2026-07-31
80HQTR24F0037,CONT_AWD_80HQTR24F0037_8000_80HQTR21D0004_8000,contract,2026-04-30,8000_8000_80HQTR24F0037_0_80HQTR21D0004_0,2024-03-18,0,base_transaction,resolved,2026-07-31
80HQTR24F0046,CONT_AWD_80HQTR24F0046_8000_80MSFC21D0009_8000,contract,2025-04-15,8000_8000_80HQTR24F0046_0_80MSFC21D0009_0,2024-04-10,0,base_transaction,resolved,2026-07-31
80HQTR24F0064,CONT_AWD_80HQTR24F0064_8000_80MSFC21D0009_8000,contract,2025-04-15,8000_8000_80HQTR24F0064_0_80MSFC21D0009_0,2024-06-26,0,base_transaction,resolved,2026-07-31
80HQTR24F0070,CONT_AWD_80HQTR24F0070_8000_80MSFC21D0009_8000,contract,2025-04-15,8000_8000_80HQTR24F0070_0_80MSFC21D0009_0,2024-07-18,0,base_transaction,resolved,2026-07-31
80HQTR24F0071,CONT_AWD_80HQTR24F0071_8000_80MSFC21D0009_8000,contract,2025-04-15,8000_8000_80HQTR24F0071_0_80MSFC21D0009_0,2024-07-18,0,base_transaction,resolved,2026-07-31
80HQTR24F0072,CONT_AWD_80HQTR24F0072_8000_80MSFC21D0009_8000,contract,2025-04-15,8000_8000_80HQTR24F0072_0_80MSFC21D0009_0,2024-07-18,0,base_transaction,resolved,2026-07-31
80HQTR24F0073,CONT_AWD_80HQTR24F0073_8000_80MSFC21D0009_8000,contract,2025-04-15,8000_8000_80HQTR24F0073_0_80MSFC21D0009_0,2024-07-18,0,base_transaction,resolved,2026-07-31
80HQTR24F0074,CONT_AWD_80HQTR24F0074_8000_80MSFC21D0009_8000,contract,2025-04-15,8000_8000_80HQTR24F0074_0_80MSFC21D0009_0,2024-07-30,0,base_transaction,resolved,2026-07-31
80HQTR24F0096,CONT_AWD_80HQTR24F0096_8000_80GSFC19D0011_8000,contract,2025-09-30,8000_8000_80HQTR24F0096_0_80GSFC19D0011_0,2024-09-26,0,base_transaction,resolved,2026-07-31
80HQTR24FA019,CONT_AWD_80HQTR24FA019_8000_80HQTR24AA002_8000,contract,2024-11-30,8000_8000_80HQTR24FA019_0_80HQTR24AA002_0,2023-11-30,0,base_transaction,resolved,2026-07-31
80HQTR24FA038,CONT_AWD_80HQTR24FA038_8000_80HQTR24AA006_8000,contract,2025-06-09,8000_8000_80HQTR24FA038_0_80HQTR24AA006_0,2024-06-06,0,base_transaction,resolved,2026-07-31
80HQTR25F7019,CONT_AWD_80HQTR25F7019_8000_80HQTR21D0004_8000,contract,2026-04-30,8000_8000_80HQTR25F7019_0_80HQTR21D0004_0,2024-12-04,0,base_transaction,resolved,2026-07-31
80HQTR25F7080,CONT_AWD_80HQTR25F7080_8000_80MSFC21D0009_8000,contract,2026-04-15,8000_8000_80HQTR25F7080_0_80MSFC21D0009_0,2025-04-09,0,base_transaction,resolved,2026-07-31
80HQTR25F7083,CONT_AWD_80HQTR25F7083_8000_80MSFC21D0009_8000,contract,2026-04-15,8000_8000_80HQTR25F7083_0_80MSFC21D0009_0,2025-04-10,0,base_transaction,resolved,2026-07-31
80HQTR25FA007,CONT_AWD_80HQTR25FA007_8000_80HQTR24AA005_8000,contract,2024-12-23,8000_8000_80HQTR25FA007_0_80HQTR24AA005_0,2024-10-23,0,base_transaction,resolved,2026-07-31
80HQTR25FA019,CONT_AWD_80HQTR25FA019_8000_80HQTR22AA005_8000,contract,2025-08-11,8000_8000_80HQTR25FA019_0_80HQTR22AA005_0,2025-02-11,0,base_transaction,resolved,2026-07-31
80HQTR25FA042,CONT_AWD_80HQTR25FA042_8000_80HQTR24DA009_8000,contract,2026-07-31,8000_8000_80HQTR25FA042_0_80HQTR24DA009_0,2025-07-16,0,base_transaction,resolved,2026-07-31
80JSC022CA012,CONT_AWD_80JSC022CA012_8000_-NONE-_-NONE-,contract,2025-11-15,8000_-NONE-_80JSC022CA012_0_-NONE-_0,2022-08-25,0,base_transaction,resolved,2026-07-31
80JSC024F0025,CONT_AWD_80JSC024F0025_8000_80JSC018A0012_8000,contract,2025-02-28,8000_8000_80JSC024F0025_0_80JSC018A0012_0,2024-02-08,0,base_transaction,resolved,2026-07-31
80JSC024F0086,CONT_AWD_80JSC024F0086_8000_80JSC020D0040_8000,contract,2026-09-30,8000_8000_80JSC024F0086_0_80JSC020D0040_0,2024-09-18,0,base_transaction,resolved,2026-07-31
80JSC024FA083,CONT_AWD_80JSC024FA083_8000_80JSC023AA001_8000,contract,2024-10-31,8000_8000_80JSC024FA083_0_80JSC023AA001_0,2024-03-04,0,base_transaction,resolved,2026-07-31
80JSC024FA088,CONT_AWD_80JSC024FA088_8000_80JSC023AA001_8000,contract,2025-03-13,8000_8000_80JSC024FA088_0_80JSC023AA001_0,2024-03-13,0,base_transaction,resolved,2026-07-31
80JSC024FA120,CONT_AWD_80JSC024FA120_8000_80JSC023AA001_8000,contract,2025-05-21,8000_8000_80JSC024FA120_0_80JSC023AA001_0,2024-05-20,0,base_transaction,resolved,2026-07-31
80JSC024FA135,CONT_AWD_80JSC024FA135_8000_80JSC023AA001_8000,contract,2025-06-10,8000_8000_80JSC024FA135_0_80JSC023AA001_0,2024-06-11,0,base_transaction,resolved,2026-07-31
80JSC024FA190,CONT_AWD_80JSC024FA190_8000_80JSC023DA011_8000,contract,2025-09-30,8000_8000_80JSC024FA190_0_80JSC023DA011_0,2024-09-04,0,base_transaction,resolved,2026-07-31
80JSC025FA015,CONT_AWD_80JSC025FA015_8000_80JSC023AA001_8000,contract,2025-10-31,8000_8000_80JSC025FA015_0_80JSC023AA001_0,2024-10-31,0,base_transaction,resolved,2026-07-31
80JSC025FA076,CONT_AWD_80JSC025FA076_8000_80JSC024AA029_8000,contract,2026-02-28,8000_8000_80JSC025FA076_0_80JSC024AA029_0,2025-01-14,0,base_transaction,resolved,2026-07-31
80JSC025FA077,CONT_AWD_80JSC025FA077_8000_80JSC024AA029_8000,contract,2026-02-28,8000_8000_80JSC025FA077_0_80JSC024AA029_0,2025-01-14,0,base_transaction,resolved,2026-07-31
80KSC019C0013,CONT_AWD_80KSC019C0013_8000_-NONE-_-NONE-,contract,2023-02-28,8000_-NONE-_80KSC019C0013_0_-NONE-_0,2019-06-25,0,base_transaction,resolved,2026-07-31
80KSC019F0128,CONT_AWD_80KSC019F0128_8000_80KSC019D0012_8000,contract,2024-01-31,8000_8000_80KSC019F0128_0_80KSC019D0012_0,2019-04-26,0,base_transaction,resolved,2026-07-31
80KSC020C0012,CONT_AWD_80KSC020C0012_8000_-NONE-_-NONE-,contract,2035-03-25,8000_-NONE-_80KSC020C0012_0_-NONE-_0,2020-03-25,0,base_transaction,resolved,2026-07-31
80KSC020D0016,CONT_IDV_80KSC020D0016_8000,idv,2025-09-24,8000_-NONE-_80KSC020D0016_0_-NONE-_-NONE-,2020-09-25,0,base_transaction,resolved,2026-07-31
80KSC020D0018,CONT_IDV_80KSC020D0018_8000,idv,2025-09-24,8000_-NONE-_80KSC020D0018_0_-NONE-_-NONE-,2020-09-25,0,base_transaction,resolved,2026-07-31
80KSC020F0042,CONT_AWD_80KSC020F0042_8000_80KSC019D0011_8000,contract,2022-06-30,8000_8000_80KSC020F0042_0_80KSC019D0011_0,2020-06-22,0,base_transaction,resolved,2026-07-31
80KSC020F0077,CONT_AWD_80KSC020F0077_8000_GS00F373GA_4732,contract,2021-07-31,8000_4732_80KSC020F0077_0_GS00F373GA_0,2020-07-13,0,base_transaction,resolved,2026-07-31
80KSC020F0179,CONT_AWD_80KSC020F0179_8000_GS00P15BSD1124_4740,contract,2024-09-30,8000_4740_80KSC020F0179_0_GS00P15BSD1124_0,2019-10-08,0,base_transaction,resolved,2026-07-31
80KSC021A0007,CONT_IDV_80KSC021A0007_8000,idv,2026-03-29,8000_-NONE-_80KSC021A0007_0_-NONE-_-NONE-,2021-05-07,0,base_transaction,resolved,2026-07-31
80KSC024F0043,CONT_AWD_80KSC024F0043_8000_80KSC021A0007_8000,contract,2025-06-30,8000_8000_80KSC024F0043_0_80KSC021A0007_0,2024-07-11,0,base_transaction,resolved,2026-07-31
80KSC024F0044,CONT_AWD_80KSC024F0044_8000_80KSC021A0007_8000,contract,2025-06-30,8000_8000_80KSC024F0044_0_80KSC021A0007_0,2024-07-11,0,base_transaction,resolved,2026-07-31
80KSC024F0045,CONT_AWD_80KSC024F0045_8000_80KSC021A0007_8000,contract,2025-06-30,8000_8000_80KSC024F0045_0_80KSC021A0007_0,2024-07-11,0,base_transaction,resolved,2026-07-31
80KSC025FA049,CONT_AWD_80KSC025FA049_8000_80KSC022DA114_8000,contract,2026-05-28,8000_8000_80KSC025FA049_0_80KSC022DA114_0,2025-06-02,0,base_transaction,resolved,2026-07-31
80LARC17C0001,CONT_AWD_80LARC17C0001_8000_-NONE-_-NONE-,contract,2026-06-30,8000_-NONE-_80LARC17C0001_0_-NONE-_0,2017-06-22,0,base_transaction,resolved,2026-07-31
80LARC19F0127,CONT_AWD_80LARC19F0127_8000_80LARC18C0003_8000,contract,2020-02-29,8000_8000_80LARC19F0127_0_80LARC18C0003_0,2019-09-06,0,base_transaction,resolved,2026-07-31
80LARC21F0083,CONT_AWD_80LARC21F0083_8000_80LARC20D0007_8000,contract,2022-03-31,8000_8000_80LARC21F0083_0_80LARC20D0007_0,2021-03-17,0,base_transaction,resolved,2026-07-31
80LARC21F0153,CONT_AWD_80LARC21F0153_8000_80LARC20D0007_8000,contract,2025-08-31,8000_8000_80LARC21F0153_0_80LARC20D0007_0,2021-09-10,0,base_transaction,resolved,2026-07-31
80LARC22FA010,CONT_AWD_80LARC22FA010_8000_80LARC21AA012_8000,contract,2022-07-06,8000_8000_80LARC22FA010_0_80LARC21AA012_0,2022-04-19,0,base_transaction,resolved,2026-07-31
80LARC24F0039,CONT_AWD_80LARC24F0039_8000_80GSFC19D0011_8000,contract,2025-07-31,8000_8000_80LARC24F0039_0_80GSFC19D0011_0,2024-09-27,0,base_transaction,resolved,2026-07-31
80LARC25C0002,CONT_AWD_80LARC25C0002_8000_-NONE-_-NONE-,contract,2028-09-29,8000_-NONE-_80LARC25C0002_0_-NONE-_0,2025-09-26,0,base_transaction,resolved,2026-07-31
80LARC25F7003,CONT_AWD_80LARC25F7003_8000_80GSFC19D0011_8000,contract,2025-12-12,8000_8000_80LARC25F7003_0_80GSFC19D0011_0,2024-12-13,0,base_transaction,resolved,2026-07-31
80LARC25F7010,CONT_AWD_80LARC25F7010_8000_80LARC18C0001_8000,contract,2027-09-30,8000_8000_80LARC25F7010_0_80LARC18C0001_0,2024-11-06,0,base_transaction,resolved,2026-07-31
80LARC25F7011,CONT_AWD_80LARC25F7011_8000_80LARC20D0007_8000,contract,2025-07-31,8000_8000_80LARC25F7011_0_80LARC20D0007_0,2024-11-19,0,base_transaction,resolved,2026-07-31
80LARC25P0002,CONT_AWD_80LARC25P0002_8000_-NONE-_-NONE-,contract,2026-08-30,8000_-NONE-_80LARC25P0002_0_-NONE-_0,2025-09-18,0,base_transaction,resolved,2026-07-31
80LARC26F7025,CONT_AWD_80LARC26F7025_8000_80GSFC19D0011_8000,contract,2027-05-31,8000_8000_80LARC26F7025_0_80GSFC19D0011_0,2026-05-12,0,base_transaction,resolved,2026-07-31
80MSFC19C0042,CONT_AWD_80MSFC19C0042_8000_-NONE-_-NONE-,contract,2019-12-04,8000_-NONE-_80MSFC19C0042_0_-NONE-_0,2019-09-05,0,base_transaction,resolved,2026-07-31
80MSFC20C0050,CONT_AWD_80MSFC20C0050_8000_-NONE-_-NONE-,contract,2021-09-12,8000_-NONE-_80MSFC20C0050_0_-NONE-_0,2020-09-11,0,base_transaction,resolved,2026-07-31
80MSFC21C0010,CONT_AWD_80MSFC21C0010_8000_-NONE-_-NONE-,contract,2026-03-03,8000_-NONE-_80MSFC21C0010_0_-NONE-_0,2021-03-04,0,base_transaction,resolved,2026-07-31
80MSFC21CA001,CONT_AWD_80MSFC21CA001_8000_-NONE-_-NONE-,contract,2024-11-16,8000_-NONE-_80MSFC21CA001_0_-NONE-_0,2021-08-19,0,base_transaction,resolved,2026-07-31
80MSFC22CA005,CONT_AWD_80MSFC22CA005_8000_-NONE-_-NONE-,contract,2028-07-31,8000_-NONE-_80MSFC22CA005_0_-NONE-_0,2022-03-01,0,base_transaction,resolved,2026-07-31
80MSFC22F0153,CONT_AWD_80MSFC22F0153_8000_80MSFC20D0004_8000,contract,2023-03-31,8000_8000_80MSFC22F0153_0_80MSFC20D0004_0,2022-07-15,0,base_transaction,resolved,2026-07-31
80MSFC24CA008,CONT_AWD_80MSFC24CA008_8000_-NONE-_-NONE-,contract,2027-10-31,8000_-NONE-_80MSFC24CA008_0_-NONE-_0,2024-09-10,0,base_transaction,resolved,2026-07-31
80MSFC24F0067,CONT_AWD_80MSFC24F0067_8000_80MSFC20D0004_8000,contract,2028-09-30,8000_8000_80MSFC24F0067_0_80MSFC20D0004_0,2024-03-22,0,base_transaction,resolved,2026-07-31
80NM0018F0566,CONT_AWD_80NM0018F0566_8000_80NM0018D0004_8000,contract,2022-09-30,8000_8000_80NM0018F0566_0_80NM0018D0004_0,2018-07-20,0,base_transaction,resolved,2026-07-31
80NM0018F0669,CONT_AWD_80NM0018F0669_8000_80NM0018D0004_8000,contract,2026-03-30,8000_8000_80NM0018F0669_0_80NM0018D0004_0,2018-07-27,0,base_transaction,resolved,2026-07-31
80NM0019F0075,CONT_AWD_80NM0019F0075_8000_80NM0018D0004_8000,contract,2024-08-02,8000_8000_80NM0019F0075_0_80NM0018D0004_0,2019-08-02,0,base_transaction,resolved,2026-07-31
80NM0022F0008,CONT_AWD_80NM0022F0008_8000_80NM0018D0004_8000,contract,2028-09-30,8000_8000_80NM0022F0008_0_80NM0018D0004_0,2021-12-15,0,base_transaction,resolved,2026-07-31
80NM0024F0047,CONT_AWD_80NM0024F0047_8000_80NM0018D0004_8000,contract,2026-02-28,8000_8000_80NM0024F0047_0_80NM0018D0004_0,2024-09-25,0,base_transaction,resolved,2026-07-31
80NSSC19K0326,ASST_NON_80NSSC19K0326_080,assistance,2023-12-31,8000_80NSSC19K0326_-NONE-_43.001_0,2019-04-02,0,base_transaction,resolved,2026-07-31
80NSSC19K0748,ASST_NON_80NSSC19K0748_080,assistance,2022-05-19,8000_80NSSC19K0748_-NONE-_43.001_0,2019-07-02,0,base_transaction,resolved,2026-07-31
80NSSC19K1666,ASST_NON_80NSSC19K1666_080,assistance,2025-09-02,8000_80NSSC19K1666_-NONE-_43.003_0,2019-09-27,0,base_transaction,resolved,2026-07-31
80NSSC20K0737,ASST_NON_80NSSC20K0737_080,assistance,2023-02-13,8000_80NSSC20K0737_-NONE-_43.001_0,2020-03-24,0,base_transaction,resolved,2026-07-31
80NSSC20K1485,ASST_NON_80NSSC20K1485_080,assistance,2023-12-31,8000_80NSSC20K1485_-NONE-_43.001_0,2020-09-25,0,base_transaction,resolved,2026-07-31
80NSSC20P1795,CONT_AWD_80NSSC20P1795_8000_-NONE-_-NONE-,contract,2020-09-30,8000_-NONE-_80NSSC20P1795_0_-NONE-_0,2020-08-23,0,base_transaction,resolved,2026-07-31
80NSSC21K0418,ASST_NON_80NSSC21K0418_080,assistance,2025-12-31,8000_80NSSC21K0418_-NONE-_43.001_0,2021-01-21,0,base_transaction,resolved,2026-07-31
80NSSC21K0446,ASST_NON_80NSSC21K0446_080,assistance,2022-01-04,8000_80NSSC21K0446_-NONE-_43.012_0,2021-03-03,0,base_transaction,resolved,2026-07-31
80NSSC21K0620,ASST_NON_80NSSC21K0620_080,assistance,2026-02-28,8000_80NSSC21K0620_-NONE-_43.001_0,2021-03-03,0,base_transaction,resolved,2026-07-31
80NSSC21K1069,ASST_NON_80NSSC21K1069_080,assistance,2024-07-12,8000_80NSSC21K1069_-NONE-_43.001_0,2021-08-26,0,base_transaction,resolved,2026-07-31
80NSSC21K1112,ASST_NON_80NSSC21K1112_080,assistance,2025-05-23,8000_80NSSC21K1112_-NONE-_43.001_0,2021-08-23,0,base_transaction,resolved,2026-07-31
80NSSC21K1248,ASST_NON_80NSSC21K1248_080,assistance,2025-08-29,8000_80NSSC21K1248_-NONE-_43.012_0,2021-07-09,0,base_transaction,resolved,2026-07-31
80NSSC21K1255,ASST_NON_80NSSC21K1255_080,assistance,2025-08-01,8000_80NSSC21K1255_-NONE-_43.012_0,2021-07-07,0,base_transaction,resolved,2026-07-31
80NSSC21K1267,ASST_NON_80NSSC21K1267_080,assistance,2025-08-15,8000_80NSSC21K1267_-NONE-_43.012_0,2021-07-16,0,base_transaction,resolved,2026-07-31
80NSSC21K1274,ASST_NON_80NSSC21K1274_080,assistance,2025-08-15,8000_80NSSC21K1274_-NONE-_43.012_0,2021-07-15,0,base_transaction,resolved,2026-07-31
80NSSC21K1278,ASST_NON_80NSSC21K1278_080,assistance,2025-08-29,8000_80NSSC21K1278_-NONE-_43.012_0,2021-07-15,0,base_transaction,resolved,2026-07-31
80NSSC21K1280,ASST_NON_80NSSC21K1280_080,assistance,2025-08-01,8000_80NSSC21K1280_-NONE-_43.012_0,2021-07-15,0,base_transaction,resolved,2026-07-31
80NSSC21K1281,ASST_NON_80NSSC21K1281_080,assistance,2025-08-29,8000_80NSSC21K1281_-NONE-_43.012_0,2021-07-15,0,base_transaction,resolved,2026-07-31
80NSSC21K1284,ASST_NON_80NSSC21K1284_080,assistance,2025-08-01,8000_80NSSC21K1284_-NONE-_43.012_0,2021-07-16,0,base_transaction,resolved,2026-07-31
80NSSC21K1288,ASST_NON_80NSSC21K1288_080,assistance,2025-08-15,8000_80NSSC21K1288_-NONE-_43.012_0,2021-07-14,0,base_transaction,resolved,2026-07-31
80NSSC21K1301,ASST_NON_80NSSC21K1301_080,assistance,2025-08-29,8000_80NSSC21K1301_-NONE-_43.012_0,2021-07-15,0,base_transaction,resolved,2026-07-31
80NSSC21K1443,ASST_NON_80NSSC21K1443_080,assistance,2024-07-31,8000_80NSSC21K1443_-NONE-_43.001_0,2021-08-21,0,base_transaction,resolved,2026-07-31
80NSSC21K1488,ASST_NON_80NSSC21K1488_080,assistance,2026-08-31,8000_80NSSC21K1488_-NONE-_43.001_0,2021-09-02,0,base_transaction,resolved,2026-07-31
80NSSC21K1667,ASST_NON_80NSSC21K1667_080,assistance,2023-08-31,8000_80NSSC21K1667_-NONE-_43.001_0,2021-08-11,0,base_transaction,resolved,2026-07-31
80NSSC21K1957,ASST_NON_80NSSC21K1957_080,assistance,2026-08-25,8000_80NSSC21K1957_-NONE-_43.001_0,2021-09-29,0,base_transaction,resolved,2026-07-31
80NSSC21M0002,ASST_NON_80NSSC21M0002_080,assistance,2025-12-31,8000_80NSSC21M0002_-NONE-_43.001_0,2020-12-04,0,base_transaction,resolved,2026-07-31
80NSSC21M0003,ASST_NON_80NSSC21M0003_080,assistance,2025-12-31,8000_80NSSC21M0003_-NONE-_43.001_0,2020-11-16,0,base_transaction,resolved,2026-07-31
80NSSC21M0005,ASST_NON_80NSSC21M0005_080,assistance,2025-12-31,8000_80NSSC21M0005_-NONE-_43.001_0,2020-12-01,0,base_transaction,resolved,2026-07-31
80NSSC21P1879,CONT_AWD_80NSSC21P1879_8000_-NONE-_-NONE-,contract,2021-10-31,8000_-NONE-_80NSSC21P1879_0_-NONE-_0,2020-10-07,0,base_transaction,resolved,2026-07-31
80NSSC22K0223,ASST_NON_80NSSC22K0223_080,assistance,2023-11-08,8000_80NSSC22K0223_-NONE-_43.001_0,2022-02-01,0,base_transaction,resolved,2026-07-31
80NSSC22K0532,ASST_NON_80NSSC22K0532_080,assistance,2026-01-25,8000_80NSSC22K0532_-NONE-_43.001_0,2022-02-09,0,base_transaction,resolved,2026-07-31
80NSSC22K0668,ASST_NON_80NSSC22K0668_080,assistance,2025-06-30,8000_80NSSC22K0668_-NONE-_43.001_0,2022-03-08,0,base_transaction,resolved,2026-07-31
80NSSC22K0674,ASST_NON_80NSSC22K0674_080,assistance,2025-02-15,8000_80NSSC22K0674_-NONE-_43.001_0,2022-04-11,0,base_transaction,resolved,2026-07-31
80NSSC22K0999,ASST_NON_80NSSC22K0999_080,assistance,2026-05-31,8000_80NSSC22K0999_-NONE-_43.001_0,2022-07-01,0,base_transaction,resolved,2026-07-31
80NSSC22K1051,ASST_NON_80NSSC22K1051_080,assistance,2023-05-19,8000_80NSSC22K1051_-NONE-_43.001_0,2022-06-07,0,base_transaction,resolved,2026-07-31
80NSSC22K1174,ASST_NON_80NSSC22K1174_080,assistance,2026-08-28,8000_80NSSC22K1174_-NONE-_43.012_0,2022-07-07,0,base_transaction,resolved,2026-07-31
80NSSC22K1186,ASST_NON_80NSSC22K1186_080,assistance,2026-08-28,8000_80NSSC22K1186_-NONE-_43.012_0,2022-07-14,0,base_transaction,resolved,2026-07-31
80NSSC22K1191,ASST_NON_80NSSC22K1191_080,assistance,2026-08-28,8000_80NSSC22K1191_-NONE-_43.012_0,2022-07-14,0,base_transaction,resolved,2026-07-31
80NSSC22K1201,ASST_NON_80NSSC22K1201_080,assistance,2026-07-31,8000_80NSSC22K1201_-NONE-_43.012_0,2022-07-14,0,base_transaction,resolved,2026-07-31
80NSSC22K1414,ASST_NON_80NSSC22K1414_080,assistance,2025-08-31,8000_80NSSC22K1414_-NONE-_43.001_0,2022-08-16,0,base_transaction,resolved,2026-07-31
80NSSC22K1658,ASST_NON_80NSSC22K1658_080,assistance,2024-12-31,8000_80NSSC22K1658_-NONE-_43.001_0,2022-09-21,0,base_transaction,resolved,2026-07-31
80NSSC22K1673,ASST_NON_80NSSC22K1673_080,assistance,2024-08-31,8000_80NSSC22K1673_-NONE-_43.001_0,2022-08-19,0,base_transaction,resolved,2026-07-31
80NSSC22K1675,ASST_NON_80NSSC22K1675_080,assistance,2024-08-31,8000_80NSSC22K1675_-NONE-_43.001_0,2022-09-01,0,base_transaction,resolved,2026-07-31
80NSSC22K1681,ASST_NON_80NSSC22K1681_080,assistance,2024-08-31,8000_80NSSC22K1681_-NONE-_43.001_0,2022-09-07,0,base_transaction,resolved,2026-07-31
80NSSC22M0122,ASST_NON_80NSSC22M0122_080,assistance,2026-04-26,8000_80NSSC22M0122_-NONE-_43.001_0,2022-08-11,0,base_transaction,resolved,2026-07-31
80NSSC22PA482,CONT_AWD_80NSSC22PA482_8000_-NONE-_-NONE-,contract,2023-06-30,8000_-NONE-_80NSSC22PA482_0_-NONE-_0,2022-04-08,0,base_transaction,resolved,2026-07-31
80NSSC22PB703,CONT_AWD_80NSSC22PB703_8000_-NONE-_-NONE-,contract,2023-08-04,8000_-NONE-_80NSSC22PB703_0_-NONE-_0,2022-08-02,0,base_transaction,resolved,2026-07-31
80NSSC23AA019,CONT_IDV_80NSSC23AA019_8000,idv,2028-09-30,8000_-NONE-_80NSSC23AA019_0_-NONE-_-NONE-,2023-06-30,0,base_transaction,resolved,2026-07-31
80NSSC23F0002,CONT_AWD_80NSSC23F0002_8000_NNG15SD22B_8000,contract,2025-10-14,8000_8000_80NSSC23F0002_0_NNG15SD22B_0,2022-10-06,0,base_transaction,resolved,2026-07-31
80NSSC23FA107,CONT_AWD_80NSSC23FA107_8000_80NSSC22DA010_8000,contract,2023-10-11,8000_8000_80NSSC23FA107_0_80NSSC22DA010_0,2022-12-16,0,base_transaction,resolved,2026-07-31
80NSSC23FA267,CONT_AWD_80NSSC23FA267_8000_80NSSC23AA003_8000,contract,2024-03-31,8000_8000_80NSSC23FA267_0_80NSSC23AA003_0,2023-03-28,0,base_transaction,resolved,2026-07-31
80NSSC23FA279,CONT_AWD_80NSSC23FA279_8000_GS10F0331M_4730,contract,2024-03-06,8000_4730_80NSSC23FA279_0_GS10F0331M_0,2023-03-07,0,base_transaction,resolved,2026-07-31
80NSSC23FA528,CONT_AWD_80NSSC23FA528_8000_80NSSC23DA001_8000,contract,2024-02-29,8000_8000_80NSSC23FA528_0_80NSSC23DA001_0,2023-06-13,0,base_transaction,resolved,2026-07-31
80NSSC23FB052,CONT_AWD_80NSSC23FB052_8000_80NSSC23DA002_8000,contract,2028-02-29,8000_8000_80NSSC23FB052_0_80NSSC23DA002_0,2023-09-07,0,base_transaction,resolved,2026-07-31
80NSSC23K0028,ASST_NON_80NSSC23K0028_080,assistance,2027-09-30,8000_80NSSC23K0028_-NONE-_43.001_0,2022-10-17,0,base_transaction,resolved,2026-07-31
80NSSC23K0033,ASST_NON_80NSSC23K0033_080,assistance,2027-10-05,8000_80NSSC23K0033_-NONE-_43.001_0,2022-10-20,0,base_transaction,resolved,2026-07-31
80NSSC23K0037,ASST_NON_80NSSC23K0037_080,assistance,2025-12-31,8000_80NSSC23K0037_-NONE-_43.001_0,2022-10-27,0,base_transaction,resolved,2026-07-31
80NSSC23K0183,ASST_NON_80NSSC23K0183_080,assistance,2025-12-31,8000_80NSSC23K0183_-NONE-_43.001_0,2023-01-06,0,base_transaction,resolved,2026-07-31
80NSSC23K0241,ASST_NON_80NSSC23K0241_080,assistance,2024-01-31,8000_80NSSC23K0241_-NONE-_43.001_0,2022-12-13,0,base_transaction,resolved,2026-07-31
80NSSC23K0309,ASST_NON_80NSSC23K0309_080,assistance,2025-12-31,8000_80NSSC23K0309_-NONE-_43.001_0,2023-01-06,0,base_transaction,resolved,2026-07-31
80NSSC23K0466,ASST_NON_80NSSC23K0466_080,assistance,2026-03-31,8000_80NSSC23K0466_-NONE-_43.001_0,2023-05-01,0,base_transaction,resolved,2026-07-31
80NSSC23K0584,ASST_NON_80NSSC23K0584_080,assistance,2026-04-30,8000_80NSSC23K0584_-NONE-_43.001_0,2023-03-08,0,base_transaction,resolved,2026-07-31
80NSSC23K0600,ASST_NON_80NSSC23K0600_080,assistance,2025-02-06,8000_80NSSC23K0600_-NONE-_43.001_0,2023-04-13,0,base_transaction,resolved,2026-07-31
80NSSC23K0787,ASST_NON_80NSSC23K0787_080,assistance,2026-03-31,8000_80NSSC23K0787_-NONE-_43.001_0,2023-04-25,0,base_transaction,resolved,2026-07-31
80NSSC23K0815,ASST_NON_80NSSC23K0815_080,assistance,2026-04-30,8000_80NSSC23K0815_-NONE-_43.001_0,2023-06-02,0,base_transaction,resolved,2026-07-31
80NSSC23K0833,ASST_NON_80NSSC23K0833_080,assistance,2026-06-15,8000_80NSSC23K0833_-NONE-_43.001_0,2023-05-17,0,base_transaction,resolved,2026-07-31
80NSSC23K0935,ASST_NON_80NSSC23K0935_080,assistance,2026-04-30,8000_80NSSC23K0935_-NONE-_43.001_0,2023-06-15,0,base_transaction,resolved,2026-07-31
80NSSC23K0983,ASST_NON_80NSSC23K0983_080,assistance,2027-05-08,8000_80NSSC23K0983_-NONE-_43.001_0,2023-06-29,0,base_transaction,resolved,2026-07-31
80NSSC23K1055,ASST_NON_80NSSC23K1055_080,assistance,2027-05-31,8000_80NSSC23K1055_-NONE-_43.001_0,2023-06-28,0,base_transaction,resolved,2026-07-31
80NSSC23K1058,ASST_NON_80NSSC23K1058_080,assistance,2026-12-31,8000_80NSSC23K1058_-NONE-_43.001_0,2023-07-26,0,base_transaction,resolved,2026-07-31
80NSSC23K1064,ASST_NON_80NSSC23K1064_080,assistance,2027-05-23,8000_80NSSC23K1064_-NONE-_43.001_0,2023-07-07,0,base_transaction,resolved,2026-07-31
80NSSC23K1130,ASST_NON_80NSSC23K1130_080,assistance,2027-05-31,8000_80NSSC23K1130_-NONE-_43.001_0,2023-07-03,0,base_transaction,resolved,2026-07-31
80NSSC23K1164,ASST_NON_80NSSC23K1164_080,assistance,2032-06-25,8000_80NSSC23K1164_-NONE-_43.001_0,2023-08-22,0,base_transaction,resolved,2026-07-31
80NSSC23K1175,ASST_NON_80NSSC23K1175_080,assistance,2027-08-14,8000_80NSSC23K1175_-NONE-_43.012_0,2023-07-19,0,base_transaction,resolved,2026-07-31
80NSSC23K1200,ASST_NON_80NSSC23K1200_080,assistance,2027-08-14,8000_80NSSC23K1200_-NONE-_43.012_0,2023-07-27,0,base_transaction,resolved,2026-07-31
80NSSC23K1211,ASST_NON_80NSSC23K1211_080,assistance,2027-08-14,8000_80NSSC23K1211_-NONE-_43.012_0,2023-07-31,0,base_transaction,resolved,2026-07-31
80NSSC23K1223,ASST_NON_80NSSC23K1223_080,assistance,2027-08-28,8000_80NSSC23K1223_-NONE-_43.012_0,2023-07-28,0,base_transaction,resolved,2026-07-31
80NSSC23K1228,ASST_NON_80NSSC23K1228_080,assistance,2027-07-31,8000_80NSSC23K1228_-NONE-_43.012_0,2023-08-03,0,base_transaction,resolved,2026-07-31
80NSSC23K1269,ASST_NON_80NSSC23K1269_080,assistance,2026-08-14,8000_80NSSC23K1269_-NONE-_43.001_0,2023-07-28,0,base_transaction,resolved,2026-07-31
80NSSC23K1293,ASST_NON_80NSSC23K1293_080,assistance,2026-07-19,8000_80NSSC23K1293_-NONE-_43.001_0,2023-09-25,0,base_transaction,resolved,2026-07-31
80NSSC23K1300,ASST_NON_80NSSC23K1300_080,assistance,2026-07-23,8000_80NSSC23K1300_-NONE-_43.001_0,2023-08-11,0,base_transaction,resolved,2026-07-31
80NSSC23K1330,ASST_NON_80NSSC23K1330_080,assistance,2026-08-31,8000_80NSSC23K1330_-NONE-_43.001_0,2023-08-22,0,base_transaction,resolved,2026-07-31
80NSSC23K1348,ASST_NON_80NSSC23K1348_080,assistance,2024-08-20,8000_80NSSC23K1348_-NONE-_43.001_0,2023-08-30,0,base_transaction,resolved,2026-07-31
80NSSC23K1372,ASST_NON_80NSSC23K1372_080,assistance,2026-08-20,8000_80NSSC23K1372_-NONE-_43.001_0,2023-08-23,0,base_transaction,resolved,2026-07-31
80NSSC23K1391,ASST_NON_80NSSC23K1391_080,assistance,2026-05-31,8000_80NSSC23K1391_-NONE-_43.001_0,2023-08-29,0,base_transaction,resolved,2026-07-31
80NSSC23K1430,ASST_NON_80NSSC23K1430_080,assistance,2026-08-31,8000_80NSSC23K1430_-NONE-_43.001_0,2023-09-28,0,base_transaction,resolved,2026-07-31
80NSSC23K1435,ASST_NON_80NSSC23K1435_080,assistance,2026-08-31,8000_80NSSC23K1435_-NONE-_43.001_0,2023-09-05,0,base_transaction,resolved,2026-07-31
80NSSC23K1496,ASST_NON_80NSSC23K1496_080,assistance,2026-10-15,8000_80NSSC23K1496_-NONE-_43.012_0,2023-09-26,0,base_transaction,resolved,2026-07-31
80NSSC23K1585,ASST_NON_80NSSC23K1585_080,assistance,2026-09-30,8000_80NSSC23K1585_-NONE-_43.001_0,2023-09-15,0,base_transaction,resolved,2026-07-31
80NSSC23K1592,ASST_NON_80NSSC23K1592_080,assistance,2026-07-31,8000_80NSSC23K1592_-NONE-_43.001_0,2023-09-11,0,base_transaction,resolved,2026-07-31
80NSSC23M0020,ASST_NON_80NSSC23M0020_080,assistance,2025-12-31,8000_80NSSC23M0020_-NONE-_43.001_0,2023-01-26,0,base_transaction,resolved,2026-07-31
80NSSC23M0024,ASST_NON_80NSSC23M0024_080,assistance,2023-12-01,8000_80NSSC23M0024_-NONE-_43.001_0,2023-01-26,0,base_transaction,resolved,2026-07-31
80NSSC23M0119,ASST_NON_80NSSC23M0119_080,assistance,2026-07-31,8000_80NSSC23M0119_-NONE-_43.008_0,2023-08-28,0,base_transaction,resolved,2026-07-31
80NSSC23M0120,ASST_NON_80NSSC23M0120_080,assistance,2026-07-31,8000_80NSSC23M0120_-NONE-_43.008_0,2023-08-31,0,base_transaction,resolved,2026-07-31
80NSSC23M0123,ASST_NON_80NSSC23M0123_080,assistance,2026-07-31,8000_80NSSC23M0123_-NONE-_43.008_0,2023-08-28,0,base_transaction,resolved,2026-07-31
80NSSC23M0124,ASST_NON_80NSSC23M0124_080,assistance,2026-07-31,8000_80NSSC23M0124_-NONE-_43.008_0,2023-08-28,0,base_transaction,resolved,2026-07-31
80NSSC23M0125,ASST_NON_80NSSC23M0125_080,assistance,2026-07-31,8000_80NSSC23M0125_-NONE-_43.008_0,2023-08-29,0,base_transaction,resolved,2026-07-31
80NSSC23M0126,ASST_NON_80NSSC23M0126_080,assistance,2026-07-31,8000_80NSSC23M0126_-NONE-_43.008_0,2023-08-31,0,base_transaction,resolved,2026-07-31
80NSSC23M0127,ASST_NON_80NSSC23M0127_080,assistance,2026-07-31,8000_80NSSC23M0127_-NONE-_43.008_0,2023-08-25,0,base_transaction,resolved,2026-07-31
80NSSC23PA010,CONT_AWD_80NSSC23PA010_8000_-NONE-_-NONE-,contract,2027-09-30,8000_-NONE-_80NSSC23PA010_0_-NONE-_0,2022-10-06,0,base_transaction,resolved,2026-07-31
80NSSC23PB058,CONT_AWD_80NSSC23PB058_8000_-NONE-_-NONE-,contract,2026-05-20,8000_-NONE-_80NSSC23PB058_0_-NONE-_0,2023-05-15,0,base_transaction,resolved,2026-07-31
80NSSC23PB368,CONT_AWD_80NSSC23PB368_8000_-NONE-_-NONE-,contract,2025-12-31,8000_-NONE-_80NSSC23PB368_0_-NONE-_0,2023-09-22,0,base_transaction,resolved,2026-07-31
80NSSC24AA010,CONT_IDV_80NSSC24AA010_8000,idv,2029-07-15,8000_-NONE-_80NSSC24AA010_0_-NONE-_-NONE-,2024-01-30,0,base_transaction,resolved,2026-07-31
80NSSC24AA011,CONT_IDV_80NSSC24AA011_8000,idv,2029-07-15,8000_-NONE-_80NSSC24AA011_0_-NONE-_-NONE-,2024-01-30,0,base_transaction,resolved,2026-07-31
80NSSC24AA012,CONT_IDV_80NSSC24AA012_8000,idv,2029-07-15,8000_-NONE-_80NSSC24AA012_0_-NONE-_-NONE-,2024-01-30,0,base_transaction,resolved,2026-07-31
80NSSC24AA013,CONT_IDV_80NSSC24AA013_8000,idv,2029-07-15,8000_-NONE-_80NSSC24AA013_0_-NONE-_-NONE-,2024-01-30,0,base_transaction,resolved,2026-07-31
80NSSC24AA014,CONT_IDV_80NSSC24AA014_8000,idv,2029-07-15,8000_-NONE-_80NSSC24AA014_0_-NONE-_-NONE-,2024-01-30,0,base_transaction,resolved,2026-07-31
80NSSC24AA015,CONT_IDV_80NSSC24AA015_8000,idv,2029-07-15,8000_-NONE-_80NSSC24AA015_0_-NONE-_-NONE-,2024-01-30,0,base_transaction,resolved,2026-07-31
80NSSC24CA161,CONT_AWD_80NSSC24CA161_8000_-NONE-_-NONE-,contract,2026-08-07,8000_-NONE-_80NSSC24CA161_0_-NONE-_0,2024-08-08,0,base_transaction,resolved,2026-07-31
80NSSC24FA260,CONT_AWD_80NSSC24FA260_8000_NNG15SC39B_8000,contract,2025-02-28,8000_8000_80NSSC24FA260_0_NNG15SC39B_0,2024-02-05,0,base_transaction,resolved,2026-07-31
80NSSC24FA447,CONT_AWD_80NSSC24FA447_8000_80NSSC23DA003_8000,contract,2025-02-28,8000_8000_80NSSC24FA447_0_80NSSC23DA003_0,2024-04-15,0,base_transaction,resolved,2026-07-31
80NSSC24FA558,CONT_AWD_80NSSC24FA558_8000_NNG15SD25B_8000,contract,2025-06-30,8000_8000_80NSSC24FA558_0_NNG15SD25B_0,2024-05-09,0,base_transaction,resolved,2026-07-31
80NSSC24FA979,CONT_AWD_80NSSC24FA979_8000_80NSSC24AA010_8000,contract,2025-07-31,8000_8000_80NSSC24FA979_0_80NSSC24AA010_0,2024-07-30,0,base_transaction,resolved,2026-07-31
80NSSC24K0113,ASST_NON_80NSSC24K0113_080,assistance,2028-10-17,8000_80NSSC24K0113_-NONE-_43.001_0,2023-12-06,0,base_transaction,resolved,2026-07-31
80NSSC24K0114,ASST_NON_80NSSC24K0114_080,assistance,2028-10-17,8000_80NSSC24K0114_-NONE-_43.001_0,2023-11-16,0,base_transaction,resolved,2026-07-31
80NSSC24K0115,ASST_NON_80NSSC24K0115_080,assistance,2028-10-17,8000_80NSSC24K0115_-NONE-_43.001_0,2023-11-29,0,base_transaction,resolved,2026-07-31
80NSSC24K0157,ASST_NON_80NSSC24K0157_080,assistance,2026-12-31,8000_80NSSC24K0157_-NONE-_43.001_0,2023-11-09,0,base_transaction,resolved,2026-07-31
80NSSC24K0176,ASST_NON_80NSSC24K0176_080,assistance,2026-10-24,8000_80NSSC24K0176_-NONE-_43.001_0,2023-11-22,0,base_transaction,resolved,2026-07-31
80NSSC24K0177,ASST_NON_80NSSC24K0177_080,assistance,2026-10-24,8000_80NSSC24K0177_-NONE-_43.001_0,2023-11-30,0,base_transaction,resolved,2026-07-31
80NSSC24K0178,ASST_NON_80NSSC24K0178_080,assistance,2026-10-31,8000_80NSSC24K0178_-NONE-_43.001_0,2024-01-03,0,base_transaction,resolved,2026-07-31
80NSSC24K0343,ASST_NON_80NSSC24K0343_080,assistance,2026-11-15,8000_80NSSC24K0343_-NONE-_43.001_0,2024-02-21,0,base_transaction,resolved,2026-07-31
80NSSC24K0373,ASST_NON_80NSSC24K0373_080,assistance,2026-03-19,8000_80NSSC24K0373_-NONE-_43.001_0,2024-03-20,0,base_transaction,resolved,2026-07-31
80NSSC24K0482,ASST_NON_80NSSC24K0482_080,assistance,2026-11-29,8000_80NSSC24K0482_-NONE-_43.001_0,2024-02-02,0,base_transaction,resolved,2026-07-31
80NSSC24K0503,ASST_NON_80NSSC24K0503_080,assistance,2027-03-14,8000_80NSSC24K0503_-NONE-_43.001_0,2024-02-16,0,base_transaction,resolved,2026-07-31
80NSSC24K0520,ASST_NON_80NSSC24K0520_080,assistance,2027-03-31,8000_80NSSC24K0520_-NONE-_43.001_0,2024-06-28,0,base_transaction,resolved,2026-07-31
80NSSC24K0540,ASST_NON_80NSSC24K0540_080,assistance,2025-01-10,8000_80NSSC24K0540_-NONE-_43.001_0,2024-02-02,0,base_transaction,resolved,2026-07-31
80NSSC24K0632,ASST_NON_80NSSC24K0632_080,assistance,2025-03-31,8000_80NSSC24K0632_-NONE-_43.001_0,2024-02-26,0,base_transaction,resolved,2026-07-31
80NSSC24K0677,ASST_NON_80NSSC24K0677_080,assistance,2028-02-28,8000_80NSSC24K0677_-NONE-_43.001_0,2024-03-01,0,base_transaction,resolved,2026-07-31
80NSSC24K0763,ASST_NON_80NSSC24K0763_080,assistance,2027-02-28,8000_80NSSC24K0763_-NONE-_43.001_0,2024-03-26,0,base_transaction,resolved,2026-07-31
80NSSC24K0840,ASST_NON_80NSSC24K0840_080,assistance,2026-03-19,8000_80NSSC24K0840_-NONE-_43.001_0,2024-04-25,0,base_transaction,resolved,2026-07-31
80NSSC24K0874,ASST_NON_80NSSC24K0874_080,assistance,2027-03-31,8000_80NSSC24K0874_-NONE-_43.001_0,2024-04-25,0,base_transaction,resolved,2026-07-31
80NSSC24K0890,ASST_NON_80NSSC24K0890_080,assistance,2027-04-07,8000_80NSSC24K0890_-NONE-_43.001_0,2024-08-06,0,base_transaction,resolved,2026-07-31
80NSSC24K0892,ASST_NON_80NSSC24K0892_080,assistance,2027-03-28,8000_80NSSC24K0892_-NONE-_43.001_0,2024-08-05,0,base_transaction,resolved,2026-07-31
80NSSC24K0913,ASST_NON_80NSSC24K0913_080,assistance,2025-06-05,8000_80NSSC24K0913_-NONE-_43.001_0,2024-06-06,0,base_transaction,resolved,2026-07-31
80NSSC24K0927,ASST_NON_80NSSC24K0927_080,assistance,2027-08-31,8000_80NSSC24K0927_-NONE-_43.001_0,2024-05-09,0,base_transaction,resolved,2026-07-31
80NSSC24K0944,ASST_NON_80NSSC24K0944_080,assistance,2027-03-31,8000_80NSSC24K0944_-NONE-_43.001_0,2024-06-20,0,base_transaction,resolved,2026-07-31
80NSSC24K0966,ASST_NON_80NSSC24K0966_080,assistance,2025-08-31,8000_80NSSC24K0966_-NONE-_43.008_0,2024-06-14,0,base_transaction,resolved,2026-07-31
80NSSC24K1087,ASST_NON_80NSSC24K1087_080,assistance,2027-05-06,8000_80NSSC24K1087_-NONE-_43.001_0,2024-07-22,0,base_transaction,resolved,2026-07-31
80NSSC24K1193,ASST_NON_80NSSC24K1193_080,assistance,2027-06-30,8000_80NSSC24K1193_-NONE-_43.001_0,2024-07-30,0,base_transaction,resolved,2026-07-31
80NSSC24K1232,ASST_NON_80NSSC24K1232_080,assistance,2028-07-14,8000_80NSSC24K1232_-NONE-_43.001_0,2024-07-23,0,base_transaction,resolved,2026-07-31
80NSSC24K1264,ASST_NON_80NSSC24K1264_080,assistance,2025-06-11,8000_80NSSC24K1264_-NONE-_43.001_0,2024-07-11,0,base_transaction,resolved,2026-07-31
80NSSC24K1345,ASST_NON_80NSSC24K1345_080,assistance,2028-07-31,8000_80NSSC24K1345_-NONE-_43.012_0,2024-07-15,0,base_transaction,resolved,2026-07-31
80NSSC24K1357,ASST_NON_80NSSC24K1357_080,assistance,2026-07-31,8000_80NSSC24K1357_-NONE-_43.012_0,2024-08-01,0,base_transaction,resolved,2026-07-31
80NSSC24K1472,ASST_NON_80NSSC24K1472_080,assistance,2026-01-31,8000_80NSSC24K1472_-NONE-_43.001_0,2024-09-06,0,base_transaction,resolved,2026-07-31
80NSSC24K1612,ASST_NON_80NSSC24K1612_080,assistance,2027-08-15,8000_80NSSC24K1612_-NONE-_43.001_0,2024-09-05,0,base_transaction,resolved,2026-07-31
80NSSC24K1845,ASST_NON_80NSSC24K1845_080,assistance,2027-10-14,8000_80NSSC24K1845_-NONE-_43.001_0,2024-09-12,0,base_transaction,resolved,2026-07-31
80NSSC24K1854,ASST_NON_80NSSC24K1854_080,assistance,2028-08-30,8000_80NSSC24K1854_-NONE-_43.001_0,2024-09-17,0,base_transaction,resolved,2026-07-31
80NSSC24K1913,ASST_NON_80NSSC24K1913_080,assistance,2027-09-04,8000_80NSSC24K1913_-NONE-_43.001_0,2024-09-06,0,base_transaction,resolved,2026-07-31
80NSSC24M0190,ASST_NON_80NSSC24M0190_080,assistance,2029-07-10,8000_80NSSC24M0190_-NONE-_43.001_0,2024-08-14,0,base_transaction,resolved,2026-07-31
80NSSC24M0193,ASST_NON_80NSSC24M0193_080,assistance,2025-07-31,8000_80NSSC24M0193_-NONE-_43.012_0,2024-09-16,0,base_transaction,resolved,2026-07-31
80NSSC24M0209,ASST_NON_80NSSC24M0209_080,assistance,2026-09-30,8000_80NSSC24M0209_-NONE-_43.002_0,2024-09-27,0,base_transaction,resolved,2026-07-31
80NSSC24M0217,ASST_NON_80NSSC24M0217_080,assistance,2025-04-30,8000_80NSSC24M0217_-NONE-_43.001_0,2024-09-19,0,base_transaction,resolved,2026-07-31
80NSSC24PA210,CONT_AWD_80NSSC24PA210_8000_-NONE-_-NONE-,contract,2024-11-29,8000_-NONE-_80NSSC24PA210_0_-NONE-_0,2023-11-29,0,base_transaction,resolved,2026-07-31
80NSSC24PA590,CONT_AWD_80NSSC24PA590_8000_-NONE-_-NONE-,contract,2025-03-06,8000_-NONE-_80NSSC24PA590_0_-NONE-_0,2024-02-22,0,base_transaction,resolved,2026-07-31
80NSSC24PA609,CONT_AWD_80NSSC24PA609_8000_-NONE-_-NONE-,contract,2025-03-10,8000_-NONE-_80NSSC24PA609_0_-NONE-_0,2024-02-28,0,base_transaction,resolved,2026-07-31
80NSSC24PA660,CONT_AWD_80NSSC24PA660_8000_-NONE-_-NONE-,contract,2025-03-31,8000_-NONE-_80NSSC24PA660_0_-NONE-_0,2024-03-07,0,base_transaction,resolved,2026-07-31
80NSSC24PA710,CONT_AWD_80NSSC24PA710_8000_-NONE-_-NONE-,contract,2025-04-30,8000_-NONE-_80NSSC24PA710_0_-NONE-_0,2024-03-20,0,base_transaction,resolved,2026-07-31
80NSSC24PA723,CONT_AWD_80NSSC24PA723_8000_-NONE-_-NONE-,contract,2026-05-02,8000_-NONE-_80NSSC24PA723_0_-NONE-_0,2024-03-22,0,base_transaction,resolved,2026-07-31
80NSSC24PA753,CONT_AWD_80NSSC24PA753_8000_-NONE-_-NONE-,contract,2025-04-14,8000_-NONE-_80NSSC24PA753_0_-NONE-_0,2024-03-28,0,base_transaction,resolved,2026-07-31
80NSSC24PA923,CONT_AWD_80NSSC24PA923_8000_-NONE-_-NONE-,contract,2025-06-13,8000_-NONE-_80NSSC24PA923_0_-NONE-_0,2024-04-23,0,base_transaction,resolved,2026-07-31
80NSSC24PB114,CONT_AWD_80NSSC24PB114_8000_-NONE-_-NONE-,contract,2025-09-30,8000_-NONE-_80NSSC24PB114_0_-NONE-_0,2024-07-01,0,base_transaction,resolved,2026-07-31
80NSSC24PB139,CONT_AWD_80NSSC24PB139_8000_-NONE-_-NONE-,contract,2025-10-31,8000_-NONE-_80NSSC24PB139_0_-NONE-_0,2024-06-05,0,base_transaction,resolved,2026-07-31
80NSSC24PB679,CONT_AWD_80NSSC24PB679_8000_-NONE-_-NONE-,contract,2025-06-30,8000_-NONE-_80NSSC24PB679_0_-NONE-_0,2024-07-08,0,base_transaction,resolved,2026-07-31
80NSSC24PB717,CONT_AWD_80NSSC24PB717_8000_-NONE-_-NONE-,contract,2025-07-12,8000_-NONE-_80NSSC24PB717_0_-NONE-_0,2024-07-12,0,base_transaction,resolved,2026-07-31
80NSSC24PB720,CONT_AWD_80NSSC24PB720_8000_-NONE-_-NONE-,contract,2025-07-14,8000_-NONE-_80NSSC24PB720_0_-NONE-_0,2024-07-15,0,base_transaction,resolved,2026-07-31
80NSSC24PB891,CONT_AWD_80NSSC24PB891_8000_-NONE-_-NONE-,contract,2025-08-31,8000_-NONE-_80NSSC24PB891_0_-NONE-_0,2024-08-01,0,base_transaction,resolved,2026-07-31
80NSSC24PC049,CONT_AWD_80NSSC24PC049_8000_-NONE-_-NONE-,contract,2025-07-31,8000_-NONE-_80NSSC24PC049_0_-NONE-_0,2024-08-14,0,base_transaction,resolved,2026-07-31
80NSSC24PC064,CONT_AWD_80NSSC24PC064_8000_-NONE-_-NONE-,contract,2025-08-14,8000_-NONE-_80NSSC24PC064_0_-NONE-_0,2024-08-14,0,base_transaction,resolved,2026-07-31
80NSSC24PC269,CONT_AWD_80NSSC24PC269_8000_-NONE-_-NONE-,contract,2025-09-02,8000_-NONE-_80NSSC24PC269_0_-NONE-_0,2024-09-03,0,base_transaction,resolved,2026-07-31
80NSSC24PC331,CONT_AWD_80NSSC24PC331_8000_-NONE-_-NONE-,contract,2025-11-13,8000_-NONE-_80NSSC24PC331_0_-NONE-_0,2024-09-05,0,base_transaction,resolved,2026-07-31
80NSSC24PC363,CONT_AWD_80NSSC24PC363_8000_-NONE-_-NONE-,contract,2025-09-30,8000_-NONE-_80NSSC24PC363_0_-NONE-_0,2024-09-12,0,base_transaction,resolved,2026-07-31
80NSSC24PC367,CONT_AWD_80NSSC24PC367_8000_-NONE-_-NONE-,contract,2024-10-29,8000_-NONE-_80NSSC24PC367_0_-NONE-_0,2024-09-10,0,base_transaction,resolved,2026-07-31
80NSSC24PC394,CONT_AWD_80NSSC24PC394_8000_-NONE-_-NONE-,contract,2025-09-30,8000_-NONE-_80NSSC24PC394_0_-NONE-_0,2024-09-12,0,base_transaction,resolved,2026-07-31
80NSSC24PC405,CONT_AWD_80NSSC24PC405_8000_-NONE-_-NONE-,contract,2025-08-31,8000_-NONE-_80NSSC24PC405_0_-NONE-_0,2024-09-19,0,base_transaction,resolved,2026-07-31
80NSSC24PC475,CONT_AWD_80NSSC24PC475_8000_-NONE-_-NONE-,contract,2025-09-30,8000_-NONE-_80NSSC24PC475_0_-NONE-_0,2024-09-20,0,base_transaction,resolved,2026-07-31
80NSSC25CA075,CONT_AWD_80NSSC25CA075_8000_-NONE-_-NONE-,contract,2027-07-10,8000_-NONE-_80NSSC25CA075_0_-NONE-_0,2025-06-11,0,base_transaction,resolved,2026-07-31
80NSSC25FA034,CONT_AWD_80NSSC25FA034_8000_47QRAA19D006N_4732,contract,2025-10-21,8000_4732_80NSSC25FA034_0_47QRAA19D006N_0,2024-10-21,0,base_transaction,resolved,2026-07-31
80NSSC25FA078,CONT_AWD_80NSSC25FA078_8000_NNG15SD72B_8000,contract,2025-11-23,8000_8000_80NSSC25FA078_0_NNG15SD72B_0,2024-11-20,0,base_transaction,resolved,2026-07-31
80NSSC25FA145,CONT_AWD_80NSSC25FA145_8000_GS07F216BA_4732,contract,2025-03-31,8000_4732_80NSSC25FA145_0_GS07F216BA_0,2025-01-14,0,base_transaction,resolved,2026-07-31
80NSSC25FA147,CONT_AWD_80NSSC25FA147_8000_47QRAA23D000U_4732,contract,2026-03-03,8000_4732_80NSSC25FA147_0_47QRAA23D000U_0,2025-01-17,0,base_transaction,resolved,2026-07-31
80NSSC25FA259,CONT_AWD_80NSSC25FA259_8000_NNG15SD33B_8000,contract,2026-05-11,8000_8000_80NSSC25FA259_0_NNG15SD33B_0,2025-03-04,0,base_transaction,resolved,2026-07-31
80NSSC25FA315,CONT_AWD_80NSSC25FA315_8000_80NSSC24AA005_8000,contract,2025-05-08,8000_8000_80NSSC25FA315_0_80NSSC24AA005_0,2025-03-28,0,base_transaction,resolved,2026-07-31
80NSSC25FA413,CONT_AWD_80NSSC25FA413_8000_NNG15SD33B_8000,contract,2026-06-23,8000_8000_80NSSC25FA413_0_NNG15SD33B_0,2025-05-05,0,base_transaction,resolved,2026-07-31
80NSSC25K0024,ASST_NON_80NSSC25K0024_080,assistance,2030-05-27,8000_80NSSC25K0024_-NONE-_43.001_0,2025-07-23,0,base_transaction,resolved,2026-07-31
80NSSC25K0030,ASST_NON_80NSSC25K0030_080,assistance,2028-06-30,8000_80NSSC25K0030_-NONE-_43.001_0,2025-07-22,0,base_transaction,resolved,2026-07-31
80NSSC25K0045,ASST_NON_80NSSC25K0045_080,assistance,2029-06-14,8000_80NSSC25K0045_-NONE-_43.001_0,2025-08-06,0,base_transaction,resolved,2026-07-31
80NSSC25K0105,ASST_NON_80NSSC25K0105_080,assistance,2026-05-15,8000_80NSSC25K0105_-NONE-_43.001_0,2025-08-06,0,base_transaction,resolved,2026-07-31
80NSSC25K0108,ASST_NON_80NSSC25K0108_080,assistance,2028-05-22,8000_80NSSC25K0108_-NONE-_43.001_0,2025-07-30,0,base_transaction,resolved,2026-07-31
80NSSC25K0134,ASST_NON_80NSSC25K0134_080,assistance,2027-06-15,8000_80NSSC25K0134_-NONE-_43.001_0,2025-08-05,0,base_transaction,resolved,2026-07-31
80NSSC25K0284,ASST_NON_80NSSC25K0284_080,assistance,2026-10-31,8000_80NSSC25K0284_-NONE-_43.001_0,2025-08-14,0,base_transaction,resolved,2026-07-31
80NSSC25K7029,ASST_NON_80NSSC25K7029_080,assistance,2027-10-03,8000_80NSSC25K7029_-NONE-_43.001_0,2024-11-04,0,base_transaction,resolved,2026-07-31
80NSSC25K7030,ASST_NON_80NSSC25K7030_080,assistance,2027-10-03,8000_80NSSC25K7030_-NONE-_43.001_0,2024-12-16,0,base_transaction,resolved,2026-07-31
80NSSC25K7031,ASST_NON_80NSSC25K7031_080,assistance,2027-10-03,8000_80NSSC25K7031_-NONE-_43.001_0,2024-10-31,0,base_transaction,resolved,2026-07-31
80NSSC25K7032,ASST_NON_80NSSC25K7032_080,assistance,2027-10-03,8000_80NSSC25K7032_-NONE-_43.001_0,2024-11-01,0,base_transaction,resolved,2026-07-31
80NSSC25K7034,ASST_NON_80NSSC25K7034_080,assistance,2027-10-01,8000_80NSSC25K7034_-NONE-_43.001_0,2024-10-28,0,base_transaction,resolved,2026-07-31
80NSSC25K7036,ASST_NON_80NSSC25K7036_080,assistance,2027-10-03,8000_80NSSC25K7036_-NONE-_43.001_0,2024-11-19,0,base_transaction,resolved,2026-07-31
80NSSC25K7045,ASST_NON_80NSSC25K7045_080,assistance,2029-10-06,8000_80NSSC25K7045_-NONE-_43.001_0,2024-11-06,0,base_transaction,resolved,2026-07-31
80NSSC25K7118,ASST_NON_80NSSC25K7118_080,assistance,2027-10-07,8000_80NSSC25K7118_-NONE-_43.001_0,2024-12-02,0,base_transaction,resolved,2026-07-31
80NSSC25K7164,ASST_NON_80NSSC25K7164_080,assistance,2025-12-31,8000_80NSSC25K7164_-NONE-_43.001_0,2024-11-15,0,base_transaction,resolved,2026-07-31
80NSSC25K7254,ASST_NON_80NSSC25K7254_080,assistance,2027-09-30,8000_80NSSC25K7254_-NONE-_43.007_0,2025-02-19,0,base_transaction,resolved,2026-07-31
80NSSC25K7326,ASST_NON_80NSSC25K7326_080,assistance,2027-12-31,8000_80NSSC25K7326_-NONE-_43.001_0,2025-01-17,0,base_transaction,resolved,2026-07-31
80NSSC25K7437,ASST_NON_80NSSC25K7437_080,assistance,2027-12-31,8000_80NSSC25K7437_-NONE-_43.001_0,2025-02-07,0,base_transaction,resolved,2026-07-31
80NSSC25K7548,ASST_NON_80NSSC25K7548_080,assistance,2028-01-14,8000_80NSSC25K7548_-NONE-_43.001_0,2025-05-27,0,base_transaction,resolved,2026-07-31
80NSSC25K7577,ASST_NON_80NSSC25K7577_080,assistance,2026-02-28,8000_80NSSC25K7577_-NONE-_43.001_0,2025-05-19,0,base_transaction,resolved,2026-07-31
80NSSC25K7581,ASST_NON_80NSSC25K7581_080,assistance,2027-01-13,8000_80NSSC25K7581_-NONE-_43.001_0,2025-03-12,0,base_transaction,resolved,2026-07-31
80NSSC25K7593,ASST_NON_80NSSC25K7593_080,assistance,2026-01-02,8000_80NSSC25K7593_-NONE-_43.001_0,2025-05-22,0,base_transaction,resolved,2026-07-31
80NSSC25K7684,ASST_NON_80NSSC25K7684_080,assistance,2028-03-31,8000_80NSSC25K7684_-NONE-_43.001_0,2025-04-03,0,base_transaction,resolved,2026-07-31
80NSSC25K7833,ASST_NON_80NSSC25K7833_080,assistance,2028-05-18,8000_80NSSC25K7833_-NONE-_43.001_0,2025-06-26,0,base_transaction,resolved,2026-07-31
80NSSC25K7862,ASST_NON_80NSSC25K7862_080,assistance,2028-03-31,8000_80NSSC25K7862_-NONE-_43.001_0,2025-06-11,0,base_transaction,resolved,2026-07-31
80NSSC25M7096,ASST_NON_80NSSC25M7096_080,assistance,2027-01-27,8000_80NSSC25M7096_-NONE-_43.001_0,2025-05-27,0,base_transaction,resolved,2026-07-31
80NSSC25PA014,CONT_AWD_80NSSC25PA014_8000_-NONE-_-NONE-,contract,2025-08-31,8000_-NONE-_80NSSC25PA014_0_-NONE-_0,2024-10-02,0,base_transaction,resolved,2026-07-31
80NSSC25PA068,CONT_AWD_80NSSC25PA068_8000_-NONE-_-NONE-,contract,2025-12-31,8000_-NONE-_80NSSC25PA068_0_-NONE-_0,2024-10-16,0,base_transaction,resolved,2026-07-31
80NSSC25PA110,CONT_AWD_80NSSC25PA110_8000_-NONE-_-NONE-,contract,2025-10-28,8000_-NONE-_80NSSC25PA110_0_-NONE-_0,2024-10-29,0,base_transaction,resolved,2026-07-31
80NSSC25PA641,CONT_AWD_80NSSC25PA641_8000_-NONE-_-NONE-,contract,2025-05-22,8000_-NONE-_80NSSC25PA641_0_-NONE-_0,2025-02-27,0,base_transaction,resolved,2026-07-31
80NSSC25PA844,CONT_AWD_80NSSC25PA844_8000_-NONE-_-NONE-,contract,2025-06-12,8000_-NONE-_80NSSC25PA844_0_-NONE-_0,2025-04-04,0,base_transaction,resolved,2026-07-31
80NSSC25PA845,CONT_AWD_80NSSC25PA845_8000_-NONE-_-NONE-,contract,2025-10-01,8000_-NONE-_80NSSC25PA845_0_-NONE-_0,2025-04-02,0,base_transaction,resolved,2026-07-31
80NSSC25PA974,CONT_AWD_80NSSC25PA974_8000_-NONE-_-NONE-,contract,2026-04-28,8000_-NONE-_80NSSC25PA974_0_-NONE-_0,2025-04-28,0,base_transaction,resolved,2026-07-31
80NSSC25PA999,CONT_AWD_80NSSC25PA999_8000_-NONE-_-NONE-,contract,2027-08-18,8000_-NONE-_80NSSC25PA999_0_-NONE-_0,2025-05-06,0,base_transaction,resolved,2026-07-31
80NSSC25PB270,CONT_AWD_80NSSC25PB270_8000_-NONE-_-NONE-,contract,2025-07-01,8000_-NONE-_80NSSC25PB270_0_-NONE-_0,2025-06-24,0,base_transaction,resolved,2026-07-31
80NSSC25PB602,CONT_AWD_80NSSC25PB602_8000_-NONE-_-NONE-,contract,2025-09-25,8000_-NONE-_80NSSC25PB602_0_-NONE-_0,2025-08-04,0,base_transaction,resolved,2026-07-31
80NSSC25PC038,CONT_AWD_80NSSC25PC038_8000_-NONE-_-NONE-,contract,2026-09-25,8000_-NONE-_80NSSC25PC038_0_-NONE-_0,2025-09-26,0,base_transaction,resolved,2026-07-31
80NSSC26FA089,CONT_AWD_80NSSC26FA089_8000_80NSSC24AA007_8000,contract,2026-09-30,8000_8000_80NSSC26FA089_0_80NSSC24AA007_0,2025-12-23,0,base_transaction,resolved,2026-07-31
80NSSC26FA315,CONT_AWD_80NSSC26FA315_8000_NNG15SC71B_8000,contract,2027-05-31,8000_8000_80NSSC26FA315_0_NNG15SC71B_0,2026-04-14,0,base_transaction,resolved,2026-07-31
80NSSC26M0002,ASST_NON_80NSSC26M0002_080,assistance,2030-12-18,8000_80NSSC26M0002_-NONE-_43.001_0,2026-02-02,0,base_transaction,resolved,2026-07-31
80NSSC26M0008,ASST_NON_80NSSC26M0008_080,assistance,2027-06-30,8000_80NSSC26M0008_-NONE-_43.001_0,2026-02-02,0,base_transaction,resolved,2026-07-31
80NSSC26P0009,CONT_AWD_80NSSC26P0009_8000_-NONE-_-NONE-,contract,2025-12-31,8000_-NONE-_80NSSC26P0009_0_-NONE-_0,2025-11-20,0,base_transaction,resolved,2026-07-31
80NSSC26P0092,CONT_AWD_80NSSC26P0092_8000_-NONE-_-NONE-,contract,2026-08-18,8000_-NONE-_80NSSC26P0092_0_-NONE-_0,2025-12-18,0,base_transaction,resolved,2026-07-31
80NSSC26P0115,CONT_AWD_80NSSC26P0115_8000_-NONE-_-NONE-,contract,2027-03-04,8000_-NONE-_80NSSC26P0115_0_-NONE-_0,2025-12-30,0,base_transaction,resolved,2026-07-31
80NSSC26P0289,CONT_AWD_80NSSC26P0289_8000_-NONE-_-NONE-,contract,2026-05-25,8000_-NONE-_80NSSC26P0289_0_-NONE-_0,2026-03-02,0,base_transaction,resolved,2026-07-31
80NSSC26P0347,CONT_AWD_80NSSC26P0347_8000_-NONE-_-NONE-,contract,2026-04-23,8000_-NONE-_80NSSC26P0347_0_-NONE-_0,2026-03-19,0,base_transaction,resolved,2026-07-31
80NSSC26P0407,CONT_AWD_80NSSC26P0407_8000_-NONE-_-NONE-,contract,2027-04-30,8000_-NONE-_80NSSC26P0407_0_-NONE-_0,2026-04-14,0,base_transaction,resolved,2026-07-31
80NSSC26P0502,CONT_AWD_80NSSC26P0502_8000_-NONE-_-NONE-,contract,2026-11-01,8000_-NONE-_80NSSC26P0502_0_-NONE-_0,2026-04-17,0,base_transaction,resolved,2026-07-31
80SSC021F0001,CONT_AWD_80SSC021F0001_8000_80SSC021A0001_8000,contract,2021-06-30,8000_8000_80SSC021F0001_0_80SSC021A0001_0,2020-10-20,0,base_transaction,resolved,2026-07-31
80SSC026C0002,CONT_AWD_80SSC026C0002_8000_-NONE-_-NONE-,contract,2026-12-31,8000_-NONE-_80SSC026C0002_0_-NONE-_0,2026-04-01,0,base_transaction,resolved,2026-07-31
80TECH25PA010,CONT_AWD_80TECH25PA010_8000_-NONE-_-NONE-,contract,2025-07-29,8000_-NONE-_80TECH25PA010_0_-NONE-_0,2025-02-25,0,base_transaction,resolved,2026-07-31
NNG09FA40C,CONT_AWD_NNG09FA40C_8000_-NONE-_-NONE-,contract,2010-04-30,8000_-NONE-_NNG09FA40C_0_-NONE-_0,2009-09-30,0,base_transaction,resolved,2026-07-31
NNK14CA65T,CONT_AWD_NNK14CA65T_8000_GS21F0019X_4732,contract,2015-06-07,8000_4732_NNK14CA65T_0_GS21F0019X_0,2014-09-11,0,base_transaction,resolved,2026-07-31
NNM16AA08C,CONT_AWD_NNM16AA08C_8000_-NONE-_-NONE-,contract,2016-11-12,8000_-NONE-_NNM16AA08C_0_-NONE-_0,2015-11-09,0,base_transaction,resolved,2026-07-31
NNM16AA29C,CONT_AWD_NNM16AA29C_8000_-NONE-_-NONE-,contract,2017-08-31,8000_-NONE-_NNM16AA29C_0_-NONE-_0,2016-09-01,0,base_transaction,resolved,2026-07-31
