claim_type,doge_award_id,recipient,doge_value,doge_savings,doge_claim_date,doge_status,source_url,usaspending_found,generated_award_id,award_type,award_type_code,has_explicit_termination,termination_vacated,latest_action_date,latest_action_type,latest_description,current_obligation,current_end_date,recipient_address1,recipient_address2,recipient_city,recipient_state,recipient_zip,recipient_district,pop_city,pop_state,pop_zip,pop_district,total_potential_value,checked_date
contract,80NSSC25K7031,TRUSTEES OF TUFTS COLLEGE,911540,604288,2025-09-18,TERMINATED,https://www.fpds.gov/ezsearch/jsp/viewLinkController.jsp?agencyID=8000&PIID=80NSSC25K7031&modNumber=P00002&idvAgencyID=&idvPIID=&contractType=AWARD,true,ASST_NON_80NSSC25K7031_080,grant,04,true,false,2026-05-11,D,Integrating Earth observations toward advancing equitable resilience to geohazards in a changing climate,149834.25,2025-06-06,169 HOLLAND ST,,SOMERVILLE,MA,02144,07,SOMERVILLE,MA,02144,07,,2026-08-20
grant,,GEORGE WASHINGTON UNIVERSITY (THE),1174329,366992,2025-07-16,,,false,,,,false,false,,,,,,,,,,,,,,,,,2026-09-06
contract,80LARC24F0039,THE AEROSPACE CORPORATION,162533,162533,2025-07-01,TERMINATED,https://www.fpds.gov/ezsearch/jsp/viewLinkController.jsp?agencyID=8000&PIID=80LARC24F0039&modNumber=P00001&idvAgencyID=&idvPIID=80GSFC19D0011&contractType=AWARD,true,CONT_AWD_80LARC24F0039_8000_80GSFC19D0011_8000,contract,C,true,false,2026-03-17,M,Termination for convenience agreement - NASA engineering and safety center'S (NESC) team to guise future human-rated spacecraft providers on designing and verifying a spacecraft fire system.,0.00,2025-04-15,2310 EAST EL SEGUNDO BLVD,,EL SEGUNDO,CA,90245,36,EL SEGUNDO,CA,90245,36,0.00,2026-08-20
contract,80NSSC25FA315,"NATIONAL QUALITY ASSURANCE - U.S.A., INC.",28832,28832,2025-06-30,TERMINATED,https://www.fpds.gov/ezsearch/jsp/viewLinkController.jsp?agencyID=8000&PIID=80NSSC25FA315&modNumber=P00001&idvAgencyID=&idvPIID=80NSSC24AA005&contractType=AWARD,true,CONT_AWD_80NSSC25FA315_8000_80NSSC24AA005_8000,contract,A,true,false,2025-05-05,F,Termination for convenience-as9100 audit at AFRC'S NASA facility,0.00,2025-05-08,289 GREAT RD,STE 105,ACTON,MA,01720,03,ACTON,MA,01720,03,0.00,2026-08-20
contract,80NSSC24PC475,ZUKEN USA INC,44325,44325,2025-06-27,TERMINATED,https://www.fpds.gov/ezsearch/jsp/viewLinkController.jsp?agencyID=8000&PIID=80NSSC24PC475&modNumber=P00002&idvAgencyID=&idvPIID=&contractType=AWARD,true,CONT_AWD_80NSSC24PC475_8000_-NONE-_-NONE-,contract,B,true,false,2025-04-08,F,Termination for convenience agreement - zuken ds.e3 license data and configuration management pop: 10/1/24 - 9/30/25,0.00,2025-04-08,238 LITTLETON RD STE 100,,WESTFORD,MA,01886,03,WESTFORD,MA,01886,03,0.00,2026-08-20
grant,,PRESIDENT AND FELLOWS OF HARVARD COLLEGE,276651,0,2025-06-20,,,false,,,,false,false,,,,,,,,,,,,,,,,,2026-09-06
grant,,TRUSTEES OF TUFTS COLLEGE,911540,604288,2025-06-06,,,false,,,,false,false,,,,,,,,,,,,,,,,,2026-09-06
contract,80LARC25F7003,THE AEROSPACE CORPORATION,42518,42518,2025-05-15,TERMINATED,https://www.fpds.gov/ezsearch/jsp/viewLinkController.jsp?agencyID=8000&PIID=80LARC25F7003&modNumber=P00001&idvAgencyID=&idvPIID=80GSFC19D0011&contractType=AWARD,true,CONT_AWD_80LARC25F7003_8000_80GSFC19D0011_8000,contract,C,true,false,2026-03-17,M,Termination for convenience agreement- NASA engineering and safety center'S (NESC) environmental control and life support (ECLSS) Technical Discipline Team (TDT).,0.00,2025-04-15,2310 EAST EL SEGUNDO BLVD,,EL SEGUNDO,CA,90245,36,EL SEGUNDO,CA,90245,36,0.00,2026-08-20
grant,80NSSC24K0913,UNIVERSITY OF TEXAS HEALTH SCIENCE CENTER AT HOUSTON,40875,0,2025-05-14,,https://usaspending.gov/award/ASST_NON_80NSSC24K0913_8000,true,ASST_NON_80NSSC24K0913_080,grant,04,true,false,2026-04-30,D,21-eej21-0049 using NASA Earth observations to support environmental justice communities in atlanta georgia,40652.80,2025-05-10,7000 FANNIN ST FL 9,,HOUSTON,TX,77030,18,HOUSTON,TX,77030,18,,2026-08-20
grant,80NSSC25K7029,RESEARCH TRIANGLE INSTITUTE,237796,0,2025-05-14,,https://usaspending.gov/award/ASST_NON_80NSSC25K7029_8000,true,ASST_NON_80NSSC25K7029_080,grant,04,true,false,2026-05-04,D,Project green: greenspace and remote sensing for the environment and equity in neighborhoods.,15620.96,2025-05-09,3040 CORNWALLIS RD,,RESEARCH TRIANGLE PARK,NC,27709,04,RESEARCH TRIANGLE PARK,NC,27709,04,,2026-08-20
grant,80NSSC25K7030,UNIVERSITY OF TEXAS HEALTH SCIENCE CENTER AT HOUSTON,238468,0,2025-05-14,,https://usaspending.gov/award/ASST_NON_80NSSC25K7030_8000,true,ASST_NON_80NSSC25K7030_080,grant,04,true,false,2026-04-30,D,Light pollution is an emerging public health hazard that has been linked to elevated risk of many diseases including sleep disorders cancer cardiometabolic diseases dementia and mental disorders. Moreover Light pollution is also an important environmental justice issue. It has been shown that marginalized communities have a disproportionately high burden of Artificial Light At Night (ALAN) and are more susceptible to develope adverse health effects related to alan. Among american cities chicago not only has one of the highest levels of Light pollution but also displays profound injustice in Light pollution. The little village neighborhood in chicago a predominantly mexican immigrant community exemplifies the dual burden of high levels of Light pollution and social vulnerability. Thanks to years of collaborative work with our community partners there is now growing awareness about Light pollution and its detrimental effects among the little village residents. In addition the community members expressed pressing needs in learning more about Light pollution in their neighborhood and taking actions to promote appropriate lighting and mitigate adverse health effects. In particular there are critical needs for 1) an interface that provide high quality data and visualization and analysis tools to characterize the burden of alan 2) a platform that crosslinks alan measures with demographic and socioeconomic indicators and health statistics to demonstrate the scale of Light pollution injustice and highlight its public health implications and 3) an expanded education program that teach students about Light pollution and its consequences and cultivate next-generation activists to take data-informed actions.,69975.13,2025-05-10,7000 FANNIN ST FL 9,,HOUSTON,TX,77030,18,HOUSTON,TX,77030,18,,2026-08-20
grant,80NSSC25K7032,EMORY UNIVERSITY,281894,0,2025-05-14,,https://usaspending.gov/award/ASST_NON_80NSSC25K7032_8000,true,ASST_NON_80NSSC25K7032_080,grant,04,true,false,2025-09-25,D,Termination for convenience agreement - advancing environmental justice in atlanta through gis-enabled community engagement - support for smd directorate,72879.91,2025-05-10,201 DOWMAN DR NE,,ATLANTA,GA,30322,05,ATLANTA,GA,30322,05,,2026-08-20
grant,80NSSC25K7036,UNIVERSITY OF RICHMOND,248049,0,2025-05-14,,https://usaspending.gov/award/ASST_NON_80NSSC25K7036_8000,true,ASST_NON_80NSSC25K7036_080,grant,04,true,false,2026-04-30,D,Termination for convenience agreement - building capacity for resiliency education and environmental justice across the changing indigenous landscapes of virginia - support for smd directorate,0.00,2025-05-10,110 UR DR # 200,,RICHMOND,VA,23173,07,RICHMOND,VA,23173,04,,2026-08-20
grant,80NSSC21K1443,PRESIDENT AND FELLOWS OF HARVARD COLLEGE,602062,0,2025-05-12,,https://usaspending.gov/award/ASST_NON_80NSSC21K1443_8000,true,ASST_NON_80NSSC21K1443_080,grant,04,true,true,2026-07-06,D,This project will use the geos-chem model to interpret NASA airborne observations of oxygenated volatile organic compounds (OVOCS) from the korus-aq campaign over korea (may-jun 2016) and the atom campaign over the pacific and atlantic (four deployments from jul-aug 2016 to apr-may 2018,586625.65,2025-07-31,1033 MASSACHUSETTS AVE 5TH FL,,CAMBRIDGE,MA,02138,05,CAMBRIDGE,MA,02138,05,,2026-08-20
contract,80NSSC23F0002,"FOUR POINTS TECHNOLOGY, L.L.C.",19212.13,0,2025-05-06,TERMINATED,https://www.fpds.gov/ezsearch/jsp/viewLinkController.jsp?agencyID=8000&PIID=80NSSC23F0002&modNumber=P00001&idvAgencyID=&idvPIID=NNG15SD22B&contractType=AWARD,true,CONT_AWD_80NSSC23F0002_8000_NNG15SD22B_8000,contract,C,true,false,2025-04-21,F,Terminate for convenience agreement securid authenticator tokens,19212.13,2025-04-21,13221 WOODLAND PARK RD,STE 400,HERNDON,VA,20171,11,CHANTILLY,VA,20151,11,19212.13,2026-08-20
contract,80NSSC24FA558,"THREE WIRE SYSTEMS, LLC",17400,0,2025-05-06,TERMINATED,https://www.fpds.gov/ezsearch/jsp/viewLinkController.jsp?agencyID=8000&PIID=80NSSC24FA558&modNumber=P00001&idvAgencyID=&idvPIID=NNG15SD25B&contractType=AWARD,true,CONT_AWD_80NSSC24FA558_8000_NNG15SD25B_8000,contract,C,true,false,2025-04-16,F,Termination for convenience agreement tor- one software renewal,17400.00,2025-04-16,1775 TYSONS BLVD,5TH FLOOR,TYSONS,VA,22102,11,MCLEAN,VA,22102,11,17400.00,2026-08-20
contract,80NSSC24PA660,"LMI CONSULTING, LLC",42878.06,0,2025-05-06,TERMINATED,https://www.fpds.gov/ezsearch/jsp/viewLinkController.jsp?agencyID=8000&PIID=80NSSC24PA660&modNumber=P00002&idvAgencyID=&idvPIID=&contractType=AWARD,true,CONT_AWD_80NSSC24PA660_8000_-NONE-_-NONE-,contract,B,true,false,2025-04-16,F,Terminate for convenience: bridge program retreat,42878.06,2025-03-31,7940 JONES BRANCH DR,,TYSONS CORNER,VA,22102,11,MCLEAN,VA,22102,11,42878.06,2026-08-20
contract,80NSSC24PB717,"COSTAR REALTY INFORMATION, INC.",49050,0,2025-05-06,TERMINATED,https://www.fpds.gov/ezsearch/jsp/viewLinkController.jsp?agencyID=8000&PIID=80NSSC24PB717&modNumber=P00002&idvAgencyID=&idvPIID=&contractType=AWARD,true,CONT_AWD_80NSSC24PB717_8000_-NONE-_-NONE-,contract,B,true,false,2025-04-08,F,Termination for connivence agreement - costar,49050.00,2025-04-08,1313 L ST NW,,WASHINGTON,DC,20005,08,WASHINGTON,DC,20546,98,49050.00,2026-08-20
contract,80NSSC24PB891,"CAREER COMMUNICATIONS GROUP, INC.",12500,0,2025-05-06,TERMINATED,https://www.fpds.gov/ezsearch/jsp/viewLinkController.jsp?agencyID=8000&PIID=80NSSC24PB891&modNumber=P00003&idvAgencyID=&idvPIID=&contractType=AWARD,true,CONT_AWD_80NSSC24PB891_8000_-NONE-_-NONE-,contract,B,true,false,2025-04-16,F,Termination for convenience: women of color in STEM silver partnership and participation in their national convention,12500.00,2025-04-16,729 E PRATT ST STE 504,,BALTIMORE,MD,21202,07,BALTIMORE,MD,21202,07,12500.00,2026-08-20
contract,80NSSC24PC064,THE JANDOR GROUP LLC,100000,0,2025-05-06,TERMINATED,https://www.fpds.gov/ezsearch/jsp/viewLinkController.jsp?agencyID=8000&PIID=80NSSC24PC064&modNumber=P00001&idvAgencyID=&idvPIID=&contractType=AWARD,true,CONT_AWD_80NSSC24PC064_8000_-NONE-_-NONE-,contract,B,true,false,2025-04-08,F,Terminate for convenience agreement,100000.00,2025-04-09,3033 CHIMNEY ROCK RD STE 216,,HOUSTON,TX,77056,07,HOUSTON,TX,77056,07,100000.00,2026-08-20
contract,80NSSC24PC363,QUALCOMM TECHNOLOGIES INC,6000,0,2025-05-06,TERMINATED,https://www.fpds.gov/ezsearch/jsp/viewLinkController.jsp?agencyID=8000&PIID=80NSSC24PC363&modNumber=P00002&idvAgencyID=&idvPIID=&contractType=AWARD,true,CONT_AWD_80NSSC24PC363_8000_-NONE-_-NONE-,contract,B,true,false,2025-04-08,F,Terminate for convenience agreement - qualcomm 5g learning - four subscriptions,6000.00,2025-04-08,5775 MOREHOUSE DR,,SAN DIEGO,CA,92121,51,SAN DIEGO,CA,92121,51,6000.00,2026-08-20
contract,80NSSC25FA078,"COLOSSAL CONTRACTING, LLC",16200,0,2025-05-06,TERMINATED,https://www.fpds.gov/ezsearch/jsp/viewLinkController.jsp?agencyID=8000&PIID=80NSSC25FA078&modNumber=P00001&idvAgencyID=&idvPIID=NNG15SD72B&contractType=AWARD,true,CONT_AWD_80NSSC25FA078_8000_NNG15SD72B_8000,contract,C,true,false,2025-04-16,F,Termination for convenience agreement prisma cloud renewal,16200.00,2025-04-16,304 HARRY S TRUMAN PKWY STE G,,ANNAPOLIS,MD,21401,03,ANNAPOLIS,MD,21401,03,16200.00,2026-08-20
contract,80NSSC25PA014,SPACE EXPLORATION TECHNOLOGIES CORP,19038.4,0,2025-05-06,TERMINATED,https://www.fpds.gov/ezsearch/jsp/viewLinkController.jsp?agencyID=8000&PIID=80NSSC25PA014&modNumber=P00001&idvAgencyID=&idvPIID=&contractType=AWARD,true,CONT_AWD_80NSSC25PA014_8000_-NONE-_-NONE-,contract,B,true,false,2025-04-08,F,"Termination for convenience agreement - aspire public-private talent program, SpaceX immersion",19038.40,2025-04-08,731 KELP RD,BLDG 731,VANDENBERG AFB,CA,93437,24,LOMPOC,CA,93437,24,19038.40,2026-08-20
contract,80NSSC25PA641,"MESSE DUSSELDORF NORTH AMERICA, INC.",15200,0,2025-05-06,TERMINATED,https://www.fpds.gov/ezsearch/jsp/viewLinkController.jsp?agencyID=8000&PIID=80NSSC25PA641&modNumber=P00001&idvAgencyID=&idvPIID=&contractType=AWARD,true,CONT_AWD_80NSSC25PA641_8000_-NONE-_-NONE-,contract,B,true,false,2025-06-17,C,Termination for convenience agreement - booth space for NASA at auvsi 2025,0.00,2025-05-22,150 N MICHIGAN AVE,STE 2920,CHICAGO,IL,60601,07,CHICAGO,IL,60601,07,0.00,2026-08-20
contract,80NSSC23FA528,IBEX IT BUSINESS EXPERTS LLC,214134.25,0,2025-05-01,TERMINATED,https://www.fpds.gov/ezsearch/jsp/viewLinkController.jsp?agencyID=8000&PIID=80NSSC23FA528&modNumber=P00007&idvAgencyID=&idvPIID=80NSSC23DA001&contractType=AWARD,true,CONT_AWD_80NSSC23FA528_8000_80NSSC23DA001_8000,contract,C,true,false,2025-04-23,F,"Stop work notice issued with notification of intent to terminate for convenience - nehcss - ibex it business experts, LLC task order 80nssc23fa528 organization development support services",214134.25,2025-03-31,3295 RIVER EXCHANGE DR STE 550,,NORCROSS,GA,30092,07,HUNTSVILLE,AL,35812,05,214134.25,2026-08-20
contract,80NSSC23PB368,PACIFIC RESEARCH & EVALUATION LLC,183337,0,2025-05-01,TERMINATED,https://www.fpds.gov/ezsearch/jsp/viewLinkController.jsp?agencyID=8000&PIID=80NSSC23PB368&modNumber=P00001&idvAgencyID=&idvPIID=&contractType=AWARD,true,CONT_AWD_80NSSC23PB368_8000_-NONE-_-NONE-,contract,B,true,false,2025-03-06,F,Termination for convenience agreement -- audience evaluation of engagement content and materials,183337.00,2025-03-06,3507 S CORBETT AVE,,PORTLAND,OR,97239,01,PORTLAND,OR,97239,01,183337.00,2026-08-20
contract,80GSFC24CA024,"A3L FEDERAL WORKS,LLC",1978784.51,1423496,2025-04-14,TERMINATED,https://www.fpds.gov/ezsearch/jsp/viewLinkController.jsp?agencyID=8000&PIID=80GSFC24CA024&modNumber=P00007&idvAgencyID=&idvPIID=&contractType=AWARD,true,CONT_AWD_80GSFC24CA024_8000_-NONE-_-NONE-,contract,D,true,false,2026-06-18,B,Knowledge Management and Efficiencies and Communications Supports (KMECS) ivv contract. The kmecs is for the performance of administrative and technical services that enable achievement of strategic objectives.,1007597.51,2027-01-06,1000 TECHNOLOGY DR,STE 1217,FAIRMONT,WV,26554,02,FAIRMONT,WV,26554,02,1978784.51,2026-08-20
contract,80NSSC20P1795,"HOWARD, WERSHBALE, & CO",20000,3950,2025-04-14,TERMINATED,https://www.fpds.gov/ezsearch/jsp/viewLinkController.jsp?agencyID=8000&PIID=80NSSC20P1795&modNumber=P00008&idvAgencyID=&idvPIID=&contractType=AWARD,true,CONT_AWD_80NSSC20P1795_8000_-NONE-_-NONE-,contract,B,true,false,2025-04-08,F,Termination for convenience agreement exercise option yr 4,16050.00,2025-04-08,23240 CHAGRIN BLVD # 700,,CLEVELAND,OH,44122,11,BEACHWOOD,OH,44122,11,20000.00,2026-08-20
contract,80NSSC22PA482,"DIVERSIFIED SERVICES GROUP, INCORPORATED",85560.46,38577.84,2025-04-14,TERMINATED,https://www.fpds.gov/ezsearch/jsp/viewLinkController.jsp?agencyID=8000&PIID=80NSSC22PA482&modNumber=P00006&idvAgencyID=&idvPIID=&contractType=AWARD,true,CONT_AWD_80NSSC22PA482_8000_-NONE-_-NONE-,contract,B,true,false,2025-04-08,F,Termination for convenience agreement - live plant maintenance services,46982.62,2025-04-09,12410 MILESTONE CENTER DR STE 600,,GERMANTOWN,MD,20876,06,GERMANTOWN,MD,20876,06,85560.46,2026-08-20
contract,80NSSC23PB058,"FLORIDA FIRST ROBOTICS EDUCATION FOUNDATION, INC.",100500,60300,2025-04-14,TERMINATED,https://www.fpds.gov/ezsearch/jsp/viewLinkController.jsp?agencyID=8000&PIID=80NSSC23PB058&modNumber=P00002&idvAgencyID=&idvPIID=&contractType=AWARD,true,CONT_AWD_80NSSC23PB058_8000_-NONE-_-NONE-,contract,B,true,false,2025-04-08,F,Termination for convenience agreement - sponsorship of the first orlando regional,40200.00,2025-04-08,1360 MEADOWBROOK RD NE,,PALM BAY,FL,32905,08,PALM BAY,FL,32905,08,100500.00,2026-08-20
contract,80NSSC24PB720,R3 UNIQ INC,71648.9,0,2025-04-11,TERMINATED,https://www.fpds.gov/ezsearch/jsp/viewLinkController.jsp?agencyID=8000&PIID=80NSSC24PB720&modNumber=P00001&idvAgencyID=&idvPIID=&contractType=AWARD,true,CONT_AWD_80NSSC24PB720_8000_-NONE-_-NONE-,contract,B,true,false,2025-04-08,F,Terminate for convenience - omnest network simulation software licenses and support,71648.90,2025-04-08,2535 TECH DR,STE 300,BETTENDORF,IA,52722,01,BETTENDORF,IA,52722,01,71648.90,2026-08-20
contract,80NSSC25PA068,UNIVERSITY CORPORATION FOR ATMOSPHERIC RESEARCH,14000,0,2025-04-11,TERMINATED,https://www.fpds.gov/ezsearch/jsp/viewLinkController.jsp?agencyID=8000&PIID=80NSSC25PA068&modNumber=P00003&idvAgencyID=&idvPIID=&contractType=AWARD,true,CONT_AWD_80NSSC25PA068_8000_-NONE-_-NONE-,contract,B,true,false,2025-04-08,F,Termination for convenience agreement - ot dynamical neutral atmosphere-ionosphere coupling-x (DYNAMIC-X),14000.00,2025-04-08,3090 CENTER GREEN DR,,BOULDER,CO,80301,02,BOULDER,CO,80301,02,14000.00,2026-08-20
contract,80NSSC24PA210,UNIBAP AB,70000,0,2025-04-10,TERMINATED,https://www.fpds.gov/ezsearch/jsp/viewLinkController.jsp?agencyID=8000&PIID=80NSSC24PA210&modNumber=P00002&idvAgencyID=&idvPIID=&contractType=AWARD,true,CONT_AWD_80NSSC24PA210_8000_-NONE-_-NONE-,contract,B,true,false,2025-03-28,F,Stop work notice issued with notification of intent to terminate for convenience - unibap - ose-sat in-space autonomy testbed,70000.00,2025-03-28,VASTRA AGATAN 16,,UPPSALA,,,,MOUNTAIN VIEW,CA,94035,16,70000.00,2026-08-20
contract,80NSSC24CA161,NUBURU INC.,849989,0,2025-04-04,TERMINATED,https://www.fpds.gov/ezsearch/jsp/viewLinkController.jsp?agencyID=8000&PIID=80NSSC24CA161&modNumber=P00002&idvAgencyID=&idvPIID=&contractType=AWARD,true,CONT_AWD_80NSSC24CA161_8000_-NONE-_-NONE-,contract,D,false,false,2025-03-11,E,SBIR phase ii - blue-plume - blue laser planetary and lunar management of electrical power,849989.00,2025-03-05,7442 S TUCSON WAY,STE 130,ENGLEWOOD,CO,80112,06,ENGLEWOOD,CO,80112,06,849989.00,2026-08-20
contract,80NSSC24FA979,"BRYCE SPACE AND TECHNOLOGY, LLC",5437483.22,4667483.22,2025-04-04,TERMINATED,https://www.fpds.gov/ezsearch/jsp/viewLinkController.jsp?agencyID=8000&PIID=80NSSC24FA979&modNumber=P00003&idvAgencyID=&idvPIID=80NSSC24AA010&contractType=AWARD,true,CONT_AWD_80NSSC24FA979_8000_80NSSC24AA010_8000,contract,A,true,false,2025-09-12,M,"Termination for convenience agreement - change management support service bpa call for office of technology, policy, and strategy independent diagnostic and strategic advisory support (otps-idsas).",645125.14,2025-04-10,1737 KING ST STE 601,,ALEXANDRIA,VA,22314,08,ALEXANDRIA,VA,22314,08,645125.14,2026-08-20
contract,80HQTR23FA044,"CHENEGA GLOBAL PROTECTION, LLC",231345.2,0,2025-04-01,TERMINATED,https://www.fpds.gov/ezsearch/jsp/viewLinkController.jsp?agencyID=8000&PIID=80HQTR23FA044&modNumber=P00005&idvAgencyID=&idvPIID=80GSFC23DA004&contractType=AWARD,true,CONT_AWD_80HQTR23FA044_8000_80GSFC23DA004_8000,contract,C,true,false,2025-02-27,F,Termination for convenience agreement- Earth Information Center (EIC) support for NASA office of protective services,231345.20,2025-02-28,14420 ALBEMARLE POINT PL STE 100,,CHANTILLY,VA,20151,11,WASHINGTON,DC,20546,98,231345.20,2026-08-20
contract,80NSSC21M0003,UNIVERSITIES SPACE RESEARCH ASSOCIATION,3321286,0,2025-03-31,TERMINATED,https://www.fpds.gov/ezsearch/jsp/viewLinkController.jsp?agencyID=8000&PIID=80NSSC21M0003&modNumber=P00010&idvAgencyID=&idvPIID=&contractType=AWARD,true,ASST_NON_80NSSC21M0003_080,grant,05,true,false,2025-08-27,D,Termination for convenience agreement - Science activation program integration/ Science engagement & partnerships division for support for Science Mission Directorate (SMD),2767668.23,,7178 COLUMBIA GATEWAY DR,,COLUMBIA,MD,21046,03,COLUMBIA,MD,21046,03,,2026-08-20
contract,80NSSC21M0005,OKLAHOMA STATE UNIVERSITY,2981789,0,2025-03-24,TERMINATED,https://www.fpds.gov/ezsearch/jsp/viewLinkController.jsp?agencyID=8000&PIID=80NSSC21M0005&modNumber=P00007&idvAgencyID=&idvPIID=&contractType=AWARD,true,ASST_NON_80NSSC21M0005_080,grant,05,true,false,2025-07-22,D,Termination for convenience agreement - Science activation program integration/ Science engagement & partnerships division for support for Science Mission Directorate (SMD),2141868.19,2025-03-21,401 WHITEHURST HALL,,STILLWATER,OK,74078,03,STILLWATER,OK,74078,03,,2026-08-20
grant,80NSSC22K1658,CLEVELAND STATE UNIVERSITY,149765,0,2025-03-21,,https://usaspending.gov/award/ASST_NON_80NSSC22K1658_8000,true,ASST_NON_80NSSC22K1658_080,grant,04,true,false,2025-03-21,B,Termination for convenience agreement- 22-csdsa22_2-0014 commercial satellite data analysis characterizing canopy chlorophyll and photosynthetic productivity for agricultural crops and forest monitoring support for smd/esd directorate,149765.00,2025-03-21,2121 EUCLID AVE,,CLEVELAND,OH,44115,11,CLEVELAND,OH,44115,11,,2026-08-20
grant,80NSSC22K1673,MASSACHUSETTS INSTITUTE OF TECHNOLOGY,250000,0,2025-03-21,,https://usaspending.gov/award/ASST_NON_80NSSC22K1673_8000,true,ASST_NON_80NSSC22K1673_080,grant,04,true,false,2025-03-21,B,Termination for convenience agreement - Earth science applications: equity and environmental justice support for science mission directorate (SMD/ESD),250000.00,2025-03-21,77 MASSACHUSETTS AVE,,CAMBRIDGE,MA,02139,07,CAMBRIDGE,MA,02139,07,,2026-08-20
grant,80NSSC22K1675,UNIVERSITY OF TEXAS AT AUSTIN,249842,0,2025-03-21,,https://usaspending.gov/award/ASST_NON_80NSSC22K1675_8000,true,ASST_NON_80NSSC22K1675_080,grant,04,true,false,2025-03-21,B,Termination for convenience agreement - Earth science applications: equity and environmental justice support for smd/esd mission directorate,249842.00,2025-03-21,110 INNER CAMPUS DR,,AUSTIN,TX,78712,25,AUSTIN,TX,78712,25,,2026-08-20
grant,80NSSC22K1681,"UNIVERSITY OF TEXAS RIO GRANDE VALLEY, THE",249999,0,2025-03-21,,https://usaspending.gov/award/ASST_NON_80NSSC22K1681_8000,true,ASST_NON_80NSSC22K1681_080,grant,04,true,false,2025-09-10,D,Termination for convenience agreement - Earth science applications: equity and environmental justice support for smd/esd,220220.64,2025-03-21,1201 WEST UNIVERSITY DR,,EDINBURG,TX,78539,15,EDINBURG,TX,78539,15,,2026-08-20
grant,80NSSC24K0113,UNIVERSITY OF ARKANSAS SYSTEM,374995,224997,2025-03-21,,https://usaspending.gov/award/ASST_NON_80NSSC24K0113_8000,true,ASST_NON_80NSSC24K0113_080,grant,04,true,false,2026-05-12,D,Termination for convenience agreement - here to observe uab support for smd/esd,0.00,2025-03-21,1200 UNIVERSITY DR STOP 4984,,PINE BLUFF,AR,71601,04,PINE BLUFF,AR,71601,04,,2026-08-20
grant,80NSSC24K0114,OHIO AEROSPACE INSTITUTE,365945,218736,2025-03-21,,https://usaspending.gov/award/ASST_NON_80NSSC24K0114_8000,true,ASST_NON_80NSSC24K0114_080,grant,04,true,false,2026-03-20,D,Here to Observe (H2O) - ohio and puerto rico space grant consortiums,94143.09,2025-03-21,22800 CEDAR POINT RD,,BROOK PARK,OH,44142,07,BROOK PARK,OH,44142,07,,2026-08-20
grant,80NSSC24K0115,VIRGINIA STATE UNIVERSITY,374750,224850,2025-03-21,,https://usaspending.gov/award/ASST_NON_80NSSC24K0115_8000,true,ASST_NON_80NSSC24K0115_080,grant,04,true,false,2025-09-25,D,Termination for convenience agreement - here to observe support for science mission directorate (SMD/ESD),0.00,2025-03-21,1 HAYDEN DR,,PETERSBURG,VA,23803,04,PETERSBURG,VA,23803,04,,2026-08-20
grant,80NSSC24K0176,VIRGINIA POLYTECHNIC INSTITUTE & STATE UNIVERSITY,763904,0,2025-03-21,,https://usaspending.gov/award/ASST_NON_80NSSC24K0176_8000,true,ASST_NON_80NSSC24K0176_080,grant,04,true,false,2025-08-12,D,Termination for convenience agreement - interdisciplinary research in Earth science support for science mission directorate (SMD/ESD),390648.69,2025-03-21,300 TURNER ST NW,STE 4200,BLACKSBURG,VA,24060,09,BLACKSBURG,VA,24060,09,,2026-08-20
grant,80NSSC24K0177,THE JOHNS HOPKINS UNIVERSITY,1465950,496601,2025-03-21,,https://usaspending.gov/award/ASST_NON_80NSSC24K0177_8000,true,ASST_NON_80NSSC24K0177_080,grant,04,true,false,2026-03-11,D,22-ids22-0055 resolving intra-urban variability in heat and air quality from space and the ground: leveraging diverse observations to support environmental justice,507640.22,2025-03-21,3400 N CHARLES ST,,BALTIMORE,MD,21218,07,BALTIMORE,MD,21218,07,,2026-08-20
grant,80NSSC24K0178,BROWN UNIVERSITY,1133347,380667,2025-03-21,,https://usaspending.gov/award/ASST_NON_80NSSC24K0178_8000,true,ASST_NON_80NSSC24K0178_080,grant,04,true,false,2025-08-12,D,Termination for convenience agreement - interdisciplinary research in Earth sciences for science mission directorate (SMD/ESD),352074.28,2025-03-21,1 PROSPECT ST,,PROVIDENCE,RI,02912,01,PROVIDENCE,RI,02912,01,,2026-08-20
grant,80NSSC24K0520,NATURAL AREAS CONSERVANCY INC,485603,0,2025-03-21,,https://usaspending.gov/award/ASST_NON_80NSSC24K0520_8000,true,ASST_NON_80NSSC24K0520_080,grant,04,true,false,2025-08-15,D,Termination for convenience agreement - interdisciplinary research in Earth sciences for support for science mission directorate (SMD/ESD),315207.82,2025-03-21,1234 5TH AVE,,NEW YORK,NY,10029,13,NEW YORK,NY,10029,13,,2026-08-20
grant,80NSSC24K0892,GEORGE MASON UNIVERSITY,529129,0,2025-03-21,,https://usaspending.gov/award/ASST_NON_80NSSC24K0892_8000,true,ASST_NON_80NSSC24K0892_080,grant,04,true,false,2025-08-14,D,Termination for convenience agreement - interdisciplinary research in Earth sciences support for science mission directorate (SMD/ESD),0.00,,4400 UNIVERSITY DR,,FAIRFAX,VA,22030,11,FAIRFAX,VA,22030,11,,2026-08-20
grant,80NSSC24K0944,"NATIONAL SOCIETY OF BLACK PHYSICISTS, INC.",299253,199502,2025-03-21,,https://usaspending.gov/award/ASST_NON_80NSSC24K0944_8000,true,ASST_NON_80NSSC24K0944_080,grant,04,true,false,2025-03-21,B,Termination for convenience agreement - topical workshops symposiums and conferences science mission directorate (smd/planetary),99751.00,2025-03-21,3033 WILSON BLVD STE 700,,ARLINGTON,VA,22201,08,ARLINGTON,VA,22201,08,,2026-08-20
grant,80NSSC24K1193,CORNELL UNIVERSITY,649598,389598,2025-03-21,,https://usaspending.gov/award/ASST_NON_80NSSC24K1193_8000,true,ASST_NON_80NSSC24K1193_080,grant,04,true,false,2025-09-25,D,Termination for convenience agreement - topical workshops symposiums and conferences science mission directorate (smd/planetary),95267.75,2025-03-21,341 PINE TREE RD,,ITHACA,NY,14850,19,ITHACA,NY,14850,19,,2026-08-20
grant,80NSSC24K1232,TRUSTEES OF TUFTS COLLEGE,489187,0,2025-03-21,,https://usaspending.gov/award/ASST_NON_80NSSC24K1232_8000,true,ASST_NON_80NSSC24K1232_080,grant,04,true,false,2025-08-12,D,23-pimove23-0018 environmental justice & public health: climate land & (HEALTH) outcome of dengue fever (CLOUD),169287.92,2025-03-21,169 HOLLAND ST,,SOMERVILLE,MA,02144,07,SOMERVILLE,MA,02144,07,,2026-08-20
grant,80NSSC24K1264,UNIVERSITY OF ALASKA FAIRBANKS,182619,0,2025-03-21,,https://usaspending.gov/award/ASST_NON_80NSSC24K1264_8000,true,ASST_NON_80NSSC24K1264_080,grant,04,true,false,2026-03-11,D,Bringing edia to the planetary sciences community: a two-day ag-style meeting of the cross-ag edia working group,4718.63,2025-03-21,2145 N TANANA LOOP,,FAIRBANKS,AK,99775,00,FAIRBANKS,AK,99775,00,,2026-08-20
grant,80NSSC24K1612,UNIVERSITY OF TEXAS AT AUSTIN,50000,0,2025-03-21,,https://usaspending.gov/award/ASST_NON_80NSSC24K1612_8000,true,ASST_NON_80NSSC24K1612_080,grant,04,true,false,2026-03-11,D,23-earth23-0422 climate harmony: studying and informing urban climate efforts in central texas through the.development of a regional climate atlas,31233.60,2025-03-21,110 INNER CAMPUS DR,,AUSTIN,TX,78712,25,AUSTIN,TX,78712,25,,2026-08-20
grant,80NSSC24K1845,"NATIONAL SOCIETY OF BLACK PHYSICISTS, INC.",774039,241961,2025-03-21,,https://usaspending.gov/award/ASST_NON_80NSSC24K1845_8000,true,ASST_NON_80NSSC24K1845_080,grant,04,true,false,2026-03-20,D,Nsbp/nshp: joint annual conferences 2024-26,299960.00,2025-03-21,2010 MASSACHUSETTS AVE NW STE 512,,WASHINGTON,DC,20036,98,WASHINGTON,DC,20036,98,,2026-08-20
grant,80NSSC25K7034,UNIVERSITY OF OKLAHOMA,277229,0,2025-03-21,,https://usaspending.gov/award/ASST_NON_80NSSC25K7034_8000,true,ASST_NON_80NSSC25K7034_080,grant,04,true,false,2025-08-15,D,Termination for convenience agreement - 23-eej23-0046 building co-design and co-learning digital twins against floods on tribal lands in support of indigenous communities,34613.83,2025-03-21,660 PARRINGTON OVAL RM 301,,NORMAN,OK,73019,04,NORMAN,OK,73019,04,,2026-08-20
grant,80NSSC25K7045,KUTZTOWN UNIVERSITY OF PENNSYLVANIA,374960,299968,2025-03-21,,https://usaspending.gov/award/ASST_NON_80NSSC25K7045_8000,true,ASST_NON_80NSSC25K7045_080,grant,04,true,false,2025-03-21,B,"Termination for convenience agreement - the kutztown university'S h2o+h2s ""here to observe + here to storytell"" program will use mission science and scientific storytelling as a student experiential learning tool to scaffold workforce skills. Each year the 10-12 student observer cohort will be composed of STEM and stem-interested freshmen sophomores and incoming transfer students from introductory courses. The program will focus on those students not typically served by outreach and engagement programs. Kutztown university has an established 'learning community' approach where a group of students is paired with faculty mentors and meet once a week as a part of their schedule. h2o+h2s will use this program so students are supported with a 1-credit course (1 hour per week) preserving dedicated time for the student observer to fulfill the program without disruption to their academic classes or overburdening schedules. The course will integrate the here to explore program activities with a student-created scientific narrative project based on sharing the mission science. The students observers will develop a short audio/video storytelling project about the NASA mission. Research shows that integrating storytelling or narrative techniques provides powerful access for students of diverse backgrounds to connect with science. Two students from previous cohorts will serve as peer mentors. Scaffolding experiences will include the nasa-led h2o activities fieldtrips professional meeting attendance and mentorship through-out the year. The h2o + h2s program focuses on creating products that articulate workforce skills on student resumes. This directly supports enhanced student success when applying for future internships graduate school and industry jobs.",74992.00,2025-03-21,15200 KUTZTOWN RD,,KUTZTOWN,PA,19530,04,KUTZTOWN,PA,19530,04,,2026-08-20
contract,,IMMIXTECHNOLOGY INC,38454.11,38454.11,2025-03-20,NOT FOUND IN FPDS,,false,,,,false,false,,,,,,,,,,,,,,,,,2026-09-06
contract,80GRC020F0111,"HX5,, LLC",1513111,1513111,2025-03-20,FUNDING ONLY ACTION,https://www.fpds.gov/ezsearch/jsp/viewLinkController.jsp?agencyID=8000&PIID=80GRC020F0111&modNumber=P00028&idvAgencyID=&idvPIID=80GRC020D0003&contractType=AWARD,true,CONT_AWD_80GRC020F0111_8000_80GRC020D0003_8000,contract,C,false,false,2026-06-11,B,eo14042..to-0033 superconducting motor components & test devices,2419150.89,2026-12-31,212 EGLIN PKWY SE,STE A,FORT WALTON BEACH,FL,32548,01,CLEVELAND,OH,44135,11,2579784.59,2026-09-03
contract,80GRC020F0115,"HX5,, LLC",1771458,1771458,2025-03-20,FUNDING ONLY ACTION,https://www.fpds.gov/ezsearch/jsp/viewLinkController.jsp?agencyID=8000&PIID=80GRC020F0115&modNumber=P00033&idvAgencyID=&idvPIID=80GRC020D0003&contractType=AWARD,true,CONT_AWD_80GRC020F0115_8000_80GRC020D0003_8000,contract,C,false,false,2026-08-20,B,eo14042 .to-0173 . Electric drive test support and technical communication .,2468177.14,2027-03-31,212 EGLIN PKWY SE,STE A,FORT WALTON BEACH,FL,32548,01,CLEVELAND,OH,44135,11,2727917.06,2026-09-03
contract,80GRC020F0118,"HX5,, LLC",1877126,1877126,2025-03-20,FUNDING ONLY ACTION,https://www.fpds.gov/ezsearch/jsp/viewLinkController.jsp?agencyID=8000&PIID=80GRC020F0118&modNumber=P00017&idvAgencyID=&idvPIID=80GRC020D0003&contractType=AWARD,true,CONT_AWD_80GRC020F0118_8000_80GRC020D0003_8000,contract,C,false,false,2025-07-08,C,To-0138 lpr fan test hardware support,2125591.44,2026-09-30,212 EGLIN PKWY SE,STE A,FORT WALTON BEACH,FL,32548,01,CLEVELAND,OH,44135,11,2125603.45,2026-09-03
contract,80GRC021F0111,"HX5,, LLC",148680,148680,2025-03-20,SUPPLEMENTAL AGREEMENT FOR WORK WITHIN SCOPE,https://www.fpds.gov/ezsearch/jsp/viewLinkController.jsp?agencyID=8000&PIID=80GRC021F0111&modNumber=P00005&idvAgencyID=&idvPIID=80GRC020D0003&contractType=AWARD,true,CONT_AWD_80GRC021F0111_8000_80GRC020D0003_8000,contract,C,false,false,2026-08-31,C,To-0315 advanced seal development 4,769519.76,2027-03-31,212 EGLIN PKWY SE,STE A,FORT WALTON BEACH,FL,32548,01,CLEVELAND,OH,44135,11,772193.84,2026-09-03
contract,80GRC022F0189,"HX5,, LLC",806334,806334,2025-03-20,SUPPLEMENTAL AGREEMENT FOR WORK WITHIN SCOPE,https://www.fpds.gov/ezsearch/jsp/viewLinkController.jsp?agencyID=8000&PIID=80GRC022F0189&modNumber=P00018&idvAgencyID=&idvPIID=80GRC020D0003&contractType=AWARD,true,CONT_AWD_80GRC022F0189_8000_80GRC020D0003_8000,contract,C,false,false,2026-05-21,C,To-0385 prototype manufacturing of a Motor for Dusty & Extremely Cold Environments (MDECE),873990.51,2026-12-31,212 EGLIN PKWY SE,STE A,FORT WALTON BEACH,FL,32548,01,CLEVELAND,OH,44135,11,913351.75,2026-09-03
contract,80GSFC23CA041,AUTONOMIC INTEGRA LLC,8389628,21134122,2025-03-20,FUNDING ONLY ACTION,https://www.fpds.gov/ezsearch/jsp/viewLinkController.jsp?agencyID=8000&PIID=80GSFC23CA041&modNumber=P00023&idvAgencyID=&idvPIID=&contractType=AWARD,true,CONT_AWD_80GSFC23CA041_8000_-NONE-_-NONE-,contract,D,true,false,2026-06-12,C,Funding only - the Climate Change Research Initiative (CCRI) under the Goddard Institute for Space Studies (GISS) contract for the Earth sciences directorate.,14272022.47,2027-02-28,"101 LAKEFOREST BLVD, STE 375",,GAITHERSBURG,MD,20877,06,NEW YORK,NY,10025,13,21134122.31,2026-08-20
contract,80HQTR21F0124,"OVERLOOK SYSTEMS TECHNOLOGIES, INC.",3449904,4390932,2025-03-20,Expired,https://www.fpds.gov/ezsearch/jsp/viewLinkController.jsp?agencyID=8000&PIID=80HQTR21F0124&modNumber=P00022&idvAgencyID=&idvPIID=GS10F0100T&contractType=AWARD,true,CONT_AWD_80HQTR21F0124_8000_GS10F0100T_4730,contract,C,true,false,2025-03-17,M,Stop work notice issued with notification of intent to terminate for convenience - Policy And Strategic Communications (PSC) support for NASA Space Communications And Navigation (SCAN) program.,2472244.00,2025-02-13,1950 OLD GALLOWS RD,,VIENNA,VA,22182,11,VIENNA,VA,22182,11,4390931.61,2026-08-20
contract,80HQTR23FA018,DELOITTE CONSULTING LLP,659225.96,0,2025-03-20,Expired,https://www.fpds.gov/ezsearch/jsp/viewLinkController.jsp?agencyID=8000&PIID=80HQTR23FA018&modNumber=P00002&idvAgencyID=&idvPIID=80HQTR22AA005&contractType=AWARD,true,CONT_AWD_80HQTR23FA018_8000_80HQTR22AA005_8000,contract,A,false,false,2025-02-07,B,"Contractor shall support various types of evidence-building & evaluation activities such as documentation, presentations, analyses, & products related to: annual evaluation plans, omb circular a-11 compliance & other evidence-building requirements.",659225.96,2025-07-31,1919 N LYNN ST,,ARLINGTON,VA,22209,08,ARLINGTON,VA,22209,08,659225.96,2026-08-20
contract,80HQTR24F0046,BARRIOS TECHNOLOGY LTD,261854,261854,2025-03-20,Expired,https://www.fpds.gov/ezsearch/jsp/viewLinkController.jsp?agencyID=8000&PIID=80HQTR24F0046&modNumber=P00002&idvAgencyID=&idvPIID=80MSFC21D0009&contractType=AWARD,true,CONT_AWD_80HQTR24F0046_8000_80MSFC21D0009_8000,contract,C,true,false,2025-03-13,M,"Stop work notice issued with notification of intent to terminate for convenience - strategic planning, analysis, and programmatic support for.planetary sciences division.hq science mission directorate",226082.84,2025-01-22,13100 SPACE CENTER BLVD,STE 650,HOUSTON,TX,77059,36,HOUSTON,TX,77059,36,261854.32,2026-08-20
contract,80HQTR24F0064,BARRIOS TECHNOLOGY LTD,129377,129377,2025-03-20,Expired,https://www.fpds.gov/ezsearch/jsp/viewLinkController.jsp?agencyID=8000&PIID=80HQTR24F0064&modNumber=P00003&idvAgencyID=&idvPIID=80MSFC21D0009&contractType=AWARD,true,CONT_AWD_80HQTR24F0064_8000_80MSFC21D0009_8000,contract,C,true,false,2025-03-21,M,Stop work notice issued with notification of intent to terminate for convenience - msd risk management,129377.08,2025-03-21,13100 SPACE CENTER BLVD,STE 650,HOUSTON,TX,77059,36,HOUSTON,TX,77059,36,129377.08,2026-08-20
contract,80HQTR24F0070,BARRIOS TECHNOLOGY LTD,122313,122313,2025-03-20,Expired,https://www.fpds.gov/ezsearch/jsp/viewLinkController.jsp?agencyID=8000&PIID=80HQTR24F0070&modNumber=P00001&idvAgencyID=&idvPIID=80MSFC21D0009&contractType=AWARD,true,CONT_AWD_80HQTR24F0070_8000_80MSFC21D0009_8000,contract,C,true,false,2025-03-13,M,"Stop work notice issued with notification of intent to terminate for convenience- odeo mission support enterprise offices. Supporting the civil rights complaint process, adjudication procedures, compliance activities, a civil rights compliance.",112312.76,2025-01-22,13100 SPACE CENTER BLVD,STE 650,HOUSTON,TX,77059,36,HOUSTON,TX,77059,36,122312.76,2026-08-20
contract,80HQTR24F0071,BARRIOS TECHNOLOGY LTD,82838,82838,2025-03-20,Expired,https://www.fpds.gov/ezsearch/jsp/viewLinkController.jsp?agencyID=8000&PIID=80HQTR24F0071&modNumber=P00001&idvAgencyID=&idvPIID=80MSFC21D0009&contractType=AWARD,true,CONT_AWD_80HQTR24F0071_8000_80MSFC21D0009_8000,contract,C,true,false,2025-03-13,M,Stop work notice issued with notification of intent to terminate for convenience-odeo mission support enterprise offices. ..leveraging the expertise of an ..administrative operations specialist.,82838.19,2025-01-22,13100 SPACE CENTER BLVD,STE 650,HOUSTON,TX,77059,36,HOUSTON,TX,77059,36,82838.19,2026-08-20
contract,80HQTR24F0073,BARRIOS TECHNOLOGY LTD,74497,74497,2025-03-20,Expired,https://www.fpds.gov/ezsearch/jsp/viewLinkController.jsp?agencyID=8000&PIID=80HQTR24F0073&modNumber=P00001&idvAgencyID=&idvPIID=80MSFC21D0009&contractType=AWARD,true,CONT_AWD_80HQTR24F0073_8000_80MSFC21D0009_8000,contract,C,true,false,2025-03-21,M,Stop work notice issued with notification of intent to terminate for convenience - esdmd integration and administrative support.,74496.90,2025-03-21,13100 SPACE CENTER BLVD,STE 650,HOUSTON,TX,77059,36,HOUSTON,TX,77059,36,74496.90,2026-08-20
contract,80HQTR24F0074,BARRIOS TECHNOLOGY LTD,82838,82838,2025-03-20,Expired,https://www.fpds.gov/ezsearch/jsp/viewLinkController.jsp?agencyID=8000&PIID=80HQTR24F0074&modNumber=P00001&idvAgencyID=&idvPIID=80MSFC21D0009&contractType=AWARD,true,CONT_AWD_80HQTR24F0074_8000_80MSFC21D0009_8000,contract,C,true,false,2025-03-13,M,Stop work notice issued with notification of intent to terminate for convenience- odeo mission support enterprise offices. Will be responsible for overseeing and managing the successful execution of the following special projects:,82838.19,2025-01-22,13100 SPACE CENTER BLVD,STE 650,HOUSTON,TX,77059,36,HOUSTON,TX,77059,36,82838.19,2026-08-20
contract,80HQTR24FA019,GUIDEHOUSE INC.,1972900,639900,2025-03-20,FUNDING ONLY ACTION,https://www.fpds.gov/ezsearch/jsp/viewLinkController.jsp?agencyID=8000&PIID=80HQTR24FA019&modNumber=P00013&idvAgencyID=&idvPIID=80HQTR24AA002&contractType=AWARD,true,CONT_AWD_80HQTR24FA019_8000_80HQTR24AA002_8000,contract,A,false,false,2025-08-11,C,"The contractor shall provide services related to an integrated approach to conducting annual assessments of nasas management controls, internal control over financial reporting, fraud risk management framework and payment integrity.",1831560.00,2025-11-30,1676 INTERNATIONAL DR STE 800,,MC LEAN,VA,22102,11,WASHINGTON,DC,20546,98,1831560.00,2026-08-20
contract,80HQTR25FA007,SCIENCE APPLICATIONS INTERNATIONAL CORPORATION,865076.75,0,2025-03-20,Expired,https://www.fpds.gov/ezsearch/jsp/viewLinkController.jsp?agencyID=8000&PIID=80HQTR25FA007&modNumber=P00003&idvAgencyID=&idvPIID=80HQTR24AA005&contractType=AWARD,true,CONT_AWD_80HQTR25FA007_8000_80HQTR24AA005_8000,contract,A,true,false,2025-03-14,M,"Stop work notice issued with notification of intent to terminate for convience - review, validate, and advise on draft plan, messaging and branding of the plan, plan implementation analysis and recommendations, rollout & metrics",865076.75,2025-02-14,"12010, SUNSET HILLS ROAD",,RESTON,VA,20190,11,RESTON,VA,20190,11,865076.75,2026-08-20
contract,80HQTR25FA019,DELOITTE CONSULTING LLP,130791.8,0,2025-03-20,Expired,https://www.fpds.gov/ezsearch/jsp/viewLinkController.jsp?agencyID=8000&PIID=80HQTR25FA019&modNumber=0&idvAgencyID=&idvPIID=80HQTR22AA005&contractType=AWARD,true,CONT_AWD_80HQTR25FA019_8000_80HQTR22AA005_8000,contract,A,false,false,2026-06-25,C,"Provide tech editing & white glove reviews of congressional justification & related materials, results in production of comprehensive cj final products for internal & external stakeholders. Execute & gest improvements to budget formulation process",90488.46,2025-08-11,1919 N LYNN ST,,ARLINGTON,VA,22209,08,WASHINGTON,DC,20546,98,130791.80,2026-08-20
contract,80JSC024FA083,BOOZ ALLEN HAMILTON INC,3307451,0,2025-03-20,TERMINATED,https://www.fpds.gov/ezsearch/jsp/viewLinkController.jsp?agencyID=8000&PIID=80JSC024FA083&modNumber=P00002&idvAgencyID=&idvPIID=80JSC023AA001&contractType=AWARD,true,CONT_AWD_80JSC024FA083_8000_80JSC023AA001_8000,contract,A,true,false,2025-01-24,F,Termination for convenience agreement - speacii - task order 84 - NASA odeo deia data analytics and assessment,1923416.00,2025-01-22,8283 GREENSBORO DR,,MC LEAN,VA,22102,11,HOUSTON,TX,77058,36,1923416.00,2026-08-20
contract,80JSC024FA088,BOOZ ALLEN HAMILTON INC,442470,0,2025-03-20,Expired,https://www.fpds.gov/ezsearch/jsp/viewLinkController.jsp?agencyID=8000&PIID=80JSC024FA088&modNumber=0&idvAgencyID=&idvPIID=80JSC023AA001&contractType=AWARD,true,CONT_AWD_80JSC024FA088_8000_80JSC023AA001_8000,contract,A,false,false,2024-03-13,,Speacii - task order 87 base - astrophysics data archives assessment,442470.00,2025-03-13,8283 GREENSBORO DR,,MC LEAN,VA,22102,11,HOUSTON,TX,77058,36,442470.00,2026-08-20
contract,80JSC024FA120,BOOZ ALLEN HAMILTON INC,886588,0,2025-03-20,Expired,https://www.fpds.gov/ezsearch/jsp/viewLinkController.jsp?agencyID=8000&PIID=80JSC024FA120&modNumber=P00003&idvAgencyID=&idvPIID=80JSC023AA001&contractType=AWARD,true,CONT_AWD_80JSC024FA120_8000_80JSC023AA001_8000,contract,A,false,false,2025-02-25,A,Strategic professional engineering assessment contract ii (SPEAC II). Task order 99 - office of the chief science data officer assessment,857617.00,2025-05-21,8283 GREENSBORO DR,,MC LEAN,VA,22102,11,HOUSTON,TX,77058,36,857617.00,2026-08-20
contract,80JSC024FA135,BOOZ ALLEN HAMILTON INC,935898,0,2025-03-20,TERMINATED,https://www.fpds.gov/ezsearch/jsp/viewLinkController.jsp?agencyID=8000&PIID=80JSC024FA135&modNumber=P00002&idvAgencyID=&idvPIID=80JSC023AA001&contractType=AWARD,true,CONT_AWD_80JSC024FA135_8000_80JSC023AA001_8000,contract,A,true,false,2025-01-27,F,Stop work notice issued with notification of intent to terminate for convenience terminated iaw eo 14151-strategic professional engineering assessment contract ii (SPEAC II),701923.00,2025-01-22,8283 GREENSBORO DR,,MC LEAN,VA,22102,11,HOUSTON,TX,77058,36,701923.00,2026-08-20
contract,80JSC025FA015,BOOZ ALLEN HAMILTON INC,1000910,0,2025-03-20,"ADDITIONAL WORK (NEW AGREEMENT, JUSTIFICATION REQUIRED)",https://www.fpds.gov/ezsearch/jsp/viewLinkController.jsp?agencyID=8000&PIID=80JSC025FA015&modNumber=P00002&idvAgencyID=&idvPIID=80JSC023AA001&contractType=AWARD,true,CONT_AWD_80JSC025FA015_8000_80JSC023AA001_8000,contract,A,false,false,2026-03-19,A,Task order 126 modification p00003 - Game Changing Development (GCD) program data management and Game Changing Development (GCD) tool support,1986458.00,2026-10-31,8283 GREENSBORO DR,,MC LEAN,VA,22102,11,HOUSTON,TX,77058,36,1986458.00,2026-09-03
contract,80KSC019F0128,"HYDROGEOLOGIC, INC.",154681,154681,2025-03-20,Expired,https://www.fpds.gov/ezsearch/jsp/viewLinkController.jsp?agencyID=8000&PIID=80KSC019F0128&modNumber=P00010&idvAgencyID=&idvPIID=80KSC019D0012&contractType=AWARD,true,CONT_AWD_80KSC019F0128_8000_80KSC019D0012_8000,contract,C,false,false,2025-04-17,M,"De-scope action - remediation team meetings at kennedy space center, florida",151868.35,2025-03-18,11107 SUNSET HILLS RD STE 400,,RESTON,VA,20190,11,ORLANDO,FL,32899,08,151868.35,2026-08-20
contract,80KSC020F0077,"NOREAS, INC.",2643830,2643830,2025-03-20,Expired,https://www.fpds.gov/ezsearch/jsp/viewLinkController.jsp?agencyID=8000&PIID=80KSC020F0077&modNumber=P00008&idvAgencyID=&idvPIID=GS00F373GA&contractType=AWARD,true,CONT_AWD_80KSC020F0077_8000_GS00F373GA_4732,contract,C,false,false,2025-04-22,M,De-scope action - environmental consulting services,2594431.77,2025-07-31,16361 SCIENTIFIC,,IRVINE,CA,92618,47,ORLANDO,FL,32899,08,2594431.77,2026-08-20
contract,80NSSC23FA267,"REI SYSTEMS, INC.",2044759,5437168,2025-03-20,OTHER ADMINISTRATIVE ACTION,https://www.fpds.gov/ezsearch/jsp/viewLinkController.jsp?agencyID=8000&PIID=80NSSC23FA267&modNumber=P00005&idvAgencyID=&idvPIID=80NSSC23AA003&contractType=AWARD,true,CONT_AWD_80NSSC23FA267_8000_80NSSC23AA003_8000,contract,A,false,false,2026-03-31,G,De-scope action -call order 1 under esip support services multiple award bpas for esip advisory services for space technology mission directorate,3978520.18,2027-03-31,14325 WILLARD RD,STE 200,CHANTILLY,VA,20151,11,CHANTILLY,VA,20151,11,5161407.54,2026-09-03
contract,80NSSC23PA010,BUSINESS CLASS AVIATION INC.,38680,96700,2025-03-20,TERMINATED,https://www.fpds.gov/ezsearch/jsp/viewLinkController.jsp?agencyID=8000&PIID=80NSSC23PA010&modNumber=P00004&idvAgencyID=&idvPIID=&contractType=AWARD,true,CONT_AWD_80NSSC23PA010_8000_-NONE-_-NONE-,contract,B,true,false,2025-04-08,F,Terminate for convenience of agreement-dc-8 and SOFIA aircraft storage and parts removal,0.00,2025-04-08,7472 CYPRESS AVE,,ROSAMOND,CA,93560,20,ROSAMOND,CA,93560,20,0.00,2026-08-20
contract,80NSSC24FA260,"IMMIXTECHNOLOGY, INC.",38454,38454,2025-03-20,Expired,https://www.fpds.gov/ezsearch/jsp/viewLinkController.jsp?agencyID=8000&PIID=80NSSC24FA260&modNumber=0&idvAgencyID=&idvPIID=NNG15SC39B&contractType=AWARD,true,CONT_AWD_80NSSC24FA260_8000_NNG15SC39B_8000,contract,C,false,false,2024-02-05,,Digimat maintenance renewal,38454.11,2025-02-28,8444 WESTPARK DR STE 200,,MCLEAN,VA,22102,11,MCLEAN,VA,22102,11,38454.11,2026-08-20
contract,80NSSC24PA710,"EMP CONSULTANTS, LLC",45960,45960,2025-03-20,TERMINATED,https://www.fpds.gov/ezsearch/jsp/viewLinkController.jsp?agencyID=8000&PIID=80NSSC24PA710&modNumber=P00001&idvAgencyID=&idvPIID=&contractType=AWARD,true,CONT_AWD_80NSSC24PA710_8000_-NONE-_-NONE-,contract,B,true,false,2025-03-17,F,Termination for convenience agreement - novice license renewal,45960.00,2025-04-30,10 TRIPLE CROWN CT,,NORTH POTOMAC,MD,20878,08,NORTH POTOMAC,MD,20878,08,45960.00,2026-08-20
contract,80NSSC24PA753,KEYSIGHT TECHNOLOGIES INC,33663,33663,2025-03-20,TERMINATED,https://www.fpds.gov/ezsearch/jsp/viewLinkController.jsp?agencyID=8000&PIID=80NSSC24PA753&modNumber=P00001&idvAgencyID=&idvPIID=&contractType=AWARD,true,CONT_AWD_80NSSC24PA753_8000_-NONE-_-NONE-,contract,B,true,false,2025-03-19,F,Termination for convenience agreement ---- license maintenance for genesys,33662.52,2025-03-19,1900 GARDEN OF THE GODS RD,,COLORADO SPRINGS,CO,80907,05,COLORADO SPRINGS,CO,80907,05,33662.52,2026-08-20
contract,80NSSC24PA923,KEYSIGHT TECHNOLOGIES INC,10153,10153,2025-03-20,TERMINATED,https://www.fpds.gov/ezsearch/jsp/viewLinkController.jsp?agencyID=8000&PIID=80NSSC24PA923&modNumber=P00001&idvAgencyID=&idvPIID=&contractType=AWARD,true,CONT_AWD_80NSSC24PA923_8000_-NONE-_-NONE-,contract,B,true,false,2025-03-17,F,Termination for convenience agreement - renew software license for ads,10152.96,2025-03-17,1900 GARDEN OF THE GODS RD,,COLORADO SPRINGS,CO,80907,05,COLORADO SPRINGS,CO,80907,05,10152.96,2026-08-20
contract,80NSSC24PB679,"GARTNER, INC.",194382,194382,2025-03-20,TERMINATED,https://www.fpds.gov/ezsearch/jsp/viewLinkController.jsp?agencyID=8000&PIID=80NSSC24PB679&modNumber=P00001&idvAgencyID=&idvPIID=&contractType=AWARD,true,CONT_AWD_80NSSC24PB679_8000_-NONE-_-NONE-,contract,B,true,false,2025-04-30,M,"Termination for convenience agreement --NASA human capital and learning & development advisory, research and benchmarking services.",194382.00,2025-12-31,56 TOP GALLANT RD,,STAMFORD,CT,06902,04,STAMFORD,CT,06902,04,194382.00,2026-08-20
contract,80NSSC24PC049,SOCIETY OF WOMEN ENGINEERS,33100,33100,2025-03-20,TERMINATED,https://www.fpds.gov/ezsearch/jsp/viewLinkController.jsp?agencyID=8000&PIID=80NSSC24PC049&modNumber=P00002&idvAgencyID=&idvPIID=&contractType=AWARD,true,CONT_AWD_80NSSC24PC049_8000_-NONE-_-NONE-,contract,B,true,false,2025-03-06,F,Termination for convenience agreement - Society of Women Engineers (SWE) corporate partnership council and participation in associated recruiting events,33100.00,2025-03-06,130 E RANDOLPH STREET 3500,,CHICAGO,IL,60601,07,CHICAGO,IL,60601,07,33100.00,2026-08-20
contract,80NSSC24PC367,HARBEC INC,105768,0,2025-03-20,Expired,https://www.fpds.gov/ezsearch/jsp/viewLinkController.jsp?agencyID=8000&PIID=80NSSC24PC367&modNumber=P00001&idvAgencyID=&idvPIID=&contractType=AWARD,true,CONT_AWD_80NSSC24PC367_8000_-NONE-_-NONE-,contract,B,false,false,2025-02-11,M,"104 end caps, 104 end cap sleeves",105768.00,2025-02-28,358 TIMOTHY LN,,ONTARIO,NY,14519,24,ONTARIO,NY,14519,24,105768.00,2026-08-20
contract,80NSSC24PC405,"LEIDOS, INC.",21417.67,0,2025-03-20,Expired,https://www.fpds.gov/ezsearch/jsp/viewLinkController.jsp?agencyID=8000&PIID=80NSSC24PC405&modNumber=P00001&idvAgencyID=&idvPIID=&contractType=AWARD,true,CONT_AWD_80NSSC24PC405_8000_-NONE-_-NONE-,contract,B,false,false,2024-09-25,M,fy24 verint annual maintenance & support coverage standard plan,0.00,2024-09-25,1750 PRESIDENTS ST FL 10,,RESTON,VA,20190,11,RESTON,VA,20190,11,0.00,2026-08-20
contract,80NSSC25FA145,"B/W COLOR PRINTS, LLC",10771,0,2025-03-20,Expired,https://www.fpds.gov/ezsearch/jsp/viewLinkController.jsp?agencyID=8000&PIID=80NSSC25FA145&modNumber=P00001&idvAgencyID=&idvPIID=GS07F216BA&contractType=AWARD,true,CONT_AWD_80NSSC25FA145_8000_GS07F216BA_4732,contract,C,true,false,2025-03-25,M,Stop work notice issued - service for installation of the science on the sphere system,10771.00,2025-03-31,8325 OLD MARLBORO PIKE,STE A9,UPPER MARLBORO,MD,20772,05,UPPER MARLBORO,MD,20772,05,10771.00,2026-08-20
contract,80NSSC24PA723,"POLITICO, LLC",202600,0,2025-03-19,TERMINATED,https://www.fpds.gov/ezsearch/jsp/viewLinkController.jsp?agencyID=8000&PIID=80NSSC24PA723&modNumber=P00001&idvAgencyID=&idvPIID=&contractType=AWARD,true,CONT_AWD_80NSSC24PA723_8000_-NONE-_-NONE-,contract,B,true,false,2025-02-18,F,Termination for convenience agreement - renewal for politico pro service for olia,202600.00,2025-02-18,1000 WILSON BLVD FL 8,,ARLINGTON,VA,22209,08,ARLINGTON,VA,22209,08,202600.00,2026-08-20
contract,80ARC023CA004,The Trustees of Columbia University,2000000,0,2025-03-10,TERMINATED,https://www.fpds.gov/ezsearch/jsp/viewLinkController.jsp?agencyID=8000&PIID=80ARC023CA004&modNumber=P00004&idvAgencyID=&idvPIID=&contractType=AWARD,true,CONT_AWD_80ARC023CA004_8000_-NONE-_-NONE-,contract,D,true,false,2025-03-21,F,Termination for convenience - contract to extend longevity of 3d tissues and microphysiological systems for modeling of acute and chronic exposures to stressors in support of hq/smd.,2000000.00,2025-03-07,630 W 168TH ST FL 4,,NEW YORK,NY,10032,13,STANFORD,CA,94305,16,2000000.00,2026-08-20
contract,80GSFC23CA001,The Trustees of Columbia University,29953052,19404348,2025-03-10,TERMINATED,https://www.fpds.gov/ezsearch/jsp/viewLinkController.jsp?agencyID=8000&PIID=80GSFC23CA001&modNumber=P00009&idvAgencyID=&idvPIID=&contractType=AWARD,true,CONT_AWD_80GSFC23CA001_8000_-NONE-_-NONE-,contract,D,true,false,2026-07-30,F,Terminate for convenience agreement - socioeconomic data and applications center (SEDAC) smd directorate,8821159.89,2025-07-31,"202 LOW LIBRARY 535 W 116 ST MC 4309,",,NEW YORK,NY,10027,13,NEW YORK,NY,10027,13,8821159.89,2026-08-20
contract,80NSSC24PC394,Partnership for Public Service Inc.,28750,0,2025-02-28,TERMINATED,https://www.fpds.gov/ezsearch/jsp/viewLinkController.jsp?agencyID=8000&PIID=80NSSC24PC394&modNumber=P00001&idvAgencyID=&idvPIID=&contractType=AWARD,true,CONT_AWD_80NSSC24PC394_8000_-NONE-_-NONE-,contract,B,true,false,2025-03-11,F,Termination for convenience agreement - partnership for public service. Membership in the federal human capital collaborative,28750.00,2025-03-11,600 14TH ST NW,STE 600,WASHINGTON,DC,20005,98,WASHINGTON,DC,20005,98,28750.00,2026-08-20
contract,80HQTR24F0012,"ICF INCORPORATED, L.L.C.",3368642.15,1439420.89,2025-02-18,Expired,https://www.fpds.gov/ezsearch/jsp/viewLinkController.jsp?agencyID=8000&PIID=80HQTR24F0012&modNumber=P00003&idvAgencyID=&idvPIID=80HQTR21D0004&contractType=AWARD,true,CONT_AWD_80HQTR24F0012_8000_80HQTR21D0004_8000,contract,C,true,false,2026-04-14,F,Support for the technical support unit for the seventh assessment of the intergovernmental panel on climate change: working group iii,1929221.26,2025-04-08,9300 LEE HWY,,FAIRFAX,VA,22031,11,FAIRFAX,VA,22031,11,3368642.15,2026-08-20
contract,80HQTR24FA038,"CROWN CONSULTING, INC.",136646.85,0,2025-02-18,Expired,https://www.fpds.gov/ezsearch/jsp/viewLinkController.jsp?agencyID=8000&PIID=80HQTR24FA038&modNumber=P00002&idvAgencyID=&idvPIID=80HQTR24AA006&contractType=AWARD,true,CONT_AWD_80HQTR24FA038_8000_80HQTR24AA006_8000,contract,A,true,false,2025-03-20,M,"Stop work notice issued with notification of intent to terminate for convience - data visualization of performance ratings aeronautics research mission directorate, office of the associate administrator",136646.85,2025-03-20,1530 WILSON BLVD STE 900,,ARLINGTON,VA,22209,08,ARLINGTON,VA,22209,08,136646.85,2026-08-20
contract,80KSC024F0043,THE PERFORMANCE KNOWLEDGE GROUP LLC,219539,0,2025-02-18,Expired,https://www.fpds.gov/ezsearch/jsp/viewLinkController.jsp?agencyID=8000&PIID=80KSC024F0043&modNumber=P00004&idvAgencyID=&idvPIID=80KSC021A0007&contractType=AWARD,true,CONT_AWD_80KSC024F0043_8000_80KSC021A0007_8000,contract,A,true,false,2025-04-10,M,De-scope action -executive consulting support for launch services program directorate,137213.00,2025-02-14,1324 SWIFT CREEK WAY,,WINTER SPRINGS,FL,32708,07,SANFORD,FL,32771,07,137213.00,2026-08-20
contract,80KSC024F0044,THE PERFORMANCE KNOWLEDGE GROUP LLC,123550,0,2025-02-18,Expired,https://www.fpds.gov/ezsearch/jsp/viewLinkController.jsp?agencyID=8000&PIID=80KSC024F0044&modNumber=P00002&idvAgencyID=&idvPIID=80KSC021A0007&contractType=AWARD,true,CONT_AWD_80KSC024F0044_8000_80KSC021A0007_8000,contract,A,true,false,2025-04-10,M,De-scope action - executive consulting support for exploration ground systems directorate,77219.10,2025-02-14,1324 SWIFT CREEK WAY,,WINTER SPRINGS,FL,32708,07,SANFORD,FL,32771,07,77219.10,2026-08-20
contract,80KSC024F0045,THE PERFORMANCE KNOWLEDGE GROUP LLC,61656,0,2025-02-18,Expired,https://www.fpds.gov/ezsearch/jsp/viewLinkController.jsp?agencyID=8000&PIID=80KSC024F0045&modNumber=P00002&idvAgencyID=&idvPIID=80KSC021A0007&contractType=AWARD,true,CONT_AWD_80KSC024F0045_8000_80KSC021A0007_8000,contract,A,true,false,2025-04-22,M,"De-scope action- executive consulting support for center engineering, safety, and operations.",38535.00,2025-02-14,1324 SWIFT CREEK WAY,,WINTER SPRINGS,FL,32708,07,SANFORD,FL,32771,07,38535.00,2026-08-20
contract,80NSSC22PB703,HO-CHUNK SHARED SERVICES COMPANY,109953.67,0,2025-02-18,TERMINATED,https://www.fpds.gov/ezsearch/jsp/viewLinkController.jsp?agencyID=8000&PIID=80NSSC22PB703&modNumber=P00003&idvAgencyID=&idvPIID=&contractType=AWARD,true,CONT_AWD_80NSSC22PB703_8000_-NONE-_-NONE-,contract,B,true,false,2025-03-24,F,Stop work notice issued with notification of intent to termiate for conveince - Gsfc Strategic Assessment Support (GSAS),109953.67,2025-03-24,1 MISSION DR,,WINNEBAGO,NE,68071,03,WINNEBAGO,NE,68071,03,109953.67,2026-08-20
contract,80NSSC23FA279,CREATIVE SOLUTIONS INTERNATIONAL,144948.2,0,2025-02-18,TERMINATED,https://www.fpds.gov/ezsearch/jsp/viewLinkController.jsp?agencyID=8000&PIID=80NSSC23FA279&modNumber=P00003&idvAgencyID=&idvPIID=GS10F0331M&contractType=AWARD,true,CONT_AWD_80NSSC23FA279_8000_GS10F0331M_4730,contract,C,true,false,2025-02-20,F,Termination for convenience agreement - creative solutions consulting services (deborah klotz) in support of the ocio transformation project.,138793.75,2025-02-20,3516 6TH S ST,,ARLINGTON,VA,22204,08,ARLINGTON,VA,22204,08,138793.75,2026-08-20
contract,80NSSC23FB052,"BRYCE SOLUTIONS, LLC",7540439.97,5013199.49,2025-02-18,Expired,https://www.fpds.gov/ezsearch/jsp/viewLinkController.jsp?agencyID=8000&PIID=80NSSC23FB052&modNumber=P00016&idvAgencyID=&idvPIID=80NSSC23DA002&contractType=AWARD,true,CONT_AWD_80NSSC23FB052_8000_80NSSC23DA002_8000,contract,C,true,false,2026-02-10,F,"p00017 - termination - NASA enterprise-wide human capital support services (NEHCSS) bryce solutions, LLC contract #80nssc23da002 -task order 80nssc23fb052 leadership and executive level one-on-one coaching services",2527240.48,2025-02-28,1199 N FAIRFAX ST STE 800,STE 601,ALEXANDRIA,VA,22314,08,ALEXANDRIA,VA,22314,08,7540439.97,2026-08-20
contract,80NSSC24FA447,STRATEGY CONSULTING TEAM LLC,395470.9,248077.12,2025-02-18,FUNDING ONLY ACTION,https://www.fpds.gov/ezsearch/jsp/viewLinkController.jsp?agencyID=8000&PIID=80NSSC24FA447&modNumber=P00002&idvAgencyID=&idvPIID=80NSSC23DA003&contractType=AWARD,true,CONT_AWD_80NSSC24FA447_8000_80NSSC23DA003_8000,contract,C,false,false,2026-06-08,M,Task order 80nssc24fa477 - 2024 Supervisory Intensive Leadership Program (SILP),236532.44,2027-06-30,4000 LEGATO RD,STE 1100,FAIRFAX,VA,22033,11,FAIRFAX,VA,22033,11,381642.66,2026-09-03
contract,80NSSC24PA590,"ELI GROUP, LLC",27500,0,2025-02-18,TERMINATED,https://www.fpds.gov/ezsearch/jsp/viewLinkController.jsp?agencyID=8000&PIID=80NSSC24PA590&modNumber=P00001&idvAgencyID=&idvPIID=&contractType=AWARD,true,CONT_AWD_80NSSC24PA590_8000_-NONE-_-NONE-,contract,B,true,false,2025-01-31,F,Stop work notice issued with notification of intent to terminate for convenience - 2024 leadership lab for women,27500.00,2025-03-06,3904 IMMEL DR,,FLOWER MOUND,TX,75022,26,FLOWER MOUND,TX,75022,26,27500.00,2026-08-20
contract,80NSSC24PC269,KPMG LLP,120000,0,2025-02-18,TERMINATED,https://www.fpds.gov/ezsearch/jsp/viewLinkController.jsp?agencyID=8000&PIID=80NSSC24PC269&modNumber=P00001&idvAgencyID=&idvPIID=&contractType=AWARD,true,CONT_AWD_80NSSC24PC269_8000_-NONE-_-NONE-,contract,B,true,false,2025-06-10,C,Stop work notice issued with notification of intent to terminate for convenience - kpmg aspire immersion,96000.00,2025-03-24,8350 BROAD ST STE 900,,MCLEAN,VA,22102,11,MCLEAN,VA,22102,11,96000.00,2026-08-20
contract,80NSSC24PC331,"ELI GROUP, LLC",27500,0,2025-02-18,TERMINATED,https://www.fpds.gov/ezsearch/jsp/viewLinkController.jsp?agencyID=8000&PIID=80NSSC24PC331&modNumber=P00001&idvAgencyID=&idvPIID=&contractType=AWARD,true,CONT_AWD_80NSSC24PC331_8000_-NONE-_-NONE-,contract,B,true,false,2025-02-19,F,Termination for convenience agreement - executive leadership impact,27500.00,2025-02-19,3904 IMMEL DR,,FLOWER MOUND,TX,75022,26,FLOWER MOUND,TX,75022,26,27500.00,2026-08-20
contract,80NSSC25FA034,"TECHPRIDE, INC.",249900,0,2025-02-18,TERMINATED,https://www.fpds.gov/ezsearch/jsp/viewLinkController.jsp?agencyID=8000&PIID=80NSSC25FA034&modNumber=P00002&idvAgencyID=&idvPIID=47QRAA19D006N&contractType=AWARD,true,CONT_AWD_80NSSC25FA034_8000_47QRAA19D006N_4732,contract,C,true,false,2025-03-10,F,"Termination for convenience agreement - consulting services to facilitate program alignment to long-term strategic vision, organizational development, and skill building",75664.00,2025-03-10,1750 KRAFT DR STE 1504,,BLACKSBURG,VA,24060,09,BLACKSBURG,VA,24060,09,75664.00,2026-08-20
contract,80NSSC24PA609,Politico,10600,0,2025-02-13,TERMINATED,https://www.fpds.gov/ezsearch/jsp/viewLinkController.jsp?agencyID=8000&PIID=80NSSC24PA609&modNumber=P00001&idvAgencyID=&idvPIID=&contractType=AWARD,true,CONT_AWD_80NSSC24PA609_8000_-NONE-_-NONE-,contract,B,true,false,2025-02-18,F,Termination for convenience agreement - politico pro agreement for ocfo,10600.00,2025-02-18,1000 WILSON BLVD FL 8,,ARLINGTON,VA,22209,08,ARLINGTON,VA,22209,08,10600.00,2026-08-20
