award_key,award_id,generated_award_id,award_type,recipient_name,action_date,action_type,modification_number,transaction_amount,transaction_description,detected_by,sources,override_status
CONT_AWD_80NSSC25FA473_8000_80NSSC22DA003_8000,80NSSC25FA473,CONT_AWD_80NSSC25FA473_8000_80NSSC22DA003_8000,contract,"Castro & Company, LLC",2026-08-11,F,P00001,-40647.00,The purpose Of task order #74 is to acquire contract audit support services in support Of the NASA headquarters office Of procurement in accordance with the attached Statement Of Work (SOW).,action_code,api,
CONT_AWD_80NSSC26P0662_8000_-NONE-_-NONE-,80NSSC26P0662,CONT_AWD_80NSSC26P0662_8000_-NONE-_-NONE-,contract,Xenturis LLC,2026-08-11,F,P00002,0.00,Marotta controls proposal #46059 for mv524lt & mv172 part numbers 284752-9_23 & 285234-9_21.,action_code,api,
CONT_AWD_NNG09FA40C_8000_-NONE-_-NONE-,NNG09FA40C,CONT_AWD_NNG09FA40C_8000_-NONE-_-NONE-,contract,Lockheed Martin Corporation,2026-08-03,F,117,0.00,"The purpose of this modification is to finalize the partial termination settlement and reduce the contract value accordingly. The Interface Region Imaging Spectrograph (IRIS) is a NASA small explorer mission that observes the sun'S chromosphere and transition Region, also known as the Interface Region. Iris is designed to study how energy and plasma move within this Region, which helps us understand how the sun'S corona is heated and how solar activity impacts Earth'S space environment. This mission fills a crucial gap in our ability to advance sun-earth connection studies by tracing the flow of energy and plasma into the corona and heliosphere for which no suitable observations exist.",both,api,
CONT_AWD_80GSFC23CA001_8000_-NONE-_-NONE-,80GSFC23CA001,CONT_AWD_80GSFC23CA001_8000_-NONE-_-NONE-,contract,The Trustees of Columbia University in the City of New York,2026-07-30,F,P00013,9658.99,Terminate for convenience agreement - socioeconomic data and applications center (SEDAC) smd directorate,both,api,
CONT_AWD_80GSFC23CA032_8000_-NONE-_-NONE-,80GSFC23CA032,CONT_AWD_80GSFC23CA032_8000_-NONE-_-NONE-,contract,University of Maryland Baltimore County,2026-07-30,F,P00012,-9633.44,Geospace Dynamics Constellation (GDC) modular spectrometer for atmosphere and ionosphere characterization (MOSAIC) instrument investigation,action_code,api,
CONT_AWD_80LARC21F0053_8000_80LARC20D0007_8000,80LARC21F0053,CONT_AWD_80LARC21F0053_8000_80LARC20D0007_8000,contract,Cornell Technical Services LLC,2026-07-10,C,P00005,-757.47,Rbi termination settlement proposal support,description,api,
CONT_AWD_80NSSC26P0502_8000_-NONE-_-NONE-,80NSSC26P0502,CONT_AWD_80NSSC26P0502_8000_-NONE-_-NONE-,contract,Devglobal Partners LLC,2026-07-08,F,P00001,-98168.00,Facilitation and logistical coordination of the 2026 smd data repositories workshop,action_code,api,
CONT_AWD_80NM0019F0075_8000_80NM0018D0004_8000,80NM0019F0075,CONT_AWD_80NM0019F0075_8000_80NM0018D0004_8000,contract,California Institute of Technology,2026-06-17,M,P00009,0.00,Termination for convenience agreement - Mars to moon engineering support for xyz directorate,description,api,
CONT_AWD_80GRC025CA013_8000_-NONE-_-NONE-,80GRC025CA013,CONT_AWD_80GRC025CA013_8000_-NONE-_-NONE-,contract,Apache Innovations Jv,2026-06-15,F,P00002,0.00,"Removal of drd iaw eo #14222 - Glenn Logistics And Metrology (GLAM) - the purpose of this contract is to provide Logistics services, stock purchases, And Metrology/calibration services to NASA GRC. Support to all directorates at NASA GRC.",action_code,api,
CONT_AWD_80NSSC26P0347_8000_-NONE-_-NONE-,80NSSC26P0347,CONT_AWD_80NSSC26P0347_8000_-NONE-_-NONE-,contract,Minco Products Inc,2026-05-28,F,P00001,-13199.00,Purchase of customized heaters,action_code,api,
CONT_AWD_80NSSC25PB270_8000_-NONE-_-NONE-,80NSSC25PB270,CONT_AWD_80NSSC25PB270_8000_-NONE-_-NONE-,contract,Linde Advanced Material Technologies Inc.,2026-05-22,F,P00001,-18775.00,"Alloy z, chem/sizing powder",action_code,api,
CONT_IDV_80NSSC24AA010_8000,80NSSC24AA010,CONT_IDV_80NSSC24AA010_8000,contract,"Bryce Space and Technology, LLC",2026-05-21,F,P00004,0.00,Termination for convenience agreement - change management support service bpss for NASA administrative suite.,both,api,
ASST_NON_80NSSC24K0113_080,80NSSC24K0113,ASST_NON_80NSSC24K0113_080,grant,University of Arkansas System,2026-05-12,D,P00004,-149998.00,Termination for convenience agreement - here to observe uab support for smd/esd,description,api,
CONT_AWD_80KSC019C0013_8000_-NONE-_-NONE-,80KSC019C0013,CONT_AWD_80KSC019C0013_8000_-NONE-_-NONE-,contract,"Bechtel National, Inc.",2026-05-06,F,P00180,0.00,Design and construction of NASA Space Launch System (SLS) mobile launcher 2 (ML2).,action_code,api,
CONT_AWD_80NSSC26P0289_8000_-NONE-_-NONE-,80NSSC26P0289,CONT_AWD_80NSSC26P0289_8000_-NONE-_-NONE-,contract,Aantilia LLC,2026-05-04,F,P00001,-26425.00,Instrument & lab eqpt - 16 inch diameter flat mirror,action_code,api,
CONT_AWD_80NM0018F0566_8000_80NM0018D0004_8000,80NM0018F0566,CONT_AWD_80NM0018F0566_8000_80NM0018D0004_8000,contract,California Institute of Technology,2026-05-01,M,P00029,0.00,Stop work notice issued with notification Of intent to terminate for convenience - office Of Chief Technologist (OCT) strategic integration for smd directorate,description,api,
ASST_NON_80NSSC25K7036_080,80NSSC25K7036,ASST_NON_80NSSC25K7036_080,grant,University of Richmond,2026-04-30,D,P00003,-248049.00,Termination for convenience agreement - building capacity for resiliency education and environmental justice across the changing indigenous landscapes of virginia - support for smd directorate,description,api,
CONT_AWD_80NSSC26P0407_8000_-NONE-_-NONE-,80NSSC26P0407,CONT_AWD_80NSSC26P0407_8000_-NONE-_-NONE-,contract,Prime Property Scans LLC,2026-04-21,F,P00001,-26000.00,Spiral technology software support renewal,action_code,api,
CONT_AWD_80HQTR23F0042_8000_80HQTR21D0004_8000,80HQTR23F0042,CONT_AWD_80HQTR23F0042_8000_80HQTR21D0004_8000,contract,"Icf Incorporated, LLC",2026-04-14,F,P00001,0.00,This task order #4 is hereby issued to provide support for u.S. Participation in an all-hands meeting for the 5th national climate assessment in accordance the attached statement of work,action_code,api,
CONT_AWD_80HQTR24F0012_8000_80HQTR21D0004_8000,80HQTR24F0012,CONT_AWD_80HQTR24F0012_8000_80HQTR21D0004_8000,contract,"Icf Incorporated, LLC",2026-04-14,F,P00004,0.00,Support for the technical support unit for the seventh assessment of the intergovernmental panel on climate change: working group iii,action_code,api,
CONT_AWD_80HQTR24F0037_8000_80HQTR21D0004_8000,80HQTR24F0037,CONT_AWD_80HQTR24F0037_8000_80HQTR21D0004_8000,contract,"Icf Incorporated, LLC",2026-04-14,F,P00003,0.00,To provide a scope for specialized support services for two climate services personnel to the U.S. Global Change Research Program (USGCRP) National Coordination Office (NCO) for climate services.,action_code,api,
CONT_AWD_80HQTR25F7019_8000_80HQTR21D0004_8000,80HQTR25F7019,CONT_AWD_80HQTR25F7019_8000_80HQTR21D0004_8000,contract,"Icf Incorporated, LLC",2026-04-14,F,P00002,0.00,"Assist with planning activities involving a large international author team coordinate in-person and remote meetings, track the status of authors' work",action_code,api,
CONT_AWD_80NM0024F0047_8000_80NM0018D0004_8000,80NM0024F0047,CONT_AWD_80NM0024F0047_8000_80NM0018D0004_8000,contract,California Institute of Technology,2026-04-13,M,P00004,0.00,Termination for convenience agreement - advancing vietnam'S marine spatial planning for offshore wind energy development (82-222737),description,api,
CONT_AWD_80MSFC21CA001_8000_-NONE-_-NONE-,80MSFC21CA001,CONT_AWD_80MSFC21CA001_8000_-NONE-_-NONE-,contract,Lockheed Martin Corp,2026-04-03,F,P00019,0.00,"Tipping point Cryogenic Demonstration Mission (CDM) establish the final settlement between the government and contractor resulting from the termination for convenience of contract no. 80msfc21ca001 issued on august 8, 2024.",both,api,
CONT_AWD_80HQTR22F0076_8000_80HQTR21D0004_8000,80HQTR22F0076,CONT_AWD_80HQTR22F0076_8000_80HQTR21D0004_8000,contract,"Icf Incorporated, LLC",2026-03-18,F,P00010,0.00,Support for u.S.participation in theintergovernmentalpanel on climatechange and relatedinternationalassessments,action_code,api,
CONT_AWD_80HQTR22F0109_8000_80HQTR21D0004_8000,80HQTR22F0109,CONT_AWD_80HQTR22F0109_8000_80HQTR21D0004_8000,contract,"Icf Incorporated, LLC",2026-03-18,F,P00005,0.00,Specialized support services for a Carbon Cycle Interagency Working Group (CCIWG) coordinator to the U.S. Global Change Research Program (USGCRP) National Coordination Office (NCO).,action_code,api,
CONT_AWD_80LARC24F0039_8000_80GSFC19D0011_8000,80LARC24F0039,CONT_AWD_80LARC24F0039_8000_80GSFC19D0011_8000,contract,The Aerospace Corporation,2026-03-17,M,P00002,0.00,Termination for convenience agreement - NASA engineering and safety center'S (NESC) team to guise future human-rated spacecraft providers on designing and verifying a spacecraft fire system.,description,api,
CONT_AWD_80LARC25F7003_8000_80GSFC19D0011_8000,80LARC25F7003,CONT_AWD_80LARC25F7003_8000_80GSFC19D0011_8000,contract,The Aerospace Corporation,2026-03-17,M,P00002,0.00,Termination for convenience agreement- NASA engineering and safety center'S (NESC) environmental control and life support (ECLSS) Technical Discipline Team (TDT).,description,api,
CONT_IDV_80HQTR21D0004_8000,80HQTR21D0004,CONT_IDV_80HQTR21D0004_8000,contract,"Icf Incorporated, LLC",2026-03-03,F,P00031,0.00,Support for the United States .Global Change Research Program (USGCRP).National Coordination Office (NCO). t4c agreement finalization for Earth sciences group.,both,api,
CONT_AWD_80NSSC25PB602_8000_-NONE-_-NONE-,80NSSC25PB602,CONT_AWD_80NSSC25PB602_8000_-NONE-_-NONE-,contract,Fed Crew Inc,2026-02-23,F,P00002,-48900.00,Spherical hea alloy powder,action_code,api,
CONT_AWD_80NSSC25PA844_8000_-NONE-_-NONE-,80NSSC25PA844,CONT_AWD_80NSSC25PA844_8000_-NONE-_-NONE-,contract,Volaire Energy LLC,2026-02-20,F,P00001,0.00,Geer mass flow meter,action_code,api,
CONT_AWD_80NSSC26P0009_8000_-NONE-_-NONE-,80NSSC26P0009,CONT_AWD_80NSSC26P0009_8000_-NONE-_-NONE-,contract,Silverback Associates LLC,2026-02-18,F,P00001,-14184.00,Bard AC unit,action_code,api,
CONT_AWD_80GSFC22CA012_8000_-NONE-_-NONE-,80GSFC22CA012,CONT_AWD_80GSFC22CA012_8000_-NONE-_-NONE-,contract,The Regents of the University of Colorado,2026-02-12,F,P00009,0.00,Interdisciplinary scientist support for the Geospace Dynamics Constellation (GDC) program.,action_code,api,
CONT_AWD_80NSSC23FB052_8000_80NSSC23DA002_8000,80NSSC23FB052,CONT_AWD_80NSSC23FB052_8000_80NSSC23DA002_8000,contract,"Bryce Solutions, LLC",2026-02-10,F,P00017,0.00,"p00017 - termination - NASA enterprise-wide human capital support services (NEHCSS) bryce solutions, LLC contract #80nssc23da002 -task order 80nssc23fb052 leadership and executive level one-on-one coaching services",action_code,api,
CONT_AWD_80GSFC22CA013_8000_-NONE-_-NONE-,80GSFC22CA013,CONT_AWD_80GSFC22CA013_8000_-NONE-_-NONE-,contract,The Aerospace Corporation,2026-02-09,F,P00006,0.00,Interdisciplinary scientist support for the Geospace Dynamics Constellation (GDC) program.,action_code,api,
CONT_AWD_80GSFC22CA011_8000_-NONE-_-NONE-,80GSFC22CA011,CONT_AWD_80GSFC22CA011_8000_-NONE-_-NONE-,contract,University of Texas at Arlington,2026-01-30,F,P00009,0.00,Interdisciplinary scientist support for the Geospace Dynamics Constellation (GDC) program.,action_code,api,
CONT_AWD_80MSFC21C0010_8000_-NONE-_-NONE-,80MSFC21C0010,CONT_AWD_80MSFC21C0010_8000_-NONE-_-NONE-,contract,Northrop Grumman Systems Corporation,2025-09-30,F,P00042,0.00,Mars Ascent Propulsion System (MAPS),action_code,api,
CONT_AWD_80MSFC22CA005_8000_-NONE-_-NONE-,80MSFC22CA005,CONT_AWD_80MSFC22CA005_8000_-NONE-_-NONE-,contract,Lockheed Martin Corp,2025-09-30,F,P00032,0.00,Mars Ascent Vehicle Integrated System (MAVIS),action_code,api,
CONT_AWD_80GSFC23CA030_8000_-NONE-_-NONE-,80GSFC23CA030,CONT_AWD_80GSFC23CA030_8000_-NONE-_-NONE-,contract,Honeybee Robotics LLC,2025-09-29,F,P00010,343290.45,"Terminate for convenience agreement - Mars Sample Return (MSR) Capture, Containment and Return Systems (CCRS) Earth Entry System (EES) Spin Eject Mechanism (SEM) for smd directorate.",both,api,
ASST_NON_80NSSC24K0115_080,80NSSC24K0115,ASST_NON_80NSSC24K0115_080,grant,Virginia State University,2025-09-25,D,P00003,-149900.00,Termination for convenience agreement - here to observe support for science mission directorate (SMD/ESD),description,api,
ASST_NON_80NSSC24K1193_080,80NSSC24K1193,ASST_NON_80NSSC24K1193_080,grant,Cornell University,2025-09-25,D,P00002,-164732.25,Termination for convenience agreement - topical workshops symposiums and conferences science mission directorate (smd/planetary),description,api,
ASST_NON_80NSSC25K7032_080,80NSSC25K7032,ASST_NON_80NSSC25K7032_080,grant,Emory University,2025-09-25,D,P00003,-209014.09,Termination for convenience agreement - advancing environmental justice in atlanta through gis-enabled community engagement - support for smd directorate,description,api,
CONT_AWD_80GSFC25P0001_8000_-NONE-_-NONE-,80GSFC25P0001,CONT_AWD_80GSFC25P0001_8000_-NONE-_-NONE-,contract,Ares Technical Services Corporation,2025-09-24,F,P00001,-144118.00,"Smas iii phase-in - supports development of safety and mission assurance requirements and the independent surveillance, audit, review and assessment of design, development, test, and mission operations activities.",action_code,api,
CONT_AWD_80NSSC24FA979_8000_80NSSC24AA010_8000,80NSSC24FA979,CONT_AWD_80NSSC24FA979_8000_80NSSC24AA010_8000,contract,"Bryce Space and Technology, LLC",2025-09-12,M,P00004,-124874.86,"Termination for convenience agreement - change management support service bpa call for office of technology, policy, and strategy independent diagnostic and strategic advisory support (otps-idsas).",description,api,
CONT_AWD_80GSFC23CA005_8000_-NONE-_-NONE-,80GSFC23CA005,CONT_AWD_80GSFC23CA005_8000_-NONE-_-NONE-,contract,Southwest Research Institute,2025-09-11,F,P00006,40788.00,Complete termination for convenience of NASA Geospace Dynamics Constellation (GDC) Comprehensive Auroral Precipitation Experiment (CAPE),both,api,
ASST_NON_80NSSC22K1681_080,80NSSC22K1681,ASST_NON_80NSSC22K1681_080,grant,The University of Texas Rio Grande Valley,2025-09-10,D,P00005,-29778.36,Termination for convenience agreement - Earth science applications: equity and environmental justice support for smd/esd,description,api,
CONT_AWD_80LARC25F7014_8000_80LARC20D0007_8000,80LARC25F7014,CONT_AWD_80LARC25F7014_8000_80LARC20D0007_8000,contract,Cornell Technical Services LLC,2025-08-29,B,P00001,0.00,"Surface management, cost, and schedule evaluation support for the Radiation Budget Instrument (RBI) termination settlement cost proposal",description,api,
ASST_NON_80NSSC21M0003_080,80NSSC21M0003,ASST_NON_80NSSC21M0003_080,grant,Universities Space Research Association,2025-08-27,D,P00011,-553617.77,Termination for convenience agreement - Science activation program integration/ Science engagement & partnerships division for support for Science Mission Directorate (SMD),description,api,
ASST_NON_80NSSC22K0223_080,80NSSC22K0223,ASST_NON_80NSSC22K0223_080,grant,American Geophysical Union,2025-08-27,D,P00006,-82614.13,Termination for convenience agreement - agu aas asgsr to NASA: supporting early career researchers post pandemic - support for smd directorate,description,api,
CONT_AWD_80GSFC21C0057_8000_-NONE-_-NONE-,80GSFC21C0057,CONT_AWD_80GSFC21C0057_8000_-NONE-_-NONE-,contract,Schlumberger Technology Corporation,2025-08-18,F,P00013,20402.80,"Termination for convenience agreement - pulsed neutron generators for the NASA Dragonfly and Dragonfly Titan lander and the Development and Advancement of Lunar Instrumentation (DALI), Bulk Elemental Composition Analyzer (BECA) instrument.",both,api,
ASST_NON_80NSSC24K0520_080,80NSSC24K0520,ASST_NON_80NSSC24K0520_080,grant,Natural Areas Conservancy Inc,2025-08-15,D,P00002,-170395.18,Termination for convenience agreement - interdisciplinary research in Earth sciences for support for science mission directorate (SMD/ESD),description,api,
ASST_NON_80NSSC25K7034_080,80NSSC25K7034,ASST_NON_80NSSC25K7034_080,grant,University of Oklahoma,2025-08-15,D,P00002,-242615.17,Termination for convenience agreement - 23-eej23-0046 building co-design and co-learning digital twins against floods on tribal lands in support of indigenous communities,description,api,
ASST_NON_80NSSC24K0892_080,80NSSC24K0892,ASST_NON_80NSSC24K0892_080,grant,George Mason University,2025-08-14,D,P00002,-529129.00,Termination for convenience agreement - interdisciplinary research in Earth sciences support for science mission directorate (SMD/ESD),description,api,
ASST_NON_80NSSC24K0176_080,80NSSC24K0176,ASST_NON_80NSSC24K0176_080,grant,Virginia Polytechnic Institute & State University,2025-08-12,D,P00004,-373255.31,Termination for convenience agreement - interdisciplinary research in Earth science support for science mission directorate (SMD/ESD),description,api,
ASST_NON_80NSSC24K0178_080,80NSSC24K0178,ASST_NON_80NSSC24K0178_080,grant,Brown University,2025-08-12,D,P00003,-400605.72,Termination for convenience agreement - interdisciplinary research in Earth sciences for science mission directorate (SMD/ESD),description,api,
ASST_NON_80NSSC24M0193_080,80NSSC24M0193,ASST_NON_80NSSC24M0193_080,grant,President and Fellows of Harvard College,2025-08-12,D,P00004,-177915.07,Termination for convenience agreement - NASA open innovation research -support for stmd directorate,description,api,
ASST_NON_80NSSC19K1666_080,80NSSC19K1666,ASST_NON_80NSSC19K1666_080,grant,"Imec USA Nanoelectronics Design Center, Inc",2025-08-05,D,P00003,-4219.53,Termination for convenience agreement - rodent hindlimb suspension rodent csf and direct icp & biomarkers - support for somd directorate,description,api,
ASST_NON_80NSSC21M0005_080,80NSSC21M0005,ASST_NON_80NSSC21M0005_080,grant,Oklahoma State University,2025-07-22,D,P00008,-839920.81,Termination for convenience agreement - Science activation program integration/ Science engagement & partnerships division for support for Science Mission Directorate (SMD),description,api,
ASST_NON_80NSSC21K1069_080,80NSSC21K1069,ASST_NON_80NSSC21K1069_080,grant,President and Fellows of Harvard College,2025-06-20,B,P00004,0.00,Termination for convenience agreement -20-ocost20-0009 application of continuous ground-based remote sensing to analysis of oco-2/3 xco2 and sif data in mosaic landscapes -support for smd Earth science directorate,description,api,
CONT_AWD_80GSFC23PA006_8000_-NONE-_-NONE-,80GSFC23PA006,CONT_AWD_80GSFC23PA006_8000_-NONE-_-NONE-,contract,"Malin Space Science Systems, Inc",2025-06-18,F,P00003,0.00,"Termination for convenience agreement - Mars Sample Return campaign Capture, Containment, and Return Sample (CCRS) camera",both,api,
CONT_AWD_80GSFC22CA021_8000_-NONE-_-NONE-,80GSFC22CA021,CONT_AWD_80GSFC22CA021_8000_-NONE-_-NONE-,contract,Newton LLC,2025-06-17,F,P00015,-31752.64,"Termination for convenience agreement - Capture, Containment Return System (CCRS) Capture Lid Mechanism (CLM)",both,api,
CONT_AWD_80NSSC25PA641_8000_-NONE-_-NONE-,80NSSC25PA641,CONT_AWD_80NSSC25PA641_8000_-NONE-_-NONE-,contract,"Messe Dusseldorf North America, Inc.",2025-06-17,C,P00002,-15200.00,Termination for convenience agreement - booth space for NASA at auvsi 2025,description,api,
ASST_NON_80NSSC24K0503_080,80NSSC24K0503,ASST_NON_80NSSC24K0503_080,grant,George Washington University (THE),2025-06-11,B,P00002,0.00,Stop work notice issued with notification of intent to terminate for convenience assessing environmental justice air quality and health co-benefits of transport interventions in u.S. Urban areas - smd,description,api,
CONT_AWD_80NSSC24PC269_8000_-NONE-_-NONE-,80NSSC24PC269,CONT_AWD_80NSSC24PC269_8000_-NONE-_-NONE-,contract,KPMG LLP,2025-06-10,C,P00002,-24000.00,Stop work notice issued with notification of intent to terminate for convenience - kpmg aspire immersion,description,api,
CONT_IDV_80NSSC24AA014_8000,80NSSC24AA014,CONT_IDV_80NSSC24AA014_8000,contract,"Rios Partners, LLC",2025-06-09,F,P00004,0.00,Termination for convenience agreement - change management support service bpas for NASA administrative suite.,both,api,
ASST_NON_80NSSC25K7031_080,80NSSC25K7031,ASST_NON_80NSSC25K7031_080,grant,Trustees of Tufts College,2025-06-06,B,P00002,0.00,Terminate for convenience - 23-eej23-0029 integrating Earth observations toward advancing equitable resilience to geohazards in a changing climate,description,api,
CONT_AWD_80GSFC24CA024_8000_-NONE-_-NONE-,80GSFC24CA024,CONT_AWD_80GSFC24CA024_8000_-NONE-_-NONE-,contract,"A3l Federal Works,llc",2025-05-28,M,P00008,0.00,"Termination for convenience agreement-partial- iv&v program office Of Safety & Mission Assurance (OSMA) Knowledge Management, Events and Communications Supports (KMECS) ivv contract",description,api,
ASST_NON_80NSSC19K0748_080,80NSSC19K0748,ASST_NON_80NSSC19K0748_080,grant,The Pinhead Institute Inc,2025-05-14,B,P00006,0.00,Termination for convenience agreement - an analysis of ladee uvs data for metallic species - support for smd directorate,description,api,
ASST_NON_80NSSC23M0020_080,80NSSC23M0020,ASST_NON_80NSSC23M0020_080,grant,Blue Marble Space,2025-05-14,B,P00004,0.00,Termination for convenience agreement - three-dimensional modeling of observable terrestrial worlds - support for smd directorate,description,api,
ASST_NON_80NSSC24K0913_080,80NSSC24K0913,ASST_NON_80NSSC24K0913_080,grant,University of Texas Health Science Center at Houston,2025-05-14,B,P00002,0.00,Termination for convenience - using NASA Earth observations to support environmental justice communities in atlanta georgia - support for smd directorate,description,api,
ASST_NON_80NSSC25K7029_080,80NSSC25K7029,ASST_NON_80NSSC25K7029_080,grant,Research Triangle Institute,2025-05-14,B,P00002,0.00,Termination for convenience agreement - project green: greenspace and remote sensing for the environment and equity in neighborhoods - support for smd directorate,description,api,
ASST_NON_80NSSC25K7030_080,80NSSC25K7030,ASST_NON_80NSSC25K7030_080,grant,University of Texas Health Science Center at Houston,2025-05-14,B,P00002,0.00,Termination for convenience agreement - cielo: chicago'S initiative for environmental justice and light pollution outreach - support for smd directorate,description,api,
CONT_AWD_80NSSC25FA315_8000_80NSSC24AA005_8000,80NSSC25FA315,CONT_AWD_80NSSC25FA315_8000_80NSSC24AA005_8000,contract,"National Quality Assurance - U.S.A., Inc.",2025-05-05,F,P00001,-28832.00,Termination for convenience-as9100 audit at AFRC'S NASA facility,both,api,
CONT_AWD_80NSSC24PB679_8000_-NONE-_-NONE-,80NSSC24PB679,CONT_AWD_80NSSC24PB679_8000_-NONE-_-NONE-,contract,"Gartner, Inc.",2025-04-30,M,P00002,0.00,"Termination for convenience agreement --NASA human capital and learning & development advisory, research and benchmarking services.",description,api,
CONT_AWD_80NSSC23FA528_8000_80NSSC23DA001_8000,80NSSC23FA528,CONT_AWD_80NSSC23FA528_8000_80NSSC23DA001_8000,contract,Ibex It Business Experts LLC,2025-04-23,F,P00007,-136672.81,"Stop work notice issued with notification of intent to terminate for convenience - nehcss - ibex it business experts, LLC task order 80nssc23fa528 organization development support services",both,api,
CONT_AWD_80NSSC23F0002_8000_NNG15SD22B_8000,80NSSC23F0002,CONT_AWD_80NSSC23F0002_8000_NNG15SD22B_8000,contract,"Four Points Technology, LLC",2025-04-21,F,P00001,0.00,Terminate for convenience agreement securid authenticator tokens,both,api,
CONT_AWD_80NSSC24FA558_8000_NNG15SD25B_8000,80NSSC24FA558,CONT_AWD_80NSSC24FA558_8000_NNG15SD25B_8000,contract,"Three Wire Systems, LLC",2025-04-16,F,P00001,0.00,Termination for convenience agreement tor- one software renewal,both,api,
CONT_AWD_80NSSC24PA660_8000_-NONE-_-NONE-,80NSSC24PA660,CONT_AWD_80NSSC24PA660_8000_-NONE-_-NONE-,contract,"Lmi Consulting, LLC",2025-04-16,F,P00002,0.00,Terminate for convenience: bridge program retreat,both,api,
CONT_AWD_80NSSC24PB891_8000_-NONE-_-NONE-,80NSSC24PB891,CONT_AWD_80NSSC24PB891_8000_-NONE-_-NONE-,contract,"Career Communications Group, Inc.",2025-04-16,F,P00003,0.00,Termination for convenience: women of color in STEM silver partnership and participation in their national convention,both,api,
CONT_AWD_80NSSC25FA078_8000_NNG15SD72B_8000,80NSSC25FA078,CONT_AWD_80NSSC25FA078_8000_NNG15SD72B_8000,contract,Colossal Contracting LLC,2025-04-16,F,P00001,0.00,Termination for convenience agreement prisma cloud renewal,both,api,
CONT_IDV_80GRC022AA005_8000,80GRC022AA005,CONT_IDV_80GRC022AA005_8000,contract,"Applied Fab & Machining, Inc.",2025-04-15,F,P00002,0.00,"Termination for convenience - NASA glenn research center blanket purchase agreement. Each order may include, but is not limited to, machining, fabrication, welding/metal joining, instrumentation, inspection and non-destructive Testing (NDT)",both,api,
CONT_IDV_80GRC022AA006_8000,80GRC022AA006,CONT_IDV_80GRC022AA006_8000,contract,"Axial Global, LLC.",2025-04-15,F,P00002,0.00,"Termination for convenience - NASA glenn research center blanket purchase agreement. Each order may include, but is not limited to, machining, fabrication, welding/metal joining, instrumentation, inspection and non-destructive Testing (NDT).",both,api,
CONT_IDV_80GRC022AA014_8000,80GRC022AA014,CONT_IDV_80GRC022AA014_8000,contract,KCS Prototype and Design LLC,2025-04-15,F,P00003,0.00,"Termination for convenience - NASA glenn research center blanket purchase agreement. Each order may include, but is not limited to, machining, fabrication, welding/metal joining, instrumentation, inspection and non-destructive Testing (NDT).",both,api,
CONT_IDV_80GRC022AA017_8000,80GRC022AA017,CONT_IDV_80GRC022AA017_8000,contract,"MSP Aviation, Inc.",2025-04-15,F,P00003,0.00,"Termination for convenience - NASA glenn research center blanket purchase agreement. Each order may include, but is not limited to, machining, fabrication, welding/metal joining, instrumentation, inspection and non-destructive Testing (NDT).",both,api,
CONT_IDV_80GRC022AA018_8000,80GRC022AA018,CONT_IDV_80GRC022AA018_8000,contract,"Precision Fabricating & Cleaning Company, Inc.",2025-04-15,F,P00003,0.00,"Termination for convenience - NASA glenn research center blanket purchase agreement. Each order may include, but is not limited to, machining, fabrication, welding/metal joining, instrumentation, inspection and non-destructive Testing (NDT).",both,api,
CONT_IDV_80GRC022AA021_8000,80GRC022AA021,CONT_IDV_80GRC022AA021_8000,contract,"Unipak Aviation, LLC",2025-04-15,F,P00003,0.00,"Termination for convenience - NASA glenn research center blanket purchase agreement. Each order may include, but is not limited to, machining, fabrication, welding/metal joining, instrumentation, inspection and non-destructive Testing (NDT).",both,api,
CONT_IDV_80GRC022AA023_8000,80GRC022AA023,CONT_IDV_80GRC022AA023_8000,contract,North Wind Systems LLC,2025-04-15,F,P00002,0.00,"Termination for convenience - NASA glenn research center blanket purchase agreement. Each order may include, but is not limited to, machining, fabrication, welding/metal joining, instrumentation, inspection and non-destructive Testing (NDT).",both,api,
CONT_IDV_80GRC022AA024_8000,80GRC022AA024,CONT_IDV_80GRC022AA024_8000,contract,"Kessington, LLC",2025-04-15,F,P00002,0.00,"Termination for convenience - NASA glenn research center blanket purchase agreement. Each order may include, but is not limited to, machining, fabrication, welding/metal joining, instrumentation, inspection and non-destructive Testing (NDT).",both,api,
CONT_AWD_80GRC024CA008_8000_-NONE-_-NONE-,80GRC024CA008,CONT_AWD_80GRC024CA008_8000_-NONE-_-NONE-,contract,Case Western Reserve University,2025-04-08,M,P00002,0.00,Stop work notice issued with notice of intent to de-scope. Centrifugal acceleration testing - NASA GRC is pursuing the development of dynamic conversion technologies to support science mission power system development.,description,api,
CONT_AWD_80HQTR24F0019_8000_80HQTR21D0004_8000,80HQTR24F0019,CONT_AWD_80HQTR24F0019_8000_80HQTR21D0004_8000,contract,"Icf Incorporated, LLC",2025-04-08,M,P00002,0.00,Stop work and termination for convenience notice issued. Engagement specialist to the U.S. Global Change Research Program (USGCRP) National Coordination Office (NCO),description,api,
CONT_AWD_80HQTR24F0096_8000_80GSFC19D0011_8000,80HQTR24F0096,CONT_AWD_80HQTR24F0096_8000_80GSFC19D0011_8000,contract,The Aerospace Corporation,2025-04-08,M,P00002,0.00,Stop work notice issued with notification of intent to terminate for convenience - strategic communications and integration support for mission support directorate,description,api,
CONT_AWD_80JSC022CA012_8000_-NONE-_-NONE-,80JSC022CA012,CONT_AWD_80JSC022CA012_8000_-NONE-_-NONE-,contract,"Flawless Photonics, Inc.",2025-04-08,M,P00008,0.00,Termination notice issued: in space production applications (INSPA) - fabrication of flawlesspreforms in microgravity for oa directorate,description,api,
CONT_AWD_80LARC21F0083_8000_80LARC20D0007_8000,80LARC21F0083,CONT_AWD_80LARC21F0083_8000_80LARC20D0007_8000,contract,Cornell Technical Services LLC,2025-04-08,M,P00006,0.00,Stop work notice issued with notification of intent to terminate for convenience - soma vault administration,description,api,
CONT_AWD_80LARC21F0153_8000_80LARC20D0007_8000,80LARC21F0153,CONT_AWD_80LARC21F0153_8000_80LARC20D0007_8000,contract,Cornell Technical Services LLC,2025-04-08,M,P00006,0.00,"Stop work notice issued with notification of intent to terminate for convenience - Mars Exploration Program (MEP) assessment for management, planning, technical, scientific, risk, cost, and schedule support",description,api,
CONT_AWD_80LARC25F7011_8000_80LARC20D0007_8000,80LARC25F7011,CONT_AWD_80LARC25F7011_8000_80LARC20D0007_8000,contract,Cornell Technical Services LLC,2025-04-08,M,P00003,0.00,Stop work notice issued with notification of intent to terminate for convenience - 2025 astrophysics division senior review,description,api,
CONT_AWD_80MSFC22F0153_8000_80MSFC20D0004_8000,80MSFC22F0153,CONT_AWD_80MSFC22F0153_8000_80MSFC20D0004_8000,contract,The Johns Hopkins University Applied Physics Laboratory LLC,2025-04-08,M,P00004,0.00,Stop work notice issued with notification of intent to terminate for convenience - nesc avionics packaging engineering processes and best practices,description,api,
CONT_AWD_80NSSC20P1795_8000_-NONE-_-NONE-,80NSSC20P1795,CONT_AWD_80NSSC20P1795_8000_-NONE-_-NONE-,contract,Howard Wershbale & Co,2025-04-08,F,P00008,0.00,Termination for convenience agreement exercise option yr 4,both,api,
CONT_AWD_80NSSC22PA482_8000_-NONE-_-NONE-,80NSSC22PA482,CONT_AWD_80NSSC22PA482_8000_-NONE-_-NONE-,contract,"Diversified Services Group, Inc.",2025-04-08,F,P00006,0.00,Termination for convenience agreement - live plant maintenance services,both,api,
CONT_AWD_80NSSC23PA010_8000_-NONE-_-NONE-,80NSSC23PA010,CONT_AWD_80NSSC23PA010_8000_-NONE-_-NONE-,contract,Business Class Aviation Inc.,2025-04-08,F,P00004,-38680.00,Terminate for convenience of agreement-dc-8 and SOFIA aircraft storage and parts removal,both,api,
CONT_AWD_80NSSC23PB058_8000_-NONE-_-NONE-,80NSSC23PB058,CONT_AWD_80NSSC23PB058_8000_-NONE-_-NONE-,contract,"Florida First Robotics Education Foundation, Inc",2025-04-08,F,P00002,0.00,Termination for convenience agreement - sponsorship of the first orlando regional,both,api,
CONT_AWD_80NSSC24PB139_8000_-NONE-_-NONE-,80NSSC24PB139,CONT_AWD_80NSSC24PB139_8000_-NONE-_-NONE-,contract,"Datadog, Inc.",2025-04-08,F,P00002,0.00,Termination for convenience agreement - datadog subscription,both,api,
CONT_AWD_80NSSC24PB717_8000_-NONE-_-NONE-,80NSSC24PB717,CONT_AWD_80NSSC24PB717_8000_-NONE-_-NONE-,contract,"Costar Realty Information, Inc.",2025-04-08,F,P00002,0.00,Termination for connivence agreement - costar,both,api,
CONT_AWD_80NSSC24PB720_8000_-NONE-_-NONE-,80NSSC24PB720,CONT_AWD_80NSSC24PB720_8000_-NONE-_-NONE-,contract,R3 Uniq Inc,2025-04-08,F,P00001,0.00,Terminate for convenience - omnest network simulation software licenses and support,both,api,
CONT_AWD_80NSSC24PC064_8000_-NONE-_-NONE-,80NSSC24PC064,CONT_AWD_80NSSC24PC064_8000_-NONE-_-NONE-,contract,The Jandor Group LLC,2025-04-08,F,P00001,0.00,Terminate for convenience agreement,both,api,
CONT_AWD_80NSSC24PC363_8000_-NONE-_-NONE-,80NSSC24PC363,CONT_AWD_80NSSC24PC363_8000_-NONE-_-NONE-,contract,Qualcomm Technologies Inc,2025-04-08,F,P00002,-6000.00,Terminate for convenience agreement - qualcomm 5g learning - four subscriptions,both,api,
CONT_AWD_80NSSC24PC475_8000_-NONE-_-NONE-,80NSSC24PC475,CONT_AWD_80NSSC24PC475_8000_-NONE-_-NONE-,contract,Zuken USA Inc,2025-04-08,F,P00002,-44325.00,Termination for convenience agreement - zuken ds.e3 license data and configuration management pop: 10/1/24 - 9/30/25,both,api,
CONT_AWD_80NSSC25PA014_8000_-NONE-_-NONE-,80NSSC25PA014,CONT_AWD_80NSSC25PA014_8000_-NONE-_-NONE-,contract,Space Exploration Technologies Corp,2025-04-08,F,P00001,0.00,"Termination for convenience agreement - aspire public-private talent program, SpaceX immersion",both,api,
CONT_AWD_80NSSC25PA068_8000_-NONE-_-NONE-,80NSSC25PA068,CONT_AWD_80NSSC25PA068_8000_-NONE-_-NONE-,contract,University Corporation for Atmospheric Research,2025-04-08,F,P00003,0.00,Termination for convenience agreement - ot dynamical neutral atmosphere-ionosphere coupling-x (DYNAMIC-X),both,api,
CONT_AWD_80NSSC25PA845_8000_-NONE-_-NONE-,80NSSC25PA845,CONT_AWD_80NSSC25PA845_8000_-NONE-_-NONE-,contract,Sinequa Corp,2025-04-08,X,P00001,-220565.99,Termination for convenience agreement - sinequa customer success engineers,description,api,
CONT_AWD_80SSC021F0001_8000_80SSC021A0001_8000,80SSC021F0001,CONT_AWD_80SSC021F0001_8000_80SSC021A0001_8000,contract,Trilogy Medical Resources LLC,2025-04-08,M,P00004,0.00,Stop work notice issued with notification of intent to terminate for convenience - provide covid-19 rapid testing for stennis space center.,description,api,
CONT_IDV_80HQTR20D0005_8000,80HQTR20D0005,CONT_IDV_80HQTR20D0005_8000,contract,SETI Institute,2025-04-08,M,P00005,0.00,Stop work notice issued with notification of intent to terminate for convenience - ppss idiq provides multidiscipline technical support services throughout the product lifecycle of space flight hardware.,description,api,
CONT_IDV_80KSC020D0016_8000,80KSC020D0016,CONT_IDV_80KSC020D0016_8000,contract,"Aecom Technical Services, Inc.",2025-04-08,F,P00007,0.00,"Termination for convenience (COMPLETE) - professional civil design services at Kennedy Space Center (KSC), and various NASA locations, assets, launch or landing sites worldwide.",both,api,
CONT_IDV_80KSC020D0018_8000,80KSC020D0018,CONT_IDV_80KSC020D0018_8000,contract,"Jones, Edmunds & Associates, Inc.",2025-04-08,F,P00009,0.00,"Termination for convenience (COMPLETE) - professional civil design services at Kennedy Space Center (KSC), and various NASA locations, assets, launch or landing sites worldwide.",both,api,
CONT_AWD_80NM0018F0669_8000_80NM0018D0004_8000,80NM0018F0669,CONT_AWD_80NM0018F0669_8000_80NM0018D0004_8000,contract,California Institute of Technology,2025-04-07,M,P00007,0.00,Stop work order issued with notification of intent to terminate for convenience - geostationary carbon cycle observatory (GEOCARB) pre-phase a and phase a (87-700073) for smd directorate,description,api,
CONT_IDV_80HQTR22AA003_8000,80HQTR22AA003,CONT_IDV_80HQTR22AA003_8000,contract,Rma Associates LLC,2025-04-03,N,P00005,0.00,Legal contract cancellation - NASA'S annual fisma evaluation support for oig directorate,both,api,
CONT_AWD_80NSSC24PA210_8000_-NONE-_-NONE-,80NSSC24PA210,CONT_AWD_80NSSC24PA210_8000_-NONE-_-NONE-,contract,Unibap Space Solutions Ab (PUBL),2025-03-28,F,P00002,-70000.00,Stop work notice issued with notification of intent to terminate for convenience - unibap - ose-sat in-space autonomy testbed,both,api,
CONT_AWD_80NSSC25FA145_8000_GS07F216BA_4732,80NSSC25FA145,CONT_AWD_80NSSC25FA145_8000_GS07F216BA_4732,contract,"B/W Color Prints, LLC",2025-03-25,M,P00001,0.00,Stop work notice issued - service for installation of the science on the sphere system,description,api,
CONT_AWD_80NSSC22PB703_8000_-NONE-_-NONE-,80NSSC22PB703,CONT_AWD_80NSSC22PB703_8000_-NONE-_-NONE-,contract,Ho-Chunk Shared Services Company,2025-03-24,F,P00003,0.00,Stop work notice issued with notification of intent to termiate for conveince - Gsfc Strategic Assessment Support (GSAS),both,api,
ASST_NON_80NSSC22K1658_080,80NSSC22K1658,ASST_NON_80NSSC22K1658_080,grant,Cleveland State University,2025-03-21,B,P00003,0.00,Termination for convenience agreement- 22-csdsa22_2-0014 commercial satellite data analysis characterizing canopy chlorophyll and photosynthetic productivity for agricultural crops and forest monitoring support for smd/esd directorate,description,api,
ASST_NON_80NSSC22K1673_080,80NSSC22K1673,ASST_NON_80NSSC22K1673_080,grant,Massachusetts Institute of Technology,2025-03-21,B,P00003,0.00,Termination for convenience agreement - Earth science applications: equity and environmental justice support for science mission directorate (SMD/ESD),description,api,
ASST_NON_80NSSC22K1675_080,80NSSC22K1675,ASST_NON_80NSSC22K1675_080,grant,University of Texas at Austin,2025-03-21,B,P00003,0.00,Termination for convenience agreement - Earth science applications: equity and environmental justice support for smd/esd mission directorate,description,api,
ASST_NON_80NSSC24K0114_080,80NSSC24K0114,ASST_NON_80NSSC24K0114_080,grant,Ohio Aerospace Institute,2025-03-21,B,P00002,0.00,Termination for convenience agreement - Here to Observe (H2O) - ohio and puerto rico space grant consortiums support for science mission directorate (SMD/ESD),description,api,
ASST_NON_80NSSC24K0177_080,80NSSC24K0177,ASST_NON_80NSSC24K0177_080,grant,The Johns Hopkins University,2025-03-21,B,P00003,0.00,Termination for convenience agreement - interdisciplinary research in Earth sciences support for science mission directorate (SMD/ESD),description,api,
ASST_NON_80NSSC24K0944_080,80NSSC24K0944,ASST_NON_80NSSC24K0944_080,grant,"National Society of Black Physicists, Inc.",2025-03-21,B,P00001,0.00,Termination for convenience agreement - topical workshops symposiums and conferences science mission directorate (smd/planetary),description,api,
ASST_NON_80NSSC24K1232_080,80NSSC24K1232,ASST_NON_80NSSC24K1232_080,grant,Trustees of Tufts College,2025-03-21,B,P00001,0.00,Termination for convenience agreement - 23-pimove23-0018 environmental justice & public health: climate land & (HEALTH) outcome of dengue fever (CLOUD),description,api,
ASST_NON_80NSSC24K1264_080,80NSSC24K1264,ASST_NON_80NSSC24K1264_080,grant,University of Alaska Fairbanks,2025-03-21,B,P00002,0.00,Termination for convenience agreement - bringing edia to the planetary sciences community: a two-day ag-style meeting of the cross-ag edia working group,description,api,
ASST_NON_80NSSC24K1612_080,80NSSC24K1612,ASST_NON_80NSSC24K1612_080,grant,University of Texas at Austin,2025-03-21,B,P00001,0.00,Termination for convenience agreement - 23-earth23-0422 climate harmony: studying and informing urban climate efforts in central texas through the development of a regional climate atlas,description,api,
ASST_NON_80NSSC24K1845_080,80NSSC24K1845,ASST_NON_80NSSC24K1845_080,grant,"National Society of Black Physicists, Inc.",2025-03-21,B,P00003,0.00,Termination for convenience agreement - nsbp/nshp: joint annual conferences 2024-26,description,api,
ASST_NON_80NSSC25K7045_080,80NSSC25K7045,ASST_NON_80NSSC25K7045_080,grant,Kutztown University of Pennsylvania,2025-03-21,B,P00002,0.00,"Termination for convenience agreement - the kutztown university'S h2o+h2s ""here to observe + here to storytell"" program will use mission science and scientific storytelling as a student experiential learning tool to scaffold workforce skills. Each year the 10-12 student observer cohort will be composed of STEM and stem-interested freshmen sophomores and incoming transfer students from introductory courses. The program will focus on those students not typically served by outreach and engagement programs. Kutztown university has an established 'learning community' approach where a group of students is paired with faculty mentors and meet once a week as a part of their schedule. h2o+h2s will use this program so students are supported with a 1-credit course (1 hour per week) preserving dedicated time for the student observer to fulfill the program without disruption to their academic classes or overburdening schedules. The course will integrate the here to explore program activities with a student-created scientific narrative project based on sharing the mission science. The students observers will develop a short audio/video storytelling project about the NASA mission. Research shows that integrating storytelling or narrative techniques provides powerful access for students of diverse backgrounds to connect with science. Two students from previous cohorts will serve as peer mentors. Scaffolding experiences will include the nasa-led h2o activities fieldtrips professional meeting attendance and mentorship through-out the year. The h2o + h2s program focuses on creating products that articulate workforce skills on student resumes. This directly supports enhanced student success when applying for future internships graduate school and industry jobs.",description,api,
CONT_AWD_80ARC023CA004_8000_-NONE-_-NONE-,80ARC023CA004,CONT_AWD_80ARC023CA004_8000_-NONE-_-NONE-,contract,The Trustees of Columbia University in the City of New York,2025-03-21,F,P00004,0.00,Termination for convenience - contract to extend longevity of 3d tissues and microphysiological systems for modeling of acute and chronic exposures to stressors in support of hq/smd.,both,api,
CONT_AWD_80GSFC23CA041_8000_-NONE-_-NONE-,80GSFC23CA041,CONT_AWD_80GSFC23CA041_8000_-NONE-_-NONE-,contract,Autonomic Integra LLC,2025-03-21,M,P00018,0.00,Removal of clauses/drds iaw eo 14148 - stop work notice issued with notification of intent to de-scope- the Climate Change Research Initiative (CCRI) under the Goddard Institute for Space Studies (GISS) contract for the Earth sciences directorate.,description,api,
CONT_AWD_80HQTR24F0064_8000_80MSFC21D0009_8000,80HQTR24F0064,CONT_AWD_80HQTR24F0064_8000_80MSFC21D0009_8000,contract,"Barrios Technology, LLC",2025-03-21,M,P00003,0.00,Stop work notice issued with notification of intent to terminate for convenience - msd risk management,description,api,
CONT_AWD_80HQTR24F0073_8000_80MSFC21D0009_8000,80HQTR24F0073,CONT_AWD_80HQTR24F0073_8000_80MSFC21D0009_8000,contract,"Barrios Technology, LLC",2025-03-21,M,P00001,0.00,Stop work notice issued with notification of intent to terminate for convenience - esdmd integration and administrative support.,description,api,
CONT_AWD_80KSC024F0043_8000_80KSC021A0007_8000,80KSC024F0043,CONT_AWD_80KSC024F0043_8000_80KSC021A0007_8000,contract,"The Performance Knowledge Group, LLC",2025-03-21,M,P00003,0.00,Stop work notice issued with notification of intent to terminate for convenience - Strategic Management Support Services (SMSS) task order for Launch Services Program (LSP).,description,api,
CONT_AWD_80KSC024F0044_8000_80KSC021A0007_8000,80KSC024F0044,CONT_AWD_80KSC024F0044_8000_80KSC021A0007_8000,contract,"The Performance Knowledge Group, LLC",2025-03-21,M,P00001,0.00,Stop work notice issued with notification of intent to terminate for convenience _strategic management support services (SMSS) task order for launch services program (EGS),description,api,
CONT_AWD_80KSC024F0045_8000_80KSC021A0007_8000,80KSC024F0045,CONT_AWD_80KSC024F0045_8000_80KSC021A0007_8000,contract,"The Performance Knowledge Group, LLC",2025-03-21,M,P00001,0.00,"Stop work notice issued with notification of intent to terminate for convenience - Strategic Management Support Services (SMSS) task order for Center Engineering, Safety and Operations (CESO)",description,api,
CONT_AWD_80LARC19F0086_8000_NNL15AA02B_8000,80LARC19F0086,CONT_AWD_80LARC19F0086_8000_NNL15AA02B_8000,contract,Cornell Technical Services LLC,2025-03-21,C,P00003,-786.08,"Management, cost and schedule evaluation support for the Radiation Budget Instrument (RBI) termination settlement cost proposal.",description,api,
CONT_IDV_80KSC021A0007_8000,80KSC021A0007,CONT_IDV_80KSC021A0007_8000,contract,"The Performance Knowledge Group, LLC",2025-03-21,F,P00006,0.00,Terminate for convenience agreement - strategic management support services for multiple customers.,both,api,
CONT_AWD_80HQTR24FA038_8000_80HQTR24AA006_8000,80HQTR24FA038,CONT_AWD_80HQTR24FA038_8000_80HQTR24AA006_8000,contract,"Crown Innovations, Inc.",2025-03-20,M,P00002,0.00,"Stop work notice issued with notification of intent to terminate for convience - data visualization of performance ratings aeronautics research mission directorate, office of the associate administrator",description,api,
CONT_AWD_80NSSC24PA753_8000_-NONE-_-NONE-,80NSSC24PA753,CONT_AWD_80NSSC24PA753_8000_-NONE-_-NONE-,contract,Keysight Technologies Inc,2025-03-19,F,P00001,0.00,Termination for convenience agreement ---- license maintenance for genesys,both,api,
CONT_IDV_80NSSC23AA019_8000,80NSSC23AA019,CONT_IDV_80NSSC23AA019_8000,contract,Jones and Company Professional Corporation,2025-03-18,F,P00001,0.00,Termination for convenience agreement - audit services,both,api,
CONT_AWD_80HQTR21F0124_8000_GS10F0100T_4730,80HQTR21F0124,CONT_AWD_80HQTR21F0124_8000_GS10F0100T_4730,contract,"Overlook Systems Technologies, Inc.",2025-03-17,M,P00022,0.00,Stop work notice issued with notification of intent to terminate for convenience - Policy And Strategic Communications (PSC) support for NASA Space Communications And Navigation (SCAN) program.,description,api,
CONT_AWD_80NSSC24PA710_8000_-NONE-_-NONE-,80NSSC24PA710,CONT_AWD_80NSSC24PA710_8000_-NONE-_-NONE-,contract,"Emp Consultants, LLC",2025-03-17,F,P00001,0.00,Termination for convenience agreement - novice license renewal,both,api,
CONT_AWD_80NSSC24PA923_8000_-NONE-_-NONE-,80NSSC24PA923,CONT_AWD_80NSSC24PA923_8000_-NONE-_-NONE-,contract,Keysight Technologies Inc,2025-03-17,F,P00001,0.00,Termination for convenience agreement - renew software license for ads,both,api,
CONT_AWD_80HQTR25FA007_8000_80HQTR24AA005_8000,80HQTR25FA007,CONT_AWD_80HQTR25FA007_8000_80HQTR24AA005_8000,contract,Science Applications International Corporation,2025-03-14,M,P00003,0.00,"Stop work notice issued with notification of intent to terminate for convience - review, validate, and advise on draft plan, messaging and branding of the plan, plan implementation analysis and recommendations, rollout & metrics",description,api,
CONT_AWD_80HQTR24F0046_8000_80MSFC21D0009_8000,80HQTR24F0046,CONT_AWD_80HQTR24F0046_8000_80MSFC21D0009_8000,contract,"Barrios Technology, LLC",2025-03-13,M,P00002,0.00,"Stop work notice issued with notification of intent to terminate for convenience - strategic planning, analysis, and programmatic support for.planetary sciences division.hq science mission directorate",description,api,
CONT_AWD_80HQTR24F0070_8000_80MSFC21D0009_8000,80HQTR24F0070,CONT_AWD_80HQTR24F0070_8000_80MSFC21D0009_8000,contract,"Barrios Technology, LLC",2025-03-13,M,P00001,0.00,"Stop work notice issued with notification of intent to terminate for convenience- odeo mission support enterprise offices. Supporting the civil rights complaint process, adjudication procedures, compliance activities, a civil rights compliance.",description,api,
CONT_AWD_80HQTR24F0071_8000_80MSFC21D0009_8000,80HQTR24F0071,CONT_AWD_80HQTR24F0071_8000_80MSFC21D0009_8000,contract,"Barrios Technology, LLC",2025-03-13,M,P00001,0.00,Stop work notice issued with notification of intent to terminate for convenience-odeo mission support enterprise offices. ..leveraging the expertise of an ..administrative operations specialist.,description,api,
CONT_AWD_80HQTR24F0072_8000_80MSFC21D0009_8000,80HQTR24F0072,CONT_AWD_80HQTR24F0072_8000_80MSFC21D0009_8000,contract,"Barrios Technology, LLC",2025-03-13,M,P00001,0.00,"Stop work notice issued with notification of intent to terminate for convenience-provides data and evidence-driven advice to NASA leadership to assure an integrated enterprise approach to technology, policy, and strategy.",description,api,
CONT_AWD_80HQTR24F0074_8000_80MSFC21D0009_8000,80HQTR24F0074,CONT_AWD_80HQTR24F0074_8000_80MSFC21D0009_8000,contract,"Barrios Technology, LLC",2025-03-13,M,P00001,0.00,Stop work notice issued with notification of intent to terminate for convenience- odeo mission support enterprise offices. Will be responsible for overseeing and managing the successful execution of the following special projects:,description,api,
CONT_IDV_80NSSC24AA011_8000,80NSSC24AA011,CONT_IDV_80NSSC24AA011_8000,contract,Deloitte Consulting LLP,2025-03-13,F,P00004,0.00,Termination for convenience agreement - change management support service bpas for NASA administrative suite.,both,api,
CONT_IDV_80NSSC24AA012_8000,80NSSC24AA012,CONT_IDV_80NSSC24AA012_8000,contract,Guidehouse Inc.,2025-03-13,F,P00004,0.00,Termination for convenience agreement - change management support service bpas for NASA administrative suite.,both,api,
CONT_IDV_80NSSC24AA013_8000,80NSSC24AA013,CONT_IDV_80NSSC24AA013_8000,contract,"McKinsey & Company, Inc. Washington D.C.",2025-03-13,F,P00004,0.00,Termination for convenience agreement - change management support service bpa'S for NASA administrative suite.,both,api,
CONT_IDV_80NSSC24AA015_8000,80NSSC24AA015,CONT_IDV_80NSSC24AA015_8000,contract,Booz Allen Hamilton Inc,2025-03-13,F,P00004,0.00,Termination for convenience agreement - change management support service bpss for NASA administrative suite.,both,api,
CONT_AWD_80NSSC24PC394_8000_-NONE-_-NONE-,80NSSC24PC394,CONT_AWD_80NSSC24PC394_8000_-NONE-_-NONE-,contract,Partnership for Public Service Inc,2025-03-11,F,P00001,0.00,Termination for convenience agreement - partnership for public service. Membership in the federal human capital collaborative,both,api,
CONT_IDV_80HQTR21AA001_8000,80HQTR21AA001,CONT_IDV_80HQTR21AA001_8000,contract,Airbus Ds Geo Inc.,2025-03-11,F,P00004,0.00,Cancellation - no longer required Commercial Smallsat Data Acquisition Program (CSDAP)the contractor shall be responsible for delivery of a comprehensive catalogue of the Synthetic Aperture Radar (SAR) Earth observation Data products.,action_code,api,
CONT_IDV_80HQTR21AA002_8000,80HQTR21AA002,CONT_IDV_80HQTR21AA002_8000,contract,"Blacksky Geospatial Solutions, LLC",2025-03-11,N,P00005,0.00,Legal contract cancellation - no longer required Commercial Smallsat Data Acquisition Program (CSDAP) Earth sciences division,both,api,
CONT_IDV_80HQTR22AA009_8000,80HQTR22AA009,CONT_IDV_80HQTR22AA009_8000,contract,Ghgsat Incorporated,2025-03-11,F,P00003,0.00,Cancellation - no longer required Commercial Smallsat Data Acquisition (CSDA) program - Earth sciences division,action_code,api,
CONT_IDV_80HQTR23AA001_8000,80HQTR23AA001,CONT_IDV_80HQTR23AA001_8000,contract,"Geooptics, Inc.",2025-03-11,N,P00006,0.00,Legal contract cancellation - no longer required Commercial Smallsat Data Acquisition (CSDA) program - Earth sciences division,both,api,
CONT_IDV_80HQTR23AA002_8000,80HQTR23AA002,CONT_IDV_80HQTR23AA002_8000,contract,Capella Space Corp,2025-03-11,N,P00005,0.00,Legal contract cancellation - no longer required Commercial Smallest Data Acquisition (CSDA) program - Earth sciences division,both,api,
CONT_IDV_80HQTR23AA003_8000,80HQTR23AA003,CONT_IDV_80HQTR23AA003_8000,contract,"Iceye Us, Inc",2025-03-11,N,P00003,0.00,Legal contract cancellation - no longer required Commercial Smallsat Data Acquisition (CSDA) program - Earth sciences division,both,api,
CONT_AWD_80NSSC25FA034_8000_47QRAA19D006N_4732,80NSSC25FA034,CONT_AWD_80NSSC25FA034_8000_47QRAA19D006N_4732,contract,"Techpride, Inc.",2025-03-10,F,P00002,-174236.00,"Termination for convenience agreement - consulting services to facilitate program alignment to long-term strategic vision, organizational development, and skill building",both,api,
CONT_AWD_80NSSC23PB368_8000_-NONE-_-NONE-,80NSSC23PB368,CONT_AWD_80NSSC23PB368_8000_-NONE-_-NONE-,contract,Pacific Research & Evaluation LLC,2025-03-06,F,P00001,0.00,Termination for convenience agreement -- audience evaluation of engagement content and materials,both,api,
CONT_AWD_80NSSC24PC049_8000_-NONE-_-NONE-,80NSSC24PC049,CONT_AWD_80NSSC24PC049_8000_-NONE-_-NONE-,contract,Society of Women Engineers,2025-03-06,F,P00002,0.00,Termination for convenience agreement - Society of Women Engineers (SWE) corporate partnership council and participation in associated recruiting events,both,api,
CONT_AWD_80HQTR23FA044_8000_80GSFC23DA004_8000,80HQTR23FA044,CONT_AWD_80HQTR23FA044_8000_80GSFC23DA004_8000,contract,"Chenega Global Protection, LLC",2025-02-27,F,P00005,-136103.40,Termination for convenience agreement- Earth Information Center (EIC) support for NASA office of protective services,both,api,
CONT_AWD_80TECH25PA010_8000_-NONE-_-NONE-,80TECH25PA010,CONT_AWD_80TECH25PA010_8000_-NONE-_-NONE-,contract,Bruker Scientific LLC,2025-02-26,F,P00001,-368683.92,Vertex 80v spectrometer,action_code,api,
CONT_AWD_80NSSC23FA279_8000_GS10F0331M_4730,80NSSC23FA279,CONT_AWD_80NSSC23FA279_8000_GS10F0331M_4730,contract,Creative Solutions International Coporation,2025-02-20,F,P00003,-6154.45,Termination for convenience agreement - creative solutions consulting services (deborah klotz) in support of the ocio transformation project.,both,api,
CONT_AWD_80NSSC24PC331_8000_-NONE-_-NONE-,80NSSC24PC331,CONT_AWD_80NSSC24PC331_8000_-NONE-_-NONE-,contract,"Eli Group, LLC",2025-02-19,F,P00001,0.00,Termination for convenience agreement - executive leadership impact,both,api,
CONT_AWD_80NSSC24PA609_8000_-NONE-_-NONE-,80NSSC24PA609,CONT_AWD_80NSSC24PA609_8000_-NONE-_-NONE-,contract,"Politico, LLC",2025-02-18,F,P00001,0.00,Termination for convenience agreement - politico pro agreement for ocfo,both,api,
CONT_AWD_80NSSC24PA723_8000_-NONE-_-NONE-,80NSSC24PA723,CONT_AWD_80NSSC24PA723_8000_-NONE-_-NONE-,contract,"Politico, LLC",2025-02-18,F,P00001,0.00,Termination for convenience agreement - renewal for politico pro service for olia,both,api,
CONT_AWD_80MSFC20C0050_8000_-NONE-_-NONE-,80MSFC20C0050,CONT_AWD_80MSFC20C0050_8000_-NONE-_-NONE-,contract,Spatial Informatics Group LLC,2025-02-07,M,P00011,0.00,Stop work notice issued with notification of intent to de-scope - servir global network capability program,description,api,
CONT_AWD_80NSSC24PA590_8000_-NONE-_-NONE-,80NSSC24PA590,CONT_AWD_80NSSC24PA590_8000_-NONE-_-NONE-,contract,"Eli Group, LLC",2025-01-31,F,P00001,0.00,Stop work notice issued with notification of intent to terminate for convenience - 2024 leadership lab for women,both,api,
CONT_AWD_80JSC024FA135_8000_80JSC023AA001_8000,80JSC024FA135,CONT_AWD_80JSC024FA135_8000_80JSC023AA001_8000,contract,Booz Allen Hamilton Inc,2025-01-27,F,P00002,0.00,Stop work notice issued with notification of intent to terminate for convenience terminated iaw eo 14151-strategic professional engineering assessment contract ii (SPEAC II),both,api,
CONT_AWD_80JSC024FA083_8000_80JSC023AA001_8000,80JSC024FA083,CONT_AWD_80JSC024FA083_8000_80JSC023AA001_8000,contract,Booz Allen Hamilton Inc,2025-01-24,F,P00002,-1384035.00,Termination for convenience agreement - speacii - task order 84 - NASA odeo deia data analytics and assessment,both,api,
CONT_AWD_80MSFC24CA008_8000_-NONE-_-NONE-,80MSFC24CA008,CONT_AWD_80MSFC24CA008_8000_-NONE-_-NONE-,contract,"University of California, Los Angeles",2025-01-23,M,P00003,0.00,"Stop work notice issued with notification of intent to descope - the goal of neo surveyor is to find, track, and characterize the asteroids and comets that could potentially threaten the Earth.",description,api,
CONT_AWD_80MSFC24F0067_8000_80MSFC20D0004_8000,80MSFC24F0067,CONT_AWD_80MSFC24F0067_8000_80MSFC20D0004_8000,contract,The Johns Hopkins University Applied Physics Laboratory LLC,2025-01-23,M,P00002,0.00,Stop work notice issued with notification of intent to terminate for convenience - Here to Observe (H2O) support for Planetary Science Division (PSD) missions,description,api,
CONT_AWD_NNM16AA08C_8000_-NONE-_-NONE-,NNM16AA08C,CONT_AWD_NNM16AA08C_8000_-NONE-_-NONE-,contract,Southwest Research Institute,2025-01-23,M,44,0.00,"Stop work notice issued with notification of intent to descope - lucy is a planned NASA space probe that will tour five Jupiter trojans, asteroids which share Jupiter'S orbit around the sun, orbiting either ahead of or behind the planet and one main belt asteroid. All target encounters will be fly-by encounters.",description,api,
