award_key,award_id,generated_award_id,award_type,award_type_code,recipient_name,action_date,action_type,modification_number,transaction_amount,transaction_description,award_description,recipient_address1,recipient_address2,recipient_city,recipient_state,recipient_zip,recipient_district,pop_city,pop_state,pop_zip,pop_district,total_obligated,total_potential_value,detected_by,sources,override_status
CONT_AWD_NNG09FA40C_8000_-NONE-_-NONE-,NNG09FA40C,CONT_AWD_NNG09FA40C_8000_-NONE-_-NONE-,contract,D,LOCKHEED MARTIN CORPORATION,2026-08-03,F,117,0.00,"THE PURPOSE OF THIS MODIFICATION IS TO FINALIZE THE PARTIAL TERMINATION SETTLEMENT AND REDUCE THE CONTRACT VALUE ACCORDINGLY. THE INTERFACE REGION IMAGING SPECTROGRAPH (IRIS) IS A NASA SMALL EXPLORER MISSION THAT OBSERVES THE SUN'S CHROMOSPHERE AND TRANSITION REGION, ALSO KNOWN AS THE INTERFACE REGION. IRIS IS DESIGNED TO STUDY HOW ENERGY AND PLASMA MOVE WITHIN THIS REGION, WHICH HELPS US UNDERSTAND HOW THE SUN'S CORONA IS HEATED AND HOW SOLAR ACTIVITY IMPACTS EARTH'S SPACE ENVIRONMENT. THIS MISSION FILLS A CRUCIAL GAP IN OUR ABILITY TO ADVANCE SUN-EARTH CONNECTION STUDIES BY TRACING THE FLOW OF ENERGY AND PLASMA INTO THE CORONA AND HELIOSPHERE FOR WHICH NO SUITABLE OBSERVATIONS EXIST.","INTERFACE REGION IMAGING SPECTROGRAPH (IRIS). THE CONTRACTOR SHALL REFINE AND EVOLVE THE CONTRACTOR'S COST ESTIMATE FOR PHASES B-F FOR THE INTERFACE REGION IMAGING SPECTROGRAPH (IRIS) MISSION SUBMITTED IN RESPONSE TO NASA ANNOUNCEMENT OF OPPORTUNITY #NNH07ZDA003O FOR THE EXPLORERS PROJECTS DIVISION. THE PRIMARY TASKS IN PHASE B WILL INCLUDE THE GENERATION AND PRESENTATION OF THE SYSTEMS REQUIREMENTS REVIEW (SRR) AND THE PRELIMINARY DESIGN REVIEW (PDR). IN ORDER TO SUPPORT THESE REVIEWS, THE CONCEPT DEFINITION EFFORTS SHALL ENCOMPASS THE WORK REQUIRED TO UPDATE AND REFINE THE PROPOSAL'S SCIENCE INVESTIGATION OBJECTIVES AND PLANS (IF NECESSARY), INSTRUMENT AND SPACECRAFT CONCEPTS AND PERFORMANCE CHARACTERISTICS, AND SCIENCE OPERATIONS AND FLIGHT OPERATIONS PLANS AND CONCEPTS. THESE EFFORTS SHALL IDENTIFY THE CONDITIONS AND CONSTRAINTS NECESSARY FOR THE DEVELOPMENT OF AN INTEGRATED IRIS MISSION APPROACH. THE CONTRACTOR'S MISSION INTEGRATION EFFORTS SHALL INCLUDE CONSIDERATIONS FOR THE ACCOMMODATION OF THE IRIS OBSERVATORY ONTO THE LAUNCH VEHICLE. THE CONTRACTOR'S PHASE B PRELIMINARY DESIGN EFFORTS SHALL DEVELOP THE CSR AND SITE VISIT CONCEPTS INTO A PRELIMINARY DESIGN AND DEFINITION OF THE IRIS MISSION, INCLUDING ITS MISSION OPERATIONS CENTER (MOC) AND SCIENCE OPERATIONS CENTER (SOC). THE PRELIMINARY DESIGN REVIEW (PDR) SHALL BE HELD IN ACCORDANCE WITH NPR 7120.5D, NPR 7123.1A, AND GSFC STD 1001B. THE CONTRACTOR'S EFFORTS IN PHASE B SHALL FORM THE BASIS FOR FINAL ATION OF THE REMAINDER OF THE IRIS DEVELOPMENT AND OPERATIONAL PHASES (C, D, E AND F). DETAILED COST AND SCHEDULE ESTIMATES SHALL BE PREPARED AND SUBMITTED DURING PHASE B, WHICH DEFINES THE CONTRACTOR'S UPDATED BUDGET FOR PHASE B AND THE PLANNED BUDGETS FOR PHASE C, D, E AND F WORK. PERIODIC TECHNICAL AND PROGRAMMATIC INTERCHANGE MEETINGS AT BOTH THE CONTRACTOR'S FACILITY AND AT GSFC SHALL BE REQUIRED TO COORDINATE EFFORTS BETWEEN THE CONTRACTOR AND THE EXPLORERS PROJECTS OFFICE. THESE MAY BE CONDUCTED AS FACE-TO-FACE MEETINGS OR TELECONFERENCES, AS REQUIRED.",3251 HANOVER ST BLDG 201,,PALO ALTO,CA,94304,16,PALO ALTO,CA,94304,16,194065277.28,198769611.00,both,mirror,
CONT_AWD_80GSFC23CA001_8000_-NONE-_-NONE-,80GSFC23CA001,CONT_AWD_80GSFC23CA001_8000_-NONE-_-NONE-,contract,D,THE TRUSTEES OF COLUMBIA UNIVERSITY IN THE CITY OF NEW YORK,2026-07-30,F,P00013,9658.99,TERMINATE FOR CONVENIENCE AGREEMENT - SOCIOECONOMIC DATA AND APPLICATIONS CENTER (SEDAC) SMD DIRECTORATE,SEDAC FACILITATES THE ANALYSIS AND PORTRAYAL OF THE HUMAN DIMENSIONS OF GLOBAL CHANGE NEEDED FOR EARTH SCIENCE RESEARCH.,"202 LOW LIBRARY 535 W 116 ST MC 4309,",,NEW YORK,NY,10027,13,NEW YORK,NY,10027,13,8821159.89,8821159.89,both,mirror,
CONT_AWD_80GSFC23CA032_8000_-NONE-_-NONE-,80GSFC23CA032,CONT_AWD_80GSFC23CA032_8000_-NONE-_-NONE-,contract,D,UNIVERSITY OF MARYLAND BALTIMORE COUNTY,2026-07-30,F,P00012,-9633.44,GEOSPACE DYNAMICS CONSTELLATION (GDC) MODULAR SPECTROMETER FOR ATMOSPHERE AND IONOSPHERE CHARACTERIZATION (MOSAIC) INSTRUMENT INVESTIGATION,GEOSPACE DYNAMICS CONSTELLATION (GDC) MODULAR SPECTROMETER FOR ATMOSPHERE AND IONOSPHERE CHARACTERIZATION (MOSAIC) INSTRUMENT INVESTIGATION. ORIGINAL AO NNH17ZDA004O-GDC,1000 HILLTOP CIR,,BALTIMORE,MD,21250,07,BALTIMORE,MD,21250,07,885525.56,885525.56,action_code,mirror,
CONT_AWD_80NSSC26P0502_8000_-NONE-_-NONE-,80NSSC26P0502,CONT_AWD_80NSSC26P0502_8000_-NONE-_-NONE-,contract,B,DEVGLOBAL PARTNERS LLC,2026-07-08,F,P00001,-98168.00,FACILITATION AND LOGISTICAL COORDINATION OF THE 2026 SMD DATA REPOSITORIES WORKSHOP,FACILITATION AND LOGISTICAL COORDINATION OF THE 2026 SMD DATA REPOSITORIES WORKSHOP,123 2ND AVE S,# 18STE 230,EDMONDS,WA,98020,02,EDMONDS,WA,98020,02,0.00,0.00,action_code,mirror,
CONT_AWD_80NM0019F0075_8000_80NM0018D0004_8000,80NM0019F0075,CONT_AWD_80NM0019F0075_8000_80NM0018D0004_8000,contract,C,CALIFORNIA INSTITUTE OF TECHNOLOGY,2026-06-17,M,P00009,0.00,TERMINATION FOR CONVENIENCE AGREEMENT - MARS TO MOON ENGINEERING SUPPORT FOR XYZ DIRECTORATE,MONITORING PARTICULATE AIR POLLUTION AND HUMAN HEALTH IN ETHIOPIA AND SOUTH AFRICA WITH LINKAGES TO NASA'S MAIA MISSION (82-710940),4800 OAK GROVE DR,,PASADENA,CA,91109,28,PASADENA,CA,91109,28,1140711.53,1140711.53,description,mirror,
CONT_AWD_80GRC025CA013_8000_-NONE-_-NONE-,80GRC025CA013,CONT_AWD_80GRC025CA013_8000_-NONE-_-NONE-,contract,D,APACHE INNOVATIONS JV,2026-06-15,F,P00002,0.00,"REMOVAL OF DRD IAW EO #14222 - GLENN LOGISTICS AND METROLOGY (GLAM) - THE PURPOSE OF THIS CONTRACT IS TO PROVIDE LOGISTICS SERVICES, STOCK PURCHASES, AND METROLOGY/CALIBRATION SERVICES TO NASA GRC. SUPPORT TO ALL DIRECTORATES AT NASA GRC.","THE PURPOSE OF THIS CONTRACT IS TO PROVIDE LOGISTICS SERVICES, STOCK PURCHASES, AND METROLOGY/CALIBRATION SERVICES TO NASA GRC.",320 GOLD AVE SW STE 1200,,ALBUQUERQUE,NM,87102,01,CLEVELAND,OH,44135,11,0.00,72349033.00,action_code,mirror,
CONT_AWD_80NSSC26P0347_8000_-NONE-_-NONE-,80NSSC26P0347,CONT_AWD_80NSSC26P0347_8000_-NONE-_-NONE-,contract,B,MINCO PRODUCTS INC,2026-05-28,F,P00001,-13199.00,PURCHASE OF CUSTOMIZED HEATERS,PURCHASE OF CUSTOMIZED HEATERS,7300 COMMERCE LN NE,,MINNEAPOLIS,MN,55432,05,MINNEAPOLIS,MN,55432,05,0.00,13199.00,action_code,mirror,
CONT_AWD_80NSSC25PB270_8000_-NONE-_-NONE-,80NSSC25PB270,CONT_AWD_80NSSC25PB270_8000_-NONE-_-NONE-,contract,B,LINDE ADVANCED MATERIAL TECHNOLOGIES INC.,2026-05-22,F,P00001,-18775.00,"ALLOY Z, CHEM/SIZING POWDER","ALLOY Z, CHEM/SIZING POWDER",1500 POLCO ST,,INDIANAPOLIS,IN,46222,07,INDIANAPOLIS,IN,46222,07,0.00,0.00,action_code,mirror,
CONT_IDV_80NSSC24AA010_8000,80NSSC24AA010,CONT_IDV_80NSSC24AA010_8000,idv,IDV_E,"BRYCE SPACE AND TECHNOLOGY, LLC",2026-05-21,F,P00004,0.00,TERMINATION FOR CONVENIENCE AGREEMENT - CHANGE MANAGEMENT SUPPORT SERVICE BPSS FOR NASA ADMINISTRATIVE SUITE.,THIS BLANKET PURCHASE AGREEMENT (BPA) IS FOR NASA CHANGE MANAGEMENT SUPPORT SERVICES.,1737 KING ST STE 601,,ALEXANDRIA,VA,22314,08,,,,,0.00,15000000.00,both,mirror,
ASST_NON_80NSSC24K0113_080,80NSSC24K0113,ASST_NON_80NSSC24K0113_080,grant,04,UNIVERSITY OF ARKANSAS SYSTEM,2026-05-12,D,P00004,-149998.00,TERMINATION FOR CONVENIENCE AGREEMENT - HERE TO OBSERVE UAB SUPPORT FOR SMD/ESD,HERE TO OBSERVE FROM UAPB,1200 UNIVERSITY DR STOP 4984,,PINE BLUFF,AR,71601,04,PINE BLUFF,AR,71601,04,0.00,,description,mirror,
CONT_AWD_80KSC019C0013_8000_-NONE-_-NONE-,80KSC019C0013,CONT_AWD_80KSC019C0013_8000_-NONE-_-NONE-,contract,D,"BECHTEL NATIONAL, INC.",2026-05-06,F,P00180,0.00,DESIGN AND CONSTRUCTION OF NASA SPACE LAUNCH SYSTEM (SLS) MOBILE LAUNCHER 2 (ML2).,DESIGN AND CONSTRUCTION OF THE NASA SPACE LAUNCH SYSTEM (SLS) MOBILE LAUNCHER 2 (ML2).,12021 SUNSET HILLS RD,,RESTON,VA,20190,11,RESTON,VA,20190,11,1550689354.01,1583975214.00,action_code,mirror,
CONT_AWD_80NSSC26P0289_8000_-NONE-_-NONE-,80NSSC26P0289,CONT_AWD_80NSSC26P0289_8000_-NONE-_-NONE-,contract,B,AANTILIA LLC,2026-05-04,F,P00001,-26425.00,INSTRUMENT & LAB EQPT - 16 INCH DIAMETER FLAT MIRROR,INSTRUMENT & LAB EQPT - 16 INCH DIAMETER FLAT MIRROR,11801 DOMAIN BLVD STE 300,,AUSTIN,TX,78758,37,HUNTSVILLE,AL,35812,05,0.00,0.00,action_code,mirror,
CONT_AWD_80NM0018F0566_8000_80NM0018D0004_8000,80NM0018F0566,CONT_AWD_80NM0018F0566_8000_80NM0018D0004_8000,contract,C,CALIFORNIA INSTITUTE OF TECHNOLOGY,2026-05-01,M,P00029,0.00,STOP WORK NOTICE ISSUED WITH NOTIFICATION OF INTENT TO TERMINATE FOR CONVENIENCE - OFFICE OF CHIEF TECHNOLOGIST (OCT) STRATEGIC INTEGRATION FOR SMD DIRECTORATE,OFFICE OF CHIEF TECHNOLOGIST (OCT) STRATEGIC INTEGRATION 15-17437,4800 OAK GROVE DR,,PASADENA,CA,91109,28,PASADENA,CA,91109,28,3743031.81,3743031.81,description,mirror,
ASST_NON_80NSSC25K7036_080,80NSSC25K7036,ASST_NON_80NSSC25K7036_080,grant,04,UNIVERSITY OF RICHMOND,2026-04-30,D,P00003,-248049.00,TERMINATION FOR CONVENIENCE AGREEMENT - BUILDING CAPACITY FOR RESILIENCY EDUCATION AND ENVIRONMENTAL JUSTICE ACROSS THE CHANGING INDIGENOUS LANDSCAPES OF VIRGINIA - SUPPORT FOR SMD DIRECTORATE,EXECUTE A BALANCED SCIENCE PROGRAM BASED ON DISCIPLINE-SPECIFIC GUIDANCE FROM THE NATIONAL ACADEMIES OF SCIENCES ENGINEERING AND MEDICINE ADMINISTRATION PRIORITIES AND DIRECTION FROM CONGRESS. PARTICIPATE AS A KEY PARTNER AND ENABLER IN THE AGENCY S EXPLORATION INITIATIVE FOCUSING ON SCIENTIFIC RESEARCH OF ON AND FROM THE MOON LUNAR ORBIT MARS AND BEYOND. ADVANCE DISCOVERY IN EMERGING FIELDS BY IDENTIFYING AND EXPLOITING CROSS-DISCIPLINARY OPPORTUNITIES BETWEEN TRADITIONAL SCIENCE DISCIPLINES DEVELOP A DIRECTORATE-WIDE TARGET-USER FOCUSED APPROACH TO APPLIED PROGRAMS INCLUDING EARTH SCIENCE APPLICATIONS SPACE WEATHER PLANETARY DEFENSE AND SPACE SITUATIONAL AWARENESS.,110 UR DR # 200,,RICHMOND,VA,23173,07,RICHMOND,VA,23173,04,0.00,,description,mirror,
CONT_AWD_80NSSC26P0407_8000_-NONE-_-NONE-,80NSSC26P0407,CONT_AWD_80NSSC26P0407_8000_-NONE-_-NONE-,contract,B,PRIME PROPERTY SCANS LLC,2026-04-21,F,P00001,-26000.00,SPIRAL TECHNOLOGY SOFTWARE SUPPORT RENEWAL,SPIRAL TECHNOLOGY SOFTWARE SUPPORT RENEWAL,8862 BLACKBURN ST,,FORTVILLE,IN,46040,06,FORTVILLE,IN,46040,06,0.00,26000.00,action_code,mirror,
CONT_AWD_80HQTR23F0042_8000_80HQTR21D0004_8000,80HQTR23F0042,CONT_AWD_80HQTR23F0042_8000_80HQTR21D0004_8000,contract,C,"ICF INCORPORATED, L.L.C.",2026-04-14,F,P00001,0.00,THIS TASK ORDER #4 IS HEREBY ISSUED TO PROVIDE SUPPORT FOR U.S. PARTICIPATION IN AN ALL-HANDS MEETING FOR THE 5TH NATIONAL CLIMATE ASSESSMENT IN ACCORDANCE THE ATTACHED STATEMENT OF WORK,ALL HANDS PARTICIPATION 5TH NATIONAL CLIMATE ASSESSMENT,9300 LEE HWY,,FAIRFAX,VA,22031,11,FAIRFAX,VA,22031,11,335875.00,335875.00,action_code,mirror,
CONT_AWD_80HQTR24F0012_8000_80HQTR21D0004_8000,80HQTR24F0012,CONT_AWD_80HQTR24F0012_8000_80HQTR21D0004_8000,contract,C,"ICF INCORPORATED, L.L.C.",2026-04-14,F,P00004,0.00,SUPPORT FOR THE TECHNICAL SUPPORT UNIT FOR THE SEVENTH ASSESSMENT OF THE INTERGOVERNMENTAL PANEL ON CLIMATE CHANGE: WORKING GROUP III,SUPPORT FOR THE TECHNICAL SUPPORT UNIT FOR THE SEVENTH ASSESSMENT OF THE INTERGOVERNMENTAL PANEL ON CLIMATE CHANGE: WORKING GROUP III,9300 LEE HWY,,FAIRFAX,VA,22031,11,FAIRFAX,VA,22031,11,1929221.26,3368642.15,action_code,mirror,
CONT_AWD_80HQTR24F0037_8000_80HQTR21D0004_8000,80HQTR24F0037,CONT_AWD_80HQTR24F0037_8000_80HQTR21D0004_8000,contract,C,"ICF INCORPORATED, L.L.C.",2026-04-14,F,P00003,0.00,TO PROVIDE A SCOPE FOR SPECIALIZED SUPPORT SERVICES FOR TWO CLIMATE SERVICES PERSONNEL TO THE U.S. GLOBAL CHANGE RESEARCH PROGRAM (USGCRP) NATIONAL COORDINATION OFFICE (NCO) FOR CLIMATE SERVICES.,TO PROVIDE A SCOPE FOR SPECIALIZED SUPPORT SERVICES FOR TWO CLIMATE SERVICES PERSONNEL TO THE U.S. GLOBAL CHANGE RESEARCH PROGRAM (USGCRP) NATIONAL COORDINATION OFFICE (NCO) FOR CLIMATE SERVICES.,9300 LEE HWY,,FAIRFAX,VA,22031,11,FAIRFAX,VA,22031,11,651786.00,751787.00,action_code,mirror,
CONT_AWD_80HQTR25F7019_8000_80HQTR21D0004_8000,80HQTR25F7019,CONT_AWD_80HQTR25F7019_8000_80HQTR21D0004_8000,contract,C,"ICF INCORPORATED, L.L.C.",2026-04-14,F,P00002,0.00,"ASSIST WITH PLANNING ACTIVITIES INVOLVING A LARGE INTERNATIONAL AUTHOR TEAM COORDINATE IN-PERSON AND REMOTE MEETINGS, TRACK THE STATUS OF AUTHORS' WORK","ASSIST WITH PLANNING ACTIVITIES INVOLVING A LARGE INTERNATIONAL AUTHOR TEAM COORDINATE IN-PERSON AND REMOTE MEETINGS, TRACK THE STATUS OF AUTHORS' WORK",9300 LEE HWY,,FAIRFAX,VA,22031,11,WASHINGTON,DC,20006,98,224255.00,224255.00,action_code,mirror,
CONT_AWD_80NM0024F0047_8000_80NM0018D0004_8000,80NM0024F0047,CONT_AWD_80NM0024F0047_8000_80NM0018D0004_8000,contract,C,CALIFORNIA INSTITUTE OF TECHNOLOGY,2026-04-13,M,P00004,0.00,TERMINATION FOR CONVENIENCE AGREEMENT - ADVANCING VIETNAM'S MARINE SPATIAL PLANNING FOR OFFSHORE WIND ENERGY DEVELOPMENT (82-222737),ADVANCING VIETNAM'S MARINE SPATIAL PLANNING FOR OFFSHORE WIND ENERGY DEVELOPMENT (82-222737),4800 OAK GROVE DR,,PASADENA,CA,91109,28,PASADENA,CA,91109,28,127003.61,127003.61,description,mirror,
CONT_AWD_80MSFC21CA001_8000_-NONE-_-NONE-,80MSFC21CA001,CONT_AWD_80MSFC21CA001_8000_-NONE-_-NONE-,contract,D,LOCKHEED MARTIN CORP,2026-04-03,F,P00019,0.00,"TIPPING POINT CRYOGENIC DEMONSTRATION MISSION (CDM) ESTABLISH THE FINAL SETTLEMENT BETWEEN THE GOVERNMENT AND CONTRACTOR RESULTING FROM THE TERMINATION FOR CONVENIENCE OF CONTRACT NO. 80MSFC21CA001 ISSUED ON AUGUST 8, 2024.",TIPPING POINT CRYOGENIC DEMONSTRATION MISSION (CDM) DELIVER GROUND AND MISSION DATA TO CHARACTERIZE FULL-SCALE CRYOGENIC INTEGRATED SYSTEM PERFORMANCE.,12257 S WADSWORTH BLVD,,LITTLETON,CO,80125,07,LITTLETON,CO,80125,07,69721101.00,69721101.00,both,mirror,
CONT_AWD_80HQTR22F0076_8000_80HQTR21D0004_8000,80HQTR22F0076,CONT_AWD_80HQTR22F0076_8000_80HQTR21D0004_8000,contract,C,"ICF INCORPORATED, L.L.C.",2026-03-18,F,P00010,0.00,SUPPORT FOR U.S.PARTICIPATION IN THEINTERGOVERNMENTALPANEL ON CLIMATECHANGE AND RELATEDINTERNATIONALASSESSMENTS,SUPPORT FOR U.S. PARTICIPATION IN THE INTERGOVERNMENTAL PANEL ON CLIMATE CHANGE AND RELATED INTERNATIONAL ASSESSMENTS,9300 LEE HWY,,FAIRFAX,VA,22031,11,FAIRFAX,VA,22031,11,979989.29,979989.29,action_code,mirror,
CONT_AWD_80HQTR22F0109_8000_80HQTR21D0004_8000,80HQTR22F0109,CONT_AWD_80HQTR22F0109_8000_80HQTR21D0004_8000,contract,C,"ICF INCORPORATED, L.L.C.",2026-03-18,F,P00005,0.00,SPECIALIZED SUPPORT SERVICES FOR A CARBON CYCLE INTERAGENCY WORKING GROUP (CCIWG) COORDINATOR TO THE U.S. GLOBAL CHANGE RESEARCH PROGRAM (USGCRP) NATIONAL COORDINATION OFFICE (NCO).,THE PURPOSE TASK IS TO PROVIDE A SCOPE FOR SPECIALIZED SUPPORT SERVICES FOR A CARBON CYCLE INTERAGENCY WORKING GROUP (CCIWG) COORDINATOR TO THE U.S. GLOBAL CHANGE RESEARCH PROGRAM (USGCRP) NATIONAL COORDINATION OFFICE (NCO).,9300 LEE HWY,,FAIRFAX,VA,22031,11,FAIRFAX,VA,22031,11,879147.00,879147.00,action_code,mirror,
CONT_AWD_80LARC24F0039_8000_80GSFC19D0011_8000,80LARC24F0039,CONT_AWD_80LARC24F0039_8000_80GSFC19D0011_8000,contract,C,THE AEROSPACE CORPORATION,2026-03-17,M,P00002,0.00,TERMINATION FOR CONVENIENCE AGREEMENT - NASA ENGINEERING AND SAFETY CENTER'S (NESC) TEAM TO GUISE FUTURE HUMAN-RATED SPACECRAFT PROVIDERS ON DESIGNING AND VERIFYING A SPACECRAFT FIRE SYSTEM.,"NASA ENGINEERING AND SAFETY CENTER'S (NESC) TEAM TO GUIDE FUTURE HUMAN-RATED SPACECRAFT FIRE SAFETY SYSTEM IN ACCORDANCE WITH THE STATEMENT OF WORK TITLED ""TI-21-01651 SPACECRAFT FIRE SAFETY STANDARD.""",2310 EAST EL SEGUNDO BLVD,,EL SEGUNDO,CA,90245,36,EL SEGUNDO,CA,90245,36,0.00,0.00,description,mirror,
CONT_AWD_80LARC25F7003_8000_80GSFC19D0011_8000,80LARC25F7003,CONT_AWD_80LARC25F7003_8000_80GSFC19D0011_8000,contract,C,THE AEROSPACE CORPORATION,2026-03-17,M,P00002,0.00,TERMINATION FOR CONVENIENCE AGREEMENT- NASA ENGINEERING AND SAFETY CENTER'S (NESC) ENVIRONMENTAL CONTROL AND LIFE SUPPORT (ECLSS) TECHNICAL DISCIPLINE TEAM (TDT).,"NASA ENGINEERING AND SAFETY CENTER'S (NESC) ENVIRONMENTAL CONTROL AND LIFE SUPPORT (ECLSS) TECHNICAL DISCIPLINE TEAM (TDT), PROVIDES TECHNICAL EXPERTISE FOR RESOLUTION OF ISSUES RELATED TO VEHICLE AND SPACESUIT ENVIRONMENTAL CONTROL.",2310 EAST EL SEGUNDO BLVD,,EL SEGUNDO,CA,90245,36,EL SEGUNDO,CA,90245,36,0.00,0.00,description,mirror,
CONT_IDV_80HQTR21D0004_8000,80HQTR21D0004,CONT_IDV_80HQTR21D0004_8000,idv,IDV_B_B,"ICF INCORPORATED, L.L.C.",2026-03-03,F,P00031,0.00,SUPPORT FOR THE UNITED STATES .GLOBAL CHANGE RESEARCH PROGRAM (USGCRP).NATIONAL COORDINATION OFFICE (NCO). T4C AGREEMENT FINALIZATION FOR EARTH SCIENCES GROUP.,"USGCRP CONTRACT IS TO ACQUIRE TECHNICAL AND ADMINISTRATIVE SUPPORT FOR THE USGCRP NATIONAL COORDINATION OFFICE (NCO)TO ASSIST THE NATION AND THE WORLD TO UNDERSTAND, ASSESS, PREDICT, AND RESPOND TO HUMAN-INDUCED AND NATURAL PROCESSES OF GLOBAL CHANGE",9300 LEE HWY,,FAIRFAX,VA,22031,11,,,,,21778716.00,33870622.00,both,mirror,
CONT_AWD_80NSSC25PB602_8000_-NONE-_-NONE-,80NSSC25PB602,CONT_AWD_80NSSC25PB602_8000_-NONE-_-NONE-,contract,B,FED CREW INC,2026-02-23,F,P00002,-48900.00,SPHERICAL HEA ALLOY POWDER,SPHERICAL HEA ALLOY POWDER,32 JACOB WAY,,COLLEGEVILLE,PA,19426,04,COLLEGEVILLE,PA,19426,04,0.00,0.00,action_code,mirror,
CONT_AWD_80NSSC25PA844_8000_-NONE-_-NONE-,80NSSC25PA844,CONT_AWD_80NSSC25PA844_8000_-NONE-_-NONE-,contract,B,VOLAIRE ENERGY LLC,2026-02-20,F,P00001,0.00,GEER MASS FLOW METER,GEER MASS FLOW METER,850 N. LAKE SHORE DRIVE,1000,CHICAGO,IL,60611,05,CHICAGO,IL,60611,05,12000.00,12000.00,action_code,mirror,
CONT_AWD_80NSSC26P0009_8000_-NONE-_-NONE-,80NSSC26P0009,CONT_AWD_80NSSC26P0009_8000_-NONE-_-NONE-,contract,B,SILVERBACK ASSOCIATES LLC,2026-02-18,F,P00001,-14184.00,BARD AC UNIT,BARD AC UNIT,27903 MIDDLEWATER VIEW LN,,KATY,TX,77494,22,KATY,TX,77494,22,0.00,14184.00,action_code,mirror,
CONT_AWD_80GSFC22CA012_8000_-NONE-_-NONE-,80GSFC22CA012,CONT_AWD_80GSFC22CA012_8000_-NONE-_-NONE-,contract,D,THE REGENTS OF THE UNIVERSITY OF COLORADO,2026-02-12,F,P00009,0.00,INTERDISCIPLINARY SCIENTIST SUPPORT FOR THE GEOSPACE DYNAMICS CONSTELLATION (GDC) PROGRAM.,INTERDISCIPLINARY SCIENTIST SUPPORT FOR THE GEOSPACE DYNAMICS CONSTELLATION (GDC) PROGRAM. THIS ACTION IS A RESULT OF THE UNIVERSITY'S SELECTION UNDER A NASA RESEARCH ANNOUNCEMENT (NRA NNH21ZDA001N GDCIDS).,3100 MARINE ST,STE 481 572 UCB,BOULDER,CO,80309,02,BOULDER,CO,80309,02,1724514.55,1724514.55,action_code,mirror,
CONT_AWD_80NSSC23FB052_8000_80NSSC23DA002_8000,80NSSC23FB052,CONT_AWD_80NSSC23FB052_8000_80NSSC23DA002_8000,contract,C,"BRYCE SOLUTIONS, LLC",2026-02-10,F,P00017,0.00,"P00017 - TERMINATION - NASA ENTERPRISE-WIDE HUMAN CAPITAL SUPPORT SERVICES (NEHCSS) BRYCE SOLUTIONS, LLC CONTRACT #80NSSC23DA002 -TASK ORDER 80NSSC23FB052 LEADERSHIP AND EXECUTIVE LEVEL ONE-ON-ONE COACHING SERVICES","NASA ENTERPRISE-WIDE HUMAN CAPITAL SUPPORT SERVICES (NEHCSS) - BRYCE SOLUTIONS, LLC T.O 80NSSC23FB052 - LEADERSHIP AND EXECUTIVE LEVEL ONE-ON-ONE COACHING SERVICES",1199 N FAIRFAX ST STE 800,STE 601,ALEXANDRIA,VA,22314,08,ALEXANDRIA,VA,22314,08,2527240.48,7540439.97,action_code,mirror,
CONT_AWD_80GSFC22CA013_8000_-NONE-_-NONE-,80GSFC22CA013,CONT_AWD_80GSFC22CA013_8000_-NONE-_-NONE-,contract,D,THE AEROSPACE CORPORATION,2026-02-09,F,P00006,0.00,INTERDISCIPLINARY SCIENTIST SUPPORT FOR THE GEOSPACE DYNAMICS CONSTELLATION (GDC) PROGRAM.,"GEOSPACE DYNAMICS CONSTELLATION (GDC) INTERDISCIPLINARY SCIENTIST SUPPORT (GDC IDS) NASA RESEARCH ANNOUNCEMENT (NRA) SOLICITATION NNH21ZDA001N-GDCIDS, B.15, GEOSPACE DYNAMICS CONSTELLATION INTERDISCIPLINARY SCIENTISTS (GDC IDS).",2310 E EL SEGUNDO BLVD,,EL SEGUNDO,CA,90245,36,EL SEGUNDO,CA,90245,36,1986108.00,1986108.00,action_code,mirror,
CONT_AWD_80GSFC22CA011_8000_-NONE-_-NONE-,80GSFC22CA011,CONT_AWD_80GSFC22CA011_8000_-NONE-_-NONE-,contract,D,UNIVERSITY OF TEXAS AT ARLINGTON,2026-01-30,F,P00009,0.00,INTERDISCIPLINARY SCIENTIST SUPPORT FOR THE GEOSPACE DYNAMICS CONSTELLATION (GDC) PROGRAM.,INTERDISCIPLINARY SCIENTIST SUPPORT FOR THE GEOSPACE DYNAMICS CONSTELLATION (GDC) PROGRAM. THIS ACTION IS A RESULT OF THE UNIVERSITY'S SELECTION UNDER A NASA RESEARCH ANNOUNCEMENT (NRA NNH21ZDA001N GDCIDS).,701 S. NEDDERMAN DR,,ARLINGTON,TX,76019,25,ARLINGTON,TX,76019,25,1533152.00,1533152.00,action_code,mirror,
CONT_AWD_80MSFC21C0010_8000_-NONE-_-NONE-,80MSFC21C0010,CONT_AWD_80MSFC21C0010_8000_-NONE-_-NONE-,contract,D,NORTHROP GRUMMAN SYSTEMS CORPORATION,2025-09-30,F,P00042,0.00,MARS ASCENT PROPULSION SYSTEM (MAPS),MARS ASCENT PROPULSION SYSTEM (MAPS),55 THIOKOL RD,,ELKTON,MD,21921,01,ELKTON,MD,21921,01,80635452.00,91946261.00,action_code,mirror,
CONT_AWD_80MSFC22CA005_8000_-NONE-_-NONE-,80MSFC22CA005,CONT_AWD_80MSFC22CA005_8000_-NONE-_-NONE-,contract,D,LOCKHEED MARTIN CORP,2025-09-30,F,P00032,0.00,MARS ASCENT VEHICLE INTEGRATED SYSTEM (MAVIS),RESEARCH AND DEVELOPMENT SERVICES RELATED TO THE PRODUCTION OF THE MARS ASCENT VEHICLE INTEGRATED SYSTEMCHAN,12257 S WADSWORTH BLVD,,LITTLETON,CO,80125,07,LITTLETON,CO,80125,07,103080002.51,274362203.00,action_code,mirror,
CONT_AWD_80GSFC23CA030_8000_-NONE-_-NONE-,80GSFC23CA030,CONT_AWD_80GSFC23CA030_8000_-NONE-_-NONE-,contract,D,HONEYBEE ROBOTICS LLC,2025-09-29,F,P00010,343290.45,"TERMINATE FOR CONVENIENCE AGREEMENT - MARS SAMPLE RETURN (MSR) CAPTURE, CONTAINMENT AND RETURN SYSTEMS (CCRS) EARTH ENTRY SYSTEM (EES) SPIN EJECT MECHANISM (SEM) FOR SMD DIRECTORATE.","MARS SAMPLE RETURN (MSR) CAPTURE, CONTAINMENT AND RETURN SYSTEMS (CCRS) EARTH ENTRY SYSTEM (EES) SPIN EJECT MECHANISM (SEM) TO SUPPORT THE ENTRY VEHICLE DURING ALL THE MISSION PHASES",1830 LEFTHAND CIR,STE C,LONGMONT,CO,80501,02,LONGMONT,CO,80501,02,7129014.07,7129014.07,both,mirror,
ASST_NON_80NSSC24K0115_080,80NSSC24K0115,ASST_NON_80NSSC24K0115_080,grant,04,VIRGINIA STATE UNIVERSITY,2025-09-25,D,P00003,-149900.00,TERMINATION FOR CONVENIENCE AGREEMENT - HERE TO OBSERVE SUPPORT FOR SCIENCE MISSION DIRECTORATE (SMD/ESD),23H2O230009 VIRGINIA STATE UNIVERSITY NASA H2O PROGRAM,1 HAYDEN DR,,PETERSBURG,VA,23803,04,PETERSBURG,VA,23803,04,0.00,,description,mirror,
ASST_NON_80NSSC24K1193_080,80NSSC24K1193,ASST_NON_80NSSC24K1193_080,grant,04,CORNELL UNIVERSITY,2025-09-25,D,P00002,-164732.25,TERMINATION FOR CONVENIENCE AGREEMENT - TOPICAL WORKSHOPS SYMPOSIUMS AND CONFERENCES SCIENCE MISSION DIRECTORATE (SMD/PLANETARY),AN INNOVATIVE WORKSHOP ON EDIA FOR LEADERS IN PLANETARY SCIENCE,341 PINE TREE RD,,ITHACA,NY,14850,19,ITHACA,NY,14850,19,95267.75,,description,mirror,
ASST_NON_80NSSC25K7032_080,80NSSC25K7032,ASST_NON_80NSSC25K7032_080,grant,04,EMORY UNIVERSITY,2025-09-25,D,P00003,-209014.09,TERMINATION FOR CONVENIENCE AGREEMENT - ADVANCING ENVIRONMENTAL JUSTICE IN ATLANTA THROUGH GIS-ENABLED COMMUNITY ENGAGEMENT - SUPPORT FOR SMD DIRECTORATE,ADVANCING ENVIRONMENTAL JUSTICE IN ATLANTA THROUGH GIS-ENABLED COMMUNITY ENGAGEMENT,201 DOWMAN DR NE,,ATLANTA,GA,30322,05,ATLANTA,GA,30322,05,72879.91,,description,mirror,
CONT_AWD_80GSFC25P0001_8000_-NONE-_-NONE-,80GSFC25P0001,CONT_AWD_80GSFC25P0001_8000_-NONE-_-NONE-,contract,B,ARES TECHNICAL SERVICES CORPORATION,2025-09-24,F,P00001,-144118.00,"SMAS III PHASE-IN - SUPPORTS DEVELOPMENT OF SAFETY AND MISSION ASSURANCE REQUIREMENTS AND THE INDEPENDENT SURVEILLANCE, AUDIT, REVIEW AND ASSESSMENT OF DESIGN, DEVELOPMENT, TEST, AND MISSION OPERATIONS ACTIVITIES.","SMAS III PHASE-IN - SUPPORTS DEVELOPMENT OF SAFETY AND MISSION ASSURANCE REQUIREMENTS AND THE INDEPENDENT SURVEILLANCE, AUDIT, REVIEW AND ASSESSMENT OF DESIGN, DEVELOPMENT, TEST, AND MISSION OPERATIONS ACTIVITIES.",8444 WESTPARK DRIVE,STE 800,MCLEAN,VA,22102,11,GREENBELT,MD,20771,04,0.00,144118.00,action_code,mirror,
CONT_AWD_80NSSC24FA979_8000_80NSSC24AA010_8000,80NSSC24FA979,CONT_AWD_80NSSC24FA979_8000_80NSSC24AA010_8000,contract,A,"BRYCE SPACE AND TECHNOLOGY, LLC",2025-09-12,M,P00004,-124874.86,"TERMINATION FOR CONVENIENCE AGREEMENT - CHANGE MANAGEMENT SUPPORT SERVICE BPA CALL FOR OFFICE OF TECHNOLOGY, POLICY, AND STRATEGY INDEPENDENT DIAGNOSTIC AND STRATEGIC ADVISORY SUPPORT (OTPS-IDSAS).","TO PROVIDE NASA LEADERSHIP WITH INDEPENDENT DIAGNSOTICS AND STRATEGIC ADVISORY WORK ON MATTERS INVOLVING, TECHNOLOGY POLICY AND ECONOMICS THROUGH INDEPENDENT RESEARCH AND ANALYSIS THAT ANSWERS SPECIFIC QUESTIONS ON TOPICS OF INTEREST.",1737 KING ST STE 601,,ALEXANDRIA,VA,22314,08,ALEXANDRIA,VA,22314,08,645125.14,645125.14,description,mirror,
CONT_AWD_80GSFC23CA005_8000_-NONE-_-NONE-,80GSFC23CA005,CONT_AWD_80GSFC23CA005_8000_-NONE-_-NONE-,contract,D,SOUTHWEST RESEARCH INSTITUTE,2025-09-11,F,P00006,40788.00,COMPLETE TERMINATION FOR CONVENIENCE OF NASA GEOSPACE DYNAMICS CONSTELLATION (GDC) COMPREHENSIVE AURORAL PRECIPITATION EXPERIMENT (CAPE),GEOSPACE DYNAMICS CONSTELLATION (GDC) COMPREHENSIVE AURORAL PRECIPITATION EXPERIMENT (CAPE) PHASE A AND B BRIDGE,6220 CULEBRA RD,,SAN ANTONIO,TX,78238,20,SAN ANTONIO,TX,78238,20,2759020.00,2759020.00,both,mirror,
ASST_NON_80NSSC22K1681_080,80NSSC22K1681,ASST_NON_80NSSC22K1681_080,grant,04,THE UNIVERSITY OF TEXAS RIO GRANDE VALLEY,2025-09-10,D,P00005,-29778.36,TERMINATION FOR CONVENIENCE AGREEMENT - EARTH SCIENCE APPLICATIONS: EQUITY AND ENVIRONMENTAL JUSTICE SUPPORT FOR SMD/ESD,21-EEJ21-0061 INTEGRATION OF SATELLITE DATA ON AIR POLLUTION WITH SOCIOECONOMIC INDICATORS TO ASSESS THE IMPACTS OF AGRICULTURAL BURNING ON LOCAL COMMUNITIES IN THE LOWER RIO GRANDE VALLEY OF SOUTH TEXAS.,1201 WEST UNIVERSITY DR,,EDINBURG,TX,78539,15,EDINBURG,TX,78539,15,220220.64,,description,mirror,
CONT_AWD_80LARC25F7014_8000_80LARC20D0007_8000,80LARC25F7014,CONT_AWD_80LARC25F7014_8000_80LARC20D0007_8000,contract,C,CORNELL TECHNICAL SERVICES LLC,2025-08-29,B,P00001,0.00,"SURFACE MANAGEMENT, COST, AND SCHEDULE EVALUATION SUPPORT FOR THE RADIATION BUDGET INSTRUMENT (RBI) TERMINATION SETTLEMENT COST PROPOSAL","MANAGEMENT, COST, AND SCHEDULE EVALUATION SUPPORT FOR THE RADIATION BUDGET INSTRUMENT (RBI) TERMINATION SETTLEMENT COST PROPOSAL",9700 PATUXENT WOODS DR,,COLUMBIA,MD,21046,03,COLUMBIA,MD,21046,03,47913.00,47913.00,description,mirror,
ASST_NON_80NSSC21M0003_080,80NSSC21M0003,ASST_NON_80NSSC21M0003_080,grant,05,UNIVERSITIES SPACE RESEARCH ASSOCIATION,2025-08-27,D,P00011,-553617.77,TERMINATION FOR CONVENIENCE AGREEMENT - SCIENCE ACTIVATION PROGRAM INTEGRATION/ SCIENCE ENGAGEMENT & PARTNERSHIPS DIVISION FOR SUPPORT FOR SCIENCE MISSION DIRECTORATE (SMD),PLANETARY EXPLORATION IS AMONG THE MOST EXCITING AND ACCESSIBLE OF THE SCIENCE ACTIVITIES FUNDED BY NASA OR ANY GOVERNMENT AGENCY. THE LUNAR AND PLANETARY INSTITUTE AND PARTNERS PROPOSE PLANETARY RESOURCES AND CONTENT HEROES (REACH) A PROCESS OR,7178 COLUMBIA GATEWAY DR,,COLUMBIA,MD,21046,03,COLUMBIA,MD,21046,03,2767668.23,,description,mirror,
ASST_NON_80NSSC22K0223_080,80NSSC22K0223,ASST_NON_80NSSC22K0223_080,grant,04,AMERICAN GEOPHYSICAL UNION,2025-08-27,D,P00006,-82614.13,TERMINATION FOR CONVENIENCE AGREEMENT - AGU AAS ASGSR TO NASA: SUPPORTING EARLY CAREER RESEARCHERS POST PANDEMIC - SUPPORT FOR SMD DIRECTORATE,AGU AAS ASGSR TO NASA: SUPPORTING EARLY CAREER RESEARCHERS POST PANDEMIC,2000 FLORIDA AVE NW STE 400,,WASHINGTON,DC,20009,98,WASHINGTON,DC,20009,98,1414711.87,,description,mirror,
CONT_AWD_80GSFC21C0057_8000_-NONE-_-NONE-,80GSFC21C0057,CONT_AWD_80GSFC21C0057_8000_-NONE-_-NONE-,contract,D,SCHLUMBERGER TECHNOLOGY CORPORATION,2025-08-18,F,P00013,20402.80,"TERMINATION FOR CONVENIENCE AGREEMENT - PULSED NEUTRON GENERATORS FOR THE NASA DRAGONFLY AND DRAGONFLY TITAN LANDER AND THE DEVELOPMENT AND ADVANCEMENT OF LUNAR INSTRUMENTATION (DALI), BULK ELEMENTAL COMPOSITION ANALYZER (BECA) INSTRUMENT.","PULSED NEUTRON GENERATORS FOR THE NASA DRAGONFLY AND DRAGONFLY TITAN LANDER AND THE DEVELOPMENT AND ADVANCEMENT OF LUNAR INSTRUMENTATION (DALI), BULK ELEMENTAL COMPOSITION ANALYZER (BECA) INSTRUMENT.",225 SCHLUMBERGER DR,,SUGAR LAND,TX,77478,07,SUGAR LAND,TX,77478,22,2855464.73,2855464.73,both,mirror,
ASST_NON_80NSSC24K0520_080,80NSSC24K0520,ASST_NON_80NSSC24K0520_080,grant,04,NATURAL AREAS CONSERVANCY INC,2025-08-15,D,P00002,-170395.18,TERMINATION FOR CONVENIENCE AGREEMENT - INTERDISCIPLINARY RESEARCH IN EARTH SCIENCES FOR SUPPORT FOR SCIENCE MISSION DIRECTORATE (SMD/ESD),ASSESSING ACCESS TO NATURE AND THEIR BENEFITS IN EJ COMMUNITIES ACROSS US CITIES,1234 5TH AVE,,NEW YORK,NY,10029,13,NEW YORK,NY,10029,13,315207.82,,description,mirror,
ASST_NON_80NSSC25K7034_080,80NSSC25K7034,ASST_NON_80NSSC25K7034_080,grant,04,UNIVERSITY OF OKLAHOMA,2025-08-15,D,P00002,-242615.17,TERMINATION FOR CONVENIENCE AGREEMENT - 23-EEJ23-0046 BUILDING CO-DESIGN AND CO-LEARNING DIGITAL TWINS AGAINST FLOODS ON TRIBAL LANDS IN SUPPORT OF INDIGENOUS COMMUNITIES,23-EEJ23-0046 BUILDING CO-DESIGN AND CO-LEARNING DIGITAL TWINS AGAINST FLOODS ON TRIBAL LANDS IN SUPPORT OF INDIGENOUS COMMUNITIES.,660 PARRINGTON OVAL RM 301,,NORMAN,OK,73019,04,NORMAN,OK,73019,04,34613.83,,description,mirror,
ASST_NON_80NSSC24K0892_080,80NSSC24K0892,ASST_NON_80NSSC24K0892_080,grant,04,GEORGE MASON UNIVERSITY,2025-08-14,D,P00002,-529129.00,TERMINATION FOR CONVENIENCE AGREEMENT - INTERDISCIPLINARY RESEARCH IN EARTH SCIENCES SUPPORT FOR SCIENCE MISSION DIRECTORATE (SMD/ESD),22-IDS22-0059 DISPARITIES IN HEALTH AND SAFETY EFFECTS OF DUST STORMS IN THE UNITED STATES,4400 UNIVERSITY DR,,FAIRFAX,VA,22030,11,FAIRFAX,VA,22030,11,0.00,,description,mirror,
ASST_NON_80NSSC24K0176_080,80NSSC24K0176,ASST_NON_80NSSC24K0176_080,grant,04,VIRGINIA POLYTECHNIC INSTITUTE & STATE UNIVERSITY,2025-08-12,D,P00004,-373255.31,TERMINATION FOR CONVENIENCE AGREEMENT - INTERDISCIPLINARY RESEARCH IN EARTH SCIENCE SUPPORT FOR SCIENCE MISSION DIRECTORATE (SMD/ESD),DEMOCRATIZING DATA TO SUPPORT ADAPTATION DECISION MAKING IN THE NORTH-ATLANTIC COASTAL PLAIN: LAND SUBSIDENCE COMPOUND FLOODING HAZARD AND WATER QUALITY,300 TURNER ST NW,STE 4200,BLACKSBURG,VA,24060,09,BLACKSBURG,VA,24060,09,390648.69,,description,mirror,
ASST_NON_80NSSC24K0178_080,80NSSC24K0178,ASST_NON_80NSSC24K0178_080,grant,04,BROWN UNIVERSITY,2025-08-12,D,P00003,-400605.72,TERMINATION FOR CONVENIENCE AGREEMENT - INTERDISCIPLINARY RESEARCH IN EARTH SCIENCES FOR SCIENCE MISSION DIRECTORATE (SMD/ESD),NASA EARTH OBSERVATIONS FOR RESILIENT SALTON SEA COMMUNITIES,1 PROSPECT ST,,PROVIDENCE,RI,02912,01,PROVIDENCE,RI,02912,01,352074.28,,description,mirror,
ASST_NON_80NSSC24M0193_080,80NSSC24M0193,ASST_NON_80NSSC24M0193_080,grant,05,PRESIDENT AND FELLOWS OF HARVARD COLLEGE,2025-08-12,D,P00004,-177915.07,TERMINATION FOR CONVENIENCE AGREEMENT - NASA OPEN INNOVATION RESEARCH -SUPPORT FOR STMD DIRECTORATE,NASA OPEN INNOVATION RESEARCH,1033 MASSACHUSETTS AVE STE 3,,CAMBRIDGE,MA,02138,05,CAMBRIDGE,MA,02138,05,19299.47,,description,mirror,
ASST_NON_80NSSC19K1666_080,80NSSC19K1666,ASST_NON_80NSSC19K1666_080,grant,04,"IMEC USA NANOELECTRONICS DESIGN CENTER, INC",2025-08-05,D,P00003,-4219.53,TERMINATION FOR CONVENIENCE AGREEMENT - RODENT HINDLIMB SUSPENSION RODENT CSF AND DIRECT ICP & BIOMARKERS - SUPPORT FOR SOMD DIRECTORATE,THIS STATEMENT OF WORK ENCOMPASSES THREE PROJECTS WITH SIGNIFICANT CONTRIBUTIONS FROM DR. SUSANA ZANELLO AT IMEC USA FLORIDA. THREE PROJECTS WERE AWARDED IN RESPONSE TO THREE SEPARATE NASA RESEARCH ANNOUNCEMENT SOLICITATIONS EACH LISTED BELOW. THIS NASA GRANT WILL COVER THREE PROJECTS ALREADY UNDERWAY FOR WHICH DR. ZANELLO IS THE PRINCIPAL INVESTIGATOR EACH LISTED AND DESCRIBED INDIVIDUALLY HEREIN. PROJECT 1 TITLE: EVALUATION OF HINDLIMB SUSPENSION AS A MODEL TO STUDY OPHTHALMIC COMPLICATIONS IN MICROGRAVITY: OCULAR STRUCTURE AND FUNCTION AND ASSOCIATION WITH INTRACRANIAL PRESSURE SOLICITATION: NNJ11ZSA002NA: RESEARCH AND TECHNOLOGY DEVELOPMENT TO SUPPORT CREW HEALTH AND PERFORMANCE IN SPACE EXPLORATION MISSIONS PROJECT 2 TITLE: A GENE EXPRESSION AND HISTOLOGIC APPROACH TO THE STUDY OF CEREBROSPINAL FLUID PRODUCTION AND OUTFLOW IN HINDLIMB SUSPENDED RATS SOLICITATION: NNJ13ZSA002N-FLAGSHIP: NASA RESEARCH AND TECHNOLOGY DEVELOPMENT TO SUPPORT CREW HEALTH AND PERFORMANCE IN SPACE EXPLORATION MISSIONS PROJECT 3 TITLE: MULTIMODAL MODELING TOWARDS NONINVASIVE ASSESSMENT OF INTRACRANIAL PRESSURE IN WEIGHTLESSNESS AND BIOMARKER IDENTIFICATION OF PREDISPOSITION TO VIIP SYNDROME SOLICITATION: NNJ13ZSA002N-ILSRA: INTERNATIONAL LIFE SCIENCES RESEARCH ANNOUNCEMENT (ILSRA),190 NEOCITY WAY,,KISSIMMEE,FL,34744,09,KISSIMMEE,FL,34744,09,35780.47,,description,mirror,
ASST_NON_80NSSC21M0005_080,80NSSC21M0005,ASST_NON_80NSSC21M0005_080,grant,05,OKLAHOMA STATE UNIVERSITY,2025-07-22,D,P00008,-839920.81,TERMINATION FOR CONVENIENCE AGREEMENT - SCIENCE ACTIVATION PROGRAM INTEGRATION/ SCIENCE ENGAGEMENT & PARTNERSHIPS DIVISION FOR SUPPORT FOR SCIENCE MISSION DIRECTORATE (SMD),THE PRIMARY OBJECTIVE OF THE NATIVE EARTH NATIVE SKY (NENS) PROGRAM IS TO BUILD CULTURALLY-RELEVANT EARTH-SKY STEM PROGRAMMING FOR MIDDLE SCHOOLERS IN THREE OKLAHOMA NATIVE AMERICAN NATIONS THAT WILL INCREASE THE STUDENTS UNDERSTANDING OF,401 WHITEHURST HALL,,STILLWATER,OK,74078,03,STILLWATER,OK,74078,03,2141868.19,,description,mirror,
ASST_NON_80NSSC21K1069_080,80NSSC21K1069,ASST_NON_80NSSC21K1069_080,grant,04,PRESIDENT AND FELLOWS OF HARVARD COLLEGE,2025-06-20,B,P00004,0.00,TERMINATION FOR CONVENIENCE AGREEMENT -20-OCOST20-0009 APPLICATION OF CONTINUOUS GROUND-BASED REMOTE SENSING TO ANALYSIS OF OCO-2/3 XCO2 AND SIF DATA IN MOSAIC LANDSCAPES -SUPPORT FOR SMD EARTH SCIENCE DIRECTORATE,WE WILL USE THIS ANALYSIS TO CRITICALLY ASSESS SYSTEMATIC BIASES AS A FUNCTION OF TOPOGRAPHY SEASON TIME OF DAY CLOUD EFFECTS ETC.,1033 MASSACHUSETTS AVE 5TH FL,,CAMBRIDGE,MA,02138,05,CAMBRIDGE,MA,02138,05,276650.96,,description,mirror,
CONT_AWD_80GSFC23PA006_8000_-NONE-_-NONE-,80GSFC23PA006,CONT_AWD_80GSFC23PA006_8000_-NONE-_-NONE-,contract,B,"MALIN SPACE SCIENCE SYSTEMS, INC",2025-06-18,F,P00003,0.00,"TERMINATION FOR CONVENIENCE AGREEMENT - MARS SAMPLE RETURN CAMPAIGN CAPTURE, CONTAINMENT, AND RETURN SAMPLE (CCRS) CAMERA","MARS SAMPLE RETURN CAMPAIGN CAPTURE, CONTAINMENT, AND RETURN SAMPLE (CCRS) CAMERA",5880 PACIFIC CENTER BLVD,,SAN DIEGO,CA,92121,51,SAN DIEGO,CA,92121,51,862225.00,862225.00,both,mirror,
CONT_AWD_80GSFC22CA021_8000_-NONE-_-NONE-,80GSFC22CA021,CONT_AWD_80GSFC22CA021_8000_-NONE-_-NONE-,contract,D,NEWTON LLC,2025-06-17,F,P00015,-31752.64,"TERMINATION FOR CONVENIENCE AGREEMENT - CAPTURE, CONTAINMENT RETURN SYSTEM (CCRS) CAPTURE LID MECHANISM (CLM)",CCRS CAPTURE LID MECHANISM,5650 RIVERTECH CT STE A,,RIVERDALE,MD,20737,04,RIVERDALE,MD,20737,04,4459975.78,4459975.78,both,mirror,
CONT_AWD_80NSSC25PA641_8000_-NONE-_-NONE-,80NSSC25PA641,CONT_AWD_80NSSC25PA641_8000_-NONE-_-NONE-,contract,B,"MESSE DUSSELDORF NORTH AMERICA, INC.",2025-06-17,C,P00002,-15200.00,TERMINATION FOR CONVENIENCE AGREEMENT - BOOTH SPACE FOR NASA AT AUVSI 2025,BOOTH SPACE FOR NASA AT AUVSI 2025,150 N MICHIGAN AVE,STE 2920,CHICAGO,IL,60601,07,CHICAGO,IL,60601,07,0.00,0.00,description,mirror,
ASST_NON_80NSSC24K0503_080,80NSSC24K0503,ASST_NON_80NSSC24K0503_080,grant,04,GEORGE WASHINGTON UNIVERSITY (THE),2025-06-11,B,P00002,0.00,STOP WORK NOTICE ISSUED WITH NOTIFICATION OF INTENT TO TERMINATE FOR CONVENIENCE ASSESSING ENVIRONMENTAL JUSTICE AIR QUALITY AND HEALTH CO-BENEFITS OF TRANSPORT INTERVENTIONS IN U.S. URBAN AREAS - SMD,ASSESSING ENVIRONMENTAL JUSTICE AIR QUALITY AND HEALTH CO-BENEFITS OF TRANSPORT INTERVENTIONS IN U.S. URBAN AREAS,1918 F ST NW,,WASHINGTON,DC,20052,98,WASHINGTON,DC,20052,98,506303.98,,description,mirror,
CONT_AWD_80NSSC24PC269_8000_-NONE-_-NONE-,80NSSC24PC269,CONT_AWD_80NSSC24PC269_8000_-NONE-_-NONE-,contract,B,KPMG LLP,2025-06-10,C,P00002,-24000.00,STOP WORK NOTICE ISSUED WITH NOTIFICATION OF INTENT TO TERMINATE FOR CONVENIENCE - KPMG ASPIRE IMMERSION,KPMG ASPIRE IMMERSION,8350 BROAD ST STE 900,,MCLEAN,VA,22102,11,MCLEAN,VA,22102,11,96000.00,96000.00,description,mirror,
CONT_IDV_80NSSC24AA014_8000,80NSSC24AA014,CONT_IDV_80NSSC24AA014_8000,idv,IDV_E,"RIOS PARTNERS, LLC",2025-06-09,F,P00004,0.00,TERMINATION FOR CONVENIENCE AGREEMENT - CHANGE MANAGEMENT SUPPORT SERVICE BPAS FOR NASA ADMINISTRATIVE SUITE.,THIS BLANKET PURCHASE AGREEMENT (BPA) IS FOR NASA CHANGE MANAGEMENT SUPPORT SERVICES,3100 CLARENDON BLVD STE 200,,ARLINGTON,VA,22201,08,,,,,0.00,15000000.00,both,mirror,
ASST_NON_80NSSC25K7031_080,80NSSC25K7031,ASST_NON_80NSSC25K7031_080,grant,04,TRUSTEES OF TUFTS COLLEGE,2025-06-06,B,P00002,0.00,TERMINATE FOR CONVENIENCE - 23-EEJ23-0029 INTEGRATING EARTH OBSERVATIONS TOWARD ADVANCING EQUITABLE RESILIENCE TO GEOHAZARDS IN A CHANGING CLIMATE,INTEGRATING EARTH OBSERVATIONS TOWARD ADVANCING EQUITABLE RESILIENCE TO GEOHAZARDS IN A CHANGING CLIMATE,169 HOLLAND ST,,SOMERVILLE,MA,02144,07,SOMERVILLE,MA,02144,07,149834.25,,description,mirror,
CONT_AWD_80GSFC24CA024_8000_-NONE-_-NONE-,80GSFC24CA024,CONT_AWD_80GSFC24CA024_8000_-NONE-_-NONE-,contract,D,"A3L FEDERAL WORKS,LLC",2025-05-28,M,P00008,0.00,"TERMINATION FOR CONVENIENCE AGREEMENT-PARTIAL- IV&V PROGRAM OFFICE OF SAFETY & MISSION ASSURANCE (OSMA) KNOWLEDGE MANAGEMENT, EVENTS AND COMMUNICATIONS SUPPORTS (KMECS) IVV CONTRACT","KNOWLEDGE MANAGEMENT, EVENTS AND COMMUNICATIONS SUPPORTS (KMECS) IVV CONTRACT",1000 TECHNOLOGY DR,STE 1217,FAIRMONT,WV,26554,02,FAIRMONT,WV,26554,02,1007597.51,1978784.51,description,mirror,
ASST_NON_80NSSC19K0748_080,80NSSC19K0748,ASST_NON_80NSSC19K0748_080,grant,04,THE PINHEAD INSTITUTE INC,2025-05-14,B,P00006,0.00,TERMINATION FOR CONVENIENCE AGREEMENT - AN ANALYSIS OF LADEE UVS DATA FOR METALLIC SPECIES - SUPPORT FOR SMD DIRECTORATE,THE PROJECT WILL COMBINE LUNAR ATMOSPHERE AND DUST ENVIRONMENT EXPLORER (LADEE) ULTRAVIOLET-VISIBLE SPECTROMETER (UVS) DATA WITH EXOSPHERIC MODELS TO ACHIEVE THE FOLLOWING SCIENTIFIC OBJECTIVES:. 1. DISCOVER OR ESTABLISH MORE STRINGENT LIMITS FOR PREVIOUSLY UNDETECTED METALS (SI AL MG CA TI FE) IN THE LUNAR EXOSPHERE; . 2. DETERMINE THE SPATIAL AND TEMPORAL STRUCTURE OF GASEOUS METALS AND ATOMIC OXYGEN AND UNDERSTAND THE PROCESSES THAT CONTROL THEIR DISTRIBUTION AND VARIABILITY. .PRELIMINARY ANALYSES SHOWN IN THIS PROPOSAL DEMONSTRATE THAT UVS DATA REVEAL NOT ONLY DETECTIONS BUT ALSO OFFER SPATIAL AND TEMPORAL RESOLUTION SUFFICIENT TO FULFILL THESE OBJECTIVES. .,300 S MAHONEY DR STE C6C,,TELLURIDE,CO,81435,03,TELLURIDE,CO,81435,03,114321.00,,description,mirror,
ASST_NON_80NSSC23M0020_080,80NSSC23M0020,ASST_NON_80NSSC23M0020_080,grant,05,BLUE MARBLE SPACE,2025-05-14,B,P00004,0.00,TERMINATION FOR CONVENIENCE AGREEMENT - THREE-DIMENSIONAL MODELING OF OBSERVABLE TERRESTRIAL WORLDS - SUPPORT FOR SMD DIRECTORATE,UNSOLICITED. THREE-DIMENSIONAL MODELING OF OBSERVABLE TERRESTRIAL WORLDS,716 SEWELL BRANCH RD,,CLAYTON,DE,19938,00,CLAYTON,DE,19938,00,44879.00,,description,mirror,
ASST_NON_80NSSC24K0913_080,80NSSC24K0913,ASST_NON_80NSSC24K0913_080,grant,04,UNIVERSITY OF TEXAS HEALTH SCIENCE CENTER AT HOUSTON,2025-05-14,B,P00002,0.00,TERMINATION FOR CONVENIENCE - USING NASA EARTH OBSERVATIONS TO SUPPORT ENVIRONMENTAL JUSTICE COMMUNITIES IN ATLANTA GEORGIA - SUPPORT FOR SMD DIRECTORATE,USING NASA EARTH OBSERVATIONS TO SUPPORT ENVIRONMENTAL JUSTICE COMMUNITIES IN ATLANTA GEORGIA,7000 FANNIN ST FL 9,,HOUSTON,TX,77030,18,HOUSTON,TX,77030,18,40652.80,,description,mirror,
ASST_NON_80NSSC25K7029_080,80NSSC25K7029,ASST_NON_80NSSC25K7029_080,grant,04,RESEARCH TRIANGLE INSTITUTE,2025-05-14,B,P00002,0.00,TERMINATION FOR CONVENIENCE AGREEMENT - PROJECT GREEN: GREENSPACE AND REMOTE SENSING FOR THE ENVIRONMENT AND EQUITY IN NEIGHBORHOODS - SUPPORT FOR SMD DIRECTORATE,PROJECT GREEN: GREENSPACE AND REMOTE SENSING FOR THE ENVIRONMENT AND EQUITY IN NEIGHBORHOODS.,3040 CORNWALLIS RD,,RESEARCH TRIANGLE PARK,NC,27709,04,RESEARCH TRIANGLE PARK,NC,27709,04,15620.96,,description,mirror,
ASST_NON_80NSSC25K7030_080,80NSSC25K7030,ASST_NON_80NSSC25K7030_080,grant,04,UNIVERSITY OF TEXAS HEALTH SCIENCE CENTER AT HOUSTON,2025-05-14,B,P00002,0.00,TERMINATION FOR CONVENIENCE AGREEMENT - CIELO: CHICAGO'S INITIATIVE FOR ENVIRONMENTAL JUSTICE AND LIGHT POLLUTION OUTREACH - SUPPORT FOR SMD DIRECTORATE,LIGHT POLLUTION IS AN EMERGING PUBLIC HEALTH HAZARD THAT HAS BEEN LINKED TO ELEVATED RISK OF MANY DISEASES INCLUDING SLEEP DISORDERS CANCER CARDIOMETABOLIC DISEASES DEMENTIA AND MENTAL DISORDERS. MOREOVER LIGHT POLLUTION IS ALSO AN IMPORTANT ENVIRONMENTAL JUSTICE ISSUE. IT HAS BEEN SHOWN THAT MARGINALIZED COMMUNITIES HAVE A DISPROPORTIONATELY HIGH BURDEN OF ARTIFICIAL LIGHT AT NIGHT (ALAN) AND ARE MORE SUSCEPTIBLE TO DEVELOPE ADVERSE HEALTH EFFECTS RELATED TO ALAN. AMONG AMERICAN CITIES CHICAGO NOT ONLY HAS ONE OF THE HIGHEST LEVELS OF LIGHT POLLUTION BUT ALSO DISPLAYS PROFOUND INJUSTICE IN LIGHT POLLUTION. THE LITTLE VILLAGE NEIGHBORHOOD IN CHICAGO A PREDOMINANTLY MEXICAN IMMIGRANT COMMUNITY EXEMPLIFIES THE DUAL BURDEN OF HIGH LEVELS OF LIGHT POLLUTION AND SOCIAL VULNERABILITY. THANKS TO YEARS OF COLLABORATIVE WORK WITH OUR COMMUNITY PARTNERS THERE IS NOW GROWING AWARENESS ABOUT LIGHT POLLUTION AND ITS DETRIMENTAL EFFECTS AMONG THE LITTLE VILLAGE RESIDENTS. IN ADDITION THE COMMUNITY MEMBERS EXPRESSED PRESSING NEEDS IN LEARNING MORE ABOUT LIGHT POLLUTION IN THEIR NEIGHBORHOOD AND TAKING ACTIONS TO PROMOTE APPROPRIATE LIGHTING AND MITIGATE ADVERSE HEALTH EFFECTS. IN PARTICULAR THERE ARE CRITICAL NEEDS FOR 1) AN INTERFACE THAT PROVIDE HIGH QUALITY DATA AND VISUALIZATION AND ANALYSIS TOOLS TO CHARACTERIZE THE BURDEN OF ALAN 2) A PLATFORM THAT CROSSLINKS ALAN MEASURES WITH DEMOGRAPHIC AND SOCIOECONOMIC INDICATORS AND HEALTH STATISTICS TO DEMONSTRATE THE SCALE OF LIGHT POLLUTION INJUSTICE AND HIGHLIGHT ITS PUBLIC HEALTH IMPLICATIONS AND 3) AN EXPANDED EDUCATION PROGRAM THAT TEACH STUDENTS ABOUT LIGHT POLLUTION AND ITS CONSEQUENCES AND CULTIVATE NEXT-GENERATION ACTIVISTS TO TAKE DATA-INFORMED ACTIONS.,7000 FANNIN ST FL 9,,HOUSTON,TX,77030,18,HOUSTON,TX,77030,18,69975.13,,description,mirror,
CONT_AWD_80NSSC25FA315_8000_80NSSC24AA005_8000,80NSSC25FA315,CONT_AWD_80NSSC25FA315_8000_80NSSC24AA005_8000,contract,A,"NATIONAL QUALITY ASSURANCE - U.S.A., INC.",2025-05-05,F,P00001,-28832.00,TERMINATION FOR CONVENIENCE-AS9100 AUDIT AT AFRC'S NASA FACILITY,THE PURPOSE OF THIS TASK ORDER IS TO PROVIDE AN AS9100 AUDIT AT AFRC'S NASA FACILITY,289 GREAT RD,STE 105,ACTON,MA,01720,03,ACTON,MA,01720,03,0.00,0.00,both,mirror,
CONT_AWD_80NSSC24PB679_8000_-NONE-_-NONE-,80NSSC24PB679,CONT_AWD_80NSSC24PB679_8000_-NONE-_-NONE-,contract,B,"GARTNER, INC.",2025-04-30,M,P00002,0.00,"TERMINATION FOR CONVENIENCE AGREEMENT --NASA HUMAN CAPITAL AND LEARNING & DEVELOPMENT ADVISORY, RESEARCH AND BENCHMARKING SERVICES.","NASA HUMAN CAPITAL AND LEARNING & DEVELOPMENT ADVISORY, RESEARCH AND BENCHMARKING SERVICES.",56 TOP GALLANT RD,,STAMFORD,CT,06902,04,STAMFORD,CT,06902,04,194382.00,194382.00,description,mirror,
CONT_AWD_80NSSC23FA528_8000_80NSSC23DA001_8000,80NSSC23FA528,CONT_AWD_80NSSC23FA528_8000_80NSSC23DA001_8000,contract,C,IBEX IT BUSINESS EXPERTS LLC,2025-04-23,F,P00007,-136672.81,"STOP WORK NOTICE ISSUED WITH NOTIFICATION OF INTENT TO TERMINATE FOR CONVENIENCE - NEHCSS - IBEX IT BUSINESS EXPERTS, LLC TASK ORDER 80NSSC23FA528 ORGANIZATION DEVELOPMENT SUPPORT SERVICES","NASA ENTERPRISE-WIDE HUMAN CAPITAL SERVICES (NEHCSS) - IBEX IT BUSINESS EXPERTS, LLC",3295 RIVER EXCHANGE DR STE 550,,NORCROSS,GA,30092,07,HUNTSVILLE,AL,35812,05,214134.25,214134.25,both,mirror,
CONT_AWD_80NSSC23F0002_8000_NNG15SD22B_8000,80NSSC23F0002,CONT_AWD_80NSSC23F0002_8000_NNG15SD22B_8000,contract,C,"FOUR POINTS TECHNOLOGY, L.L.C.",2025-04-21,F,P00001,0.00,TERMINATE FOR CONVENIENCE AGREEMENT SECURID AUTHENTICATOR TOKENS,SECURID AUTHENTICATOR TOKENS,13221 WOODLAND PARK RD,STE 400,HERNDON,VA,20171,11,CHANTILLY,VA,20151,11,19212.13,19212.13,both,mirror,
CONT_AWD_80NSSC24FA558_8000_NNG15SD25B_8000,80NSSC24FA558,CONT_AWD_80NSSC24FA558_8000_NNG15SD25B_8000,contract,C,"THREE WIRE SYSTEMS, LLC",2025-04-16,F,P00001,0.00,TERMINATION FOR CONVENIENCE AGREEMENT TOR- ONE SOFTWARE RENEWAL,STOR- ONE SOFTWARE RENEWAL,1775 TYSONS BLVD,5TH FLOOR,TYSONS,VA,22102,11,MCLEAN,VA,22102,11,17400.00,17400.00,both,mirror,
CONT_AWD_80NSSC24PA660_8000_-NONE-_-NONE-,80NSSC24PA660,CONT_AWD_80NSSC24PA660_8000_-NONE-_-NONE-,contract,B,"LMI CONSULTING, LLC",2025-04-16,F,P00002,0.00,TERMINATE FOR CONVENIENCE: BRIDGE PROGRAM RETREAT,BRIDGE PROGRAM RETREAT,7940 JONES BRANCH DR,,TYSONS CORNER,VA,22102,11,MCLEAN,VA,22102,11,42878.06,42878.06,both,mirror,
CONT_AWD_80NSSC24PB891_8000_-NONE-_-NONE-,80NSSC24PB891,CONT_AWD_80NSSC24PB891_8000_-NONE-_-NONE-,contract,B,"CAREER COMMUNICATIONS GROUP, INC.",2025-04-16,F,P00003,0.00,TERMINATION FOR CONVENIENCE: WOMEN OF COLOR IN STEM SILVER PARTNERSHIP AND PARTICIPATION IN THEIR NATIONAL CONVENTION,WOMEN OF COLOR IN STEM SILVER PARTNERSHIP AND PARTICIPATION IN THEIR NATIONAL CONVENTION,729 E PRATT ST STE 504,,BALTIMORE,MD,21202,07,BALTIMORE,MD,21202,07,12500.00,12500.00,both,mirror,
CONT_AWD_80NSSC25FA078_8000_NNG15SD72B_8000,80NSSC25FA078,CONT_AWD_80NSSC25FA078_8000_NNG15SD72B_8000,contract,C,COLOSSAL CONTRACTING LLC,2025-04-16,F,P00001,0.00,TERMINATION FOR CONVENIENCE AGREEMENT PRISMA CLOUD RENEWAL,PRISMA CLOUD RENEWAL,304 HARRY S TRUMAN PKWY STE G,,ANNAPOLIS,MD,21401,03,ANNAPOLIS,MD,21401,03,16200.00,16200.00,both,mirror,
CONT_IDV_80GRC022AA005_8000,80GRC022AA005,CONT_IDV_80GRC022AA005_8000,idv,IDV_E,"APPLIED FAB & MACHINING, INC.",2025-04-15,F,P00002,0.00,"TERMINATION FOR CONVENIENCE - NASA GLENN RESEARCH CENTER BLANKET PURCHASE AGREEMENT. EACH ORDER MAY INCLUDE, BUT IS NOT LIMITED TO, MACHINING, FABRICATION, WELDING/METAL JOINING, INSTRUMENTATION, INSPECTION AND NON-DESTRUCTIVE TESTING (NDT)","NASA GLENN REASEARCH CENTER BLANKET PURCHASE AGREEMENT. EACH ORDER MAY INCLUDE, BUT IS NOT LIMITED TO, MACHINING, FABRICATION, WELDING/METAL JOINING, INSTRUMENTATION, INSPECTION AND NON-DESTRUCTIVE TESTING (NDT).",7811 W STEWART AVE STE A,,WAUSAU,WI,54401,07,,,,,0.00,4999999.00,both,mirror,
CONT_IDV_80GRC022AA006_8000,80GRC022AA006,CONT_IDV_80GRC022AA006_8000,idv,IDV_E,"AXIAL GLOBAL, LLC.",2025-04-15,F,P00002,0.00,"TERMINATION FOR CONVENIENCE - NASA GLENN RESEARCH CENTER BLANKET PURCHASE AGREEMENT. EACH ORDER MAY INCLUDE, BUT IS NOT LIMITED TO, MACHINING, FABRICATION, WELDING/METAL JOINING, INSTRUMENTATION, INSPECTION AND NON-DESTRUCTIVE TESTING (NDT).","NASA GLENN REASEARCH CENTER BLANKET PURCHASE AGREEMENT. EACH ORDER MAY INCLUDE, BUT IS NOT LIMITED TO, MACHINING, FABRICATION, WELDING/METAL JOINING, INSTRUMENTATION, INSPECTION AND NON- DESTRUCTIVE TESTING (NDT).",431 E AIRTEX DR STE 200,,HOUSTON,TX,77073,18,,,,,0.00,4999999.00,both,mirror,
CONT_IDV_80GRC022AA014_8000,80GRC022AA014,CONT_IDV_80GRC022AA014_8000,idv,IDV_E,KCS PROTOTYPE AND DESIGN LLC,2025-04-15,F,P00003,0.00,"TERMINATION FOR CONVENIENCE - NASA GLENN RESEARCH CENTER BLANKET PURCHASE AGREEMENT. EACH ORDER MAY INCLUDE, BUT IS NOT LIMITED TO, MACHINING, FABRICATION, WELDING/METAL JOINING, INSTRUMENTATION, INSPECTION AND NON-DESTRUCTIVE TESTING (NDT).","NASA GLENN RESEARCH CENTER BLANKET PURCHASE AGREEMENT. EACH ORDER MAY INCLUDE, BUT IS NOT LIMITED TO, MACHINING, FABRICATION, WELDING/METAL JOINING, INSTRUMENTATION, INSPECTION AND NON- DESTRUCTIVE TESTING (NDT).",12842 FARMINGTON RD,,LIVONIA,MI,48150,12,,,,,0.00,4999999.00,both,mirror,
CONT_IDV_80GRC022AA017_8000,80GRC022AA017,CONT_IDV_80GRC022AA017_8000,idv,IDV_E,"MSP AVIATION, INC.",2025-04-15,F,P00003,0.00,"TERMINATION FOR CONVENIENCE - NASA GLENN RESEARCH CENTER BLANKET PURCHASE AGREEMENT. EACH ORDER MAY INCLUDE, BUT IS NOT LIMITED TO, MACHINING, FABRICATION, WELDING/METAL JOINING, INSTRUMENTATION, INSPECTION AND NON-DESTRUCTIVE TESTING (NDT).","NASA GLENN RESEARCH CENTER BLANKET PURCHASE AGREEMENT. EACH ORDER MAY INCLUDE, BUT IS NOT LIMITED TO, MACHINING, FABRICATION, WELDING/METAL JOINING, INSTRUMENTATION, INSPECTION AND NON- DESTRUCTIVE TESTING (NDT).",239 W GRIMES LN,,BLOOMINGTON,IN,47403,09,,,,,0.00,4999999.00,both,mirror,
CONT_IDV_80GRC022AA018_8000,80GRC022AA018,CONT_IDV_80GRC022AA018_8000,idv,IDV_E,"PRECISION FABRICATING & CLEANING COMPANY, INC.",2025-04-15,F,P00003,0.00,"TERMINATION FOR CONVENIENCE - NASA GLENN RESEARCH CENTER BLANKET PURCHASE AGREEMENT. EACH ORDER MAY INCLUDE, BUT IS NOT LIMITED TO, MACHINING, FABRICATION, WELDING/METAL JOINING, INSTRUMENTATION, INSPECTION AND NON-DESTRUCTIVE TESTING (NDT).","NASA GLENN RESEARCH CENTER BLANKET PURCHASE AGREEMENT. EACH ORDER MAY INCLUDE, BUT IS NOT LIMITED TO, MACHINING, FABRICATION, WELDING/METAL JOINING, INSTRUMENTATION, INSPECTION AND NON- DESTRUCTIVE TESTING (NDT).",3975 E RAILROAD AVE,,COCOA,FL,32926,08,,,,,0.00,4999999.00,both,mirror,
CONT_IDV_80GRC022AA021_8000,80GRC022AA021,CONT_IDV_80GRC022AA021_8000,idv,IDV_E,"UNIPAK AVIATION, LLC",2025-04-15,F,P00003,0.00,"TERMINATION FOR CONVENIENCE - NASA GLENN RESEARCH CENTER BLANKET PURCHASE AGREEMENT. EACH ORDER MAY INCLUDE, BUT IS NOT LIMITED TO, MACHINING, FABRICATION, WELDING/METAL JOINING, INSTRUMENTATION, INSPECTION AND NON-DESTRUCTIVE TESTING (NDT).","NASA GLENN RESEARCH CENTER BLANKET PURCHASE AGREEMENT. EACH ORDER MAY INCLUDE, BUT IS NOT LIMITED TO, MACHINING, FABRICATION, WELDING/METAL JOINING, INSTRUMENTATION, INSPECTION AND NON- DESTRUCTIVE TESTING (NDT).",8323 LINDBERGH CT,,SARASOTA,FL,34243,16,,,,,0.00,4999999.00,both,mirror,
CONT_IDV_80GRC022AA023_8000,80GRC022AA023,CONT_IDV_80GRC022AA023_8000,idv,IDV_E,NORTH WIND SYSTEMS LLC,2025-04-15,F,P00002,0.00,"TERMINATION FOR CONVENIENCE - NASA GLENN RESEARCH CENTER BLANKET PURCHASE AGREEMENT. EACH ORDER MAY INCLUDE, BUT IS NOT LIMITED TO, MACHINING, FABRICATION, WELDING/METAL JOINING, INSTRUMENTATION, INSPECTION AND NON-DESTRUCTIVE TESTING (NDT).","NASA GLENN REASEARCH CENTER BLANKET PURCHASE AGREEMENT. EACH ORDER MAY INCLUDE, BUT IS NOT LIMITED TO, MACHINING, FABRICATION, WELDING/METAL JOINING, INSTRUMENTATION, INSPECTION AND NON- DESTRUCTIVE TESTING (NDT).",703 CITY CENTER BLVD,,NEWPORT NEWS,VA,23606,03,,,,,0.00,4999999.00,both,mirror,
CONT_IDV_80GRC022AA024_8000,80GRC022AA024,CONT_IDV_80GRC022AA024_8000,idv,IDV_E,"KESSINGTON, LLC",2025-04-15,F,P00002,0.00,"TERMINATION FOR CONVENIENCE - NASA GLENN RESEARCH CENTER BLANKET PURCHASE AGREEMENT. EACH ORDER MAY INCLUDE, BUT IS NOT LIMITED TO, MACHINING, FABRICATION, WELDING/METAL JOINING, INSTRUMENTATION, INSPECTION AND NON-DESTRUCTIVE TESTING (NDT).","NASA GLENN REASEARCH CENTER BLANKET PURCHASE AGREEMENT. EACH ORDER MAY INCLUDE, BUT IS NOT LIMITED TO, MACHINING, FABRICATION, WELDING/METAL JOINING, INSTRUMENTATION, INSPECTION AND NON- DESTRUCTIVE TESTING (NDT).",1020 COUNTY ROAD 6 W,,ELKHART,IN,46514,02,,,,,0.00,4999999.00,both,mirror,
CONT_AWD_80GRC024CA008_8000_-NONE-_-NONE-,80GRC024CA008,CONT_AWD_80GRC024CA008_8000_-NONE-_-NONE-,contract,D,CASE WESTERN RESERVE UNIVERSITY,2025-04-08,M,P00002,0.00,STOP WORK NOTICE ISSUED WITH NOTICE OF INTENT TO DE-SCOPE. CENTRIFUGAL ACCELERATION TESTING - NASA GRC IS PURSUING THE DEVELOPMENT OF DYNAMIC CONVERSION TECHNOLOGIES TO SUPPORT SCIENCE MISSION POWER SYSTEM DEVELOPMENT.,CENTRIFUGAL ACCELERATION TESTING - NASA GRC IS PURSUING THE DEVELOPMENT OF DYNAMIC CONVERSION TECHNOLOGIES TO SUPPORT SCIENCE MISSION POWER SYSTEM DEVELOPMENT.,10900 EUCLID AVE,,CLEVELAND,OH,44106,11,CLEVELAND,OH,44106,11,33269.00,33269.00,description,mirror,
CONT_AWD_80HQTR24F0019_8000_80HQTR21D0004_8000,80HQTR24F0019,CONT_AWD_80HQTR24F0019_8000_80HQTR21D0004_8000,contract,C,"ICF INCORPORATED, L.L.C.",2025-04-08,M,P00002,0.00,STOP WORK AND TERMINATION FOR CONVENIENCE NOTICE ISSUED. ENGAGEMENT SPECIALIST TO THE U.S. GLOBAL CHANGE RESEARCH PROGRAM (USGCRP) NATIONAL COORDINATION OFFICE (NCO),ENGAGEMENT SPECIALIST TO THE U.S. GLOBAL CHANGE RESEARCH PROGRAM (USGCRP) NATIONAL COORDINATION OFFICE (NCO),9300 LEE HWY,,FAIRFAX,VA,22031,11,FAIRFAX,VA,22031,11,685384.00,685384.00,description,mirror,
CONT_AWD_80HQTR24F0096_8000_80GSFC19D0011_8000,80HQTR24F0096,CONT_AWD_80HQTR24F0096_8000_80GSFC19D0011_8000,contract,C,THE AEROSPACE CORPORATION,2025-04-08,M,P00002,0.00,STOP WORK NOTICE ISSUED WITH NOTIFICATION OF INTENT TO TERMINATE FOR CONVENIENCE - STRATEGIC COMMUNICATIONS AND INTEGRATION SUPPORT FOR MISSION SUPPORT DIRECTORATE,"DEVELOPMENT AND MAINTENANCE OF PRODUCTS, SERVICES, TECHNICAL AND BUSINESS PRACTICES AS DIRECTED BY MSD LEADERSHIP.",2310 EAST EL SEGUNDO BLVD,,EL SEGUNDO,CA,90245,36,WASHINGTON,DC,20456,98,61000.00,152504.90,description,mirror,
CONT_AWD_80JSC022CA012_8000_-NONE-_-NONE-,80JSC022CA012,CONT_AWD_80JSC022CA012_8000_-NONE-_-NONE-,contract,D,"FLAWLESS PHOTONICS, INC.",2025-04-08,M,P00008,0.00,TERMINATION NOTICE ISSUED: IN SPACE PRODUCTION APPLICATIONS (INSPA) - FABRICATION OF FLAWLESSPREFORMS IN MICROGRAVITY FOR OA DIRECTORATE,IN SPACE PRODUCTION APPLICATIONS (INSPA) - FABRICATION OF FLAWLESSPREFORMS IN MICROGRAVITY,11985 MAGDALENA AVE,,LOS ALTOS HILLS,CA,94024,47,LOS ALTOS HILLS,CA,94024,16,2315075.00,3731747.00,description,mirror,
CONT_AWD_80LARC21F0083_8000_80LARC20D0007_8000,80LARC21F0083,CONT_AWD_80LARC21F0083_8000_80LARC20D0007_8000,contract,C,CORNELL TECHNICAL SERVICES LLC,2025-04-08,M,P00006,0.00,STOP WORK NOTICE ISSUED WITH NOTIFICATION OF INTENT TO TERMINATE FOR CONVENIENCE - SOMA VAULT ADMINISTRATION,ADMINISTRATION AND MANAGEMENT OF SECURE VAULT,9700 PATUXENT WOODS DR,,COLUMBIA,MD,21046,03,HAMPTON,VA,23681,03,115865.00,116669.00,description,mirror,
CONT_AWD_80LARC21F0153_8000_80LARC20D0007_8000,80LARC21F0153,CONT_AWD_80LARC21F0153_8000_80LARC20D0007_8000,contract,C,CORNELL TECHNICAL SERVICES LLC,2025-04-08,M,P00006,0.00,"STOP WORK NOTICE ISSUED WITH NOTIFICATION OF INTENT TO TERMINATE FOR CONVENIENCE - MARS EXPLORATION PROGRAM (MEP) ASSESSMENT FOR MANAGEMENT, PLANNING, TECHNICAL, SCIENTIFIC, RISK, COST, AND SCHEDULE SUPPORT","MARS EXPLORATION PROGRAM (MEP) ASSESSMENT FOR MANAGEMENT, PLANNING, TECHNICAL, SCIENTIFIC, RISK, COST, AND SCHEDULE SUPPORT",9700 PATUXENT WOODS DR,,COLUMBIA,MD,21046,03,HAMPTON,VA,23681,03,316380.00,316380.00,description,mirror,
CONT_AWD_80LARC25F7011_8000_80LARC20D0007_8000,80LARC25F7011,CONT_AWD_80LARC25F7011_8000_80LARC20D0007_8000,contract,C,CORNELL TECHNICAL SERVICES LLC,2025-04-08,M,P00003,0.00,STOP WORK NOTICE ISSUED WITH NOTIFICATION OF INTENT TO TERMINATE FOR CONVENIENCE - 2025 ASTROPHYSICS DIVISION SENIOR REVIEW,2025 ASTROPHYSICS DIVISION SENIOR REVIEW,9700 PATUXENT WOODS DR,,COLUMBIA,MD,21046,03,COLUMBIA,MD,21046,03,780306.00,780306.00,description,mirror,
CONT_AWD_80MSFC22F0153_8000_80MSFC20D0004_8000,80MSFC22F0153,CONT_AWD_80MSFC22F0153_8000_80MSFC20D0004_8000,contract,C,THE JOHNS HOPKINS UNIVERSITY APPLIED PHYSICS LABORATORY LLC,2025-04-08,M,P00004,0.00,STOP WORK NOTICE ISSUED WITH NOTIFICATION OF INTENT TO TERMINATE FOR CONVENIENCE - NESC AVIONICS PACKAGING ENGINEERING PROCESSES AND BEST PRACTICES,NESC AVIONICS PACKAGING ENGINEERING PROCESSES AND BEST PRACTICES,11100 JOHNS HOPKINS RD,,LAUREL,MD,20723,03,LAUREL,MD,20723,03,19512.00,44324.00,description,mirror,
CONT_AWD_80NSSC20P1795_8000_-NONE-_-NONE-,80NSSC20P1795,CONT_AWD_80NSSC20P1795_8000_-NONE-_-NONE-,contract,B,HOWARD WERSHBALE & CO,2025-04-08,F,P00008,0.00,TERMINATION FOR CONVENIENCE AGREEMENT EXERCISE OPTION YR 4,2020 FISCAL YEAR END FINANCIAL STATEMENT REVIEW OF NASA GLENN EXCHANGE,23240 CHAGRIN BLVD # 700,,CLEVELAND,OH,44122,11,BEACHWOOD,OH,44122,11,16050.00,20000.00,both,mirror,
CONT_AWD_80NSSC22PA482_8000_-NONE-_-NONE-,80NSSC22PA482,CONT_AWD_80NSSC22PA482_8000_-NONE-_-NONE-,contract,B,"DIVERSIFIED SERVICES GROUP, INC.",2025-04-08,F,P00006,0.00,TERMINATION FOR CONVENIENCE AGREEMENT - LIVE PLANT MAINTENANCE SERVICES,LIVE PLANT MAINTENANCE SERVICES,12410 MILESTONE CENTER DR STE 600,,GERMANTOWN,MD,20876,06,GERMANTOWN,MD,20876,06,46982.62,85560.46,both,mirror,
CONT_AWD_80NSSC23PA010_8000_-NONE-_-NONE-,80NSSC23PA010,CONT_AWD_80NSSC23PA010_8000_-NONE-_-NONE-,contract,B,BUSINESS CLASS AVIATION INC.,2025-04-08,F,P00004,-38680.00,TERMINATE FOR CONVENIENCE OF AGREEMENT-DC-8 AND SOFIA AIRCRAFT STORAGE AND PARTS REMOVAL,DC-8 AND SOFIA AIRCRAFT STORAGE AND PARTS REMOVAL,7472 CYPRESS AVE,,ROSAMOND,CA,93560,20,ROSAMOND,CA,93560,20,0.00,0.00,both,mirror,
CONT_AWD_80NSSC23PB058_8000_-NONE-_-NONE-,80NSSC23PB058,CONT_AWD_80NSSC23PB058_8000_-NONE-_-NONE-,contract,B,"FLORIDA FIRST ROBOTICS EDUCATION FOUNDATION, INC",2025-04-08,F,P00002,0.00,TERMINATION FOR CONVENIENCE AGREEMENT - SPONSORSHIP OF THE FIRST ORLANDO REGIONAL,SPONSORSHIP OF THE FIRST ORLANDO REGIONAL,1360 MEADOWBROOK RD NE,,PALM BAY,FL,32905,08,PALM BAY,FL,32905,08,40200.00,100500.00,both,mirror,
CONT_AWD_80NSSC24PB139_8000_-NONE-_-NONE-,80NSSC24PB139,CONT_AWD_80NSSC24PB139_8000_-NONE-_-NONE-,contract,B,"DATADOG, INC.",2025-04-08,F,P00002,0.00,TERMINATION FOR CONVENIENCE AGREEMENT - DATADOG SUBSCRIPTION,DATADOG SUBSCRIPTION PERIOD OF PERFORMANCE: 6/1/2024 - 10/31/2025,45TH FLOOR,"620, 8TH AVENUE",NEW YORK,NY,10018,12,NEW YORK,NY,10018,12,0.00,0.00,both,mirror,
CONT_AWD_80NSSC24PB717_8000_-NONE-_-NONE-,80NSSC24PB717,CONT_AWD_80NSSC24PB717_8000_-NONE-_-NONE-,contract,B,"COSTAR REALTY INFORMATION, INC.",2025-04-08,F,P00002,0.00,TERMINATION FOR CONNIVENCE AGREEMENT - COSTAR,COSTAR,1313 L ST NW,,WASHINGTON,DC,20005,08,WASHINGTON,DC,20546,98,49050.00,49050.00,both,mirror,
CONT_AWD_80NSSC24PB720_8000_-NONE-_-NONE-,80NSSC24PB720,CONT_AWD_80NSSC24PB720_8000_-NONE-_-NONE-,contract,B,R3 UNIQ INC,2025-04-08,F,P00001,0.00,TERMINATE FOR CONVENIENCE - OMNEST NETWORK SIMULATION SOFTWARE LICENSES AND SUPPORT,OMNEST NETWORK SIMULATION SOFTWARE LICENSES AND SUPPORT,2535 TECH DR,STE 300,BETTENDORF,IA,52722,01,BETTENDORF,IA,52722,01,71648.90,71648.90,both,mirror,
CONT_AWD_80NSSC24PC064_8000_-NONE-_-NONE-,80NSSC24PC064,CONT_AWD_80NSSC24PC064_8000_-NONE-_-NONE-,contract,B,THE JANDOR GROUP LLC,2025-04-08,F,P00001,0.00,TERMINATE FOR CONVENIENCE AGREEMENT,"TRAINING PURCHASE OVER $25,000.00",3033 CHIMNEY ROCK RD STE 216,,HOUSTON,TX,77056,07,HOUSTON,TX,77056,07,100000.00,100000.00,both,mirror,
CONT_AWD_80NSSC24PC363_8000_-NONE-_-NONE-,80NSSC24PC363,CONT_AWD_80NSSC24PC363_8000_-NONE-_-NONE-,contract,B,QUALCOMM TECHNOLOGIES INC,2025-04-08,F,P00002,-6000.00,TERMINATE FOR CONVENIENCE AGREEMENT - QUALCOMM 5G LEARNING - FOUR SUBSCRIPTIONS,QUALCOMM 5G LEARNING - FOUR SUBSCRIPTIONS,5775 MOREHOUSE DR,,SAN DIEGO,CA,92121,51,SAN DIEGO,CA,92121,51,6000.00,6000.00,both,mirror,
CONT_AWD_80NSSC24PC475_8000_-NONE-_-NONE-,80NSSC24PC475,CONT_AWD_80NSSC24PC475_8000_-NONE-_-NONE-,contract,B,ZUKEN USA INC,2025-04-08,F,P00002,-44325.00,TERMINATION FOR CONVENIENCE AGREEMENT - ZUKEN DS.E3 LICENSE DATA AND CONFIGURATION MANAGEMENT POP: 10/1/24 - 9/30/25,ZUKEN DS.E3 LICENSE DATA AND CONFIGURATION MANAGEMENT POP: 10/1/24 - 9/30/25,238 LITTLETON RD STE 100,,WESTFORD,MA,01886,03,WESTFORD,MA,01886,03,0.00,0.00,both,mirror,
CONT_AWD_80NSSC25PA014_8000_-NONE-_-NONE-,80NSSC25PA014,CONT_AWD_80NSSC25PA014_8000_-NONE-_-NONE-,contract,B,SPACE EXPLORATION TECHNOLOGIES CORP,2025-04-08,F,P00001,0.00,"TERMINATION FOR CONVENIENCE AGREEMENT - ASPIRE PUBLIC-PRIVATE TALENT PROGRAM, SPACEX IMMERSION","ASPIRE PUBLIC-PRIVATE TALENT PROGRAM, SPACEX IMMERSION",731 KELP RD,BLDG 731,VANDENBERG AFB,CA,93437,24,LOMPOC,CA,93437,24,19038.40,19038.40,both,mirror,
CONT_AWD_80NSSC25PA068_8000_-NONE-_-NONE-,80NSSC25PA068,CONT_AWD_80NSSC25PA068_8000_-NONE-_-NONE-,contract,B,UNIVERSITY CORPORATION FOR ATMOSPHERIC RESEARCH,2025-04-08,F,P00003,0.00,TERMINATION FOR CONVENIENCE AGREEMENT - OT DYNAMICAL NEUTRAL ATMOSPHERE-IONOSPHERE COUPLING-X (DYNAMIC-X),OT DYNAMICAL NEUTRAL ATMOSPHERE-IONOSPHERE COUPLING-X (DYNAMIC-X) PHASE A STUDY VIRGINIA POLYTECHNIC INSTITUTE AND STATE UNIVERSITY (VT)/WORK ON THE DEVELOPMENT OF DATA ASSIMILATION SYSTEM WITH THE HAO/NCAR WHOLE ATMOSPHERE COMMUNITY CLIMATE MODEL.,3090 CENTER GREEN DR,,BOULDER,CO,80301,02,BOULDER,CO,80301,02,14000.00,14000.00,both,mirror,
CONT_AWD_80NSSC25PA845_8000_-NONE-_-NONE-,80NSSC25PA845,CONT_AWD_80NSSC25PA845_8000_-NONE-_-NONE-,contract,B,CHAPSVISION AMERICAS INC.,2025-04-08,X,P00001,-220565.99,TERMINATION FOR CONVENIENCE AGREEMENT - SINEQUA CUSTOMER SUCCESS ENGINEERS,SINEQUA CUSTOMER SUCCESS ENGINEERS,251 W 30TH ST,8TH FLOOR,NEW YORK,NY,10001,12,NEW YORK,NY,10001,12,0.00,0.00,description,mirror,
CONT_AWD_80SSC021F0001_8000_80SSC021A0001_8000,80SSC021F0001,CONT_AWD_80SSC021F0001_8000_80SSC021A0001_8000,contract,A,TRILOGY MEDICAL RESOURCES LLC,2025-04-08,M,P00004,0.00,STOP WORK NOTICE ISSUED WITH NOTIFICATION OF INTENT TO TERMINATE FOR CONVENIENCE - PROVIDE COVID-19 RAPID TESTING FOR STENNIS SPACE CENTER.,PROVIDE COVID-19 RAPID TESTING FOR STENNIS SPACE CENTER,952 GREEN MEADOW RD,,BAY SAINT LOUIS,MS,39520,04,STENNIS SPACE CENTER,MS,39529,04,32600.00,32600.00,description,mirror,
CONT_IDV_80HQTR20D0005_8000,80HQTR20D0005,CONT_IDV_80HQTR20D0005_8000,idv,IDV_B_B,SETI INSTITUTE,2025-04-08,M,P00005,0.00,STOP WORK NOTICE ISSUED WITH NOTIFICATION OF INTENT TO TERMINATE FOR CONVENIENCE - PPSS IDIQ PROVIDES MULTIDISCIPLINE TECHNICAL SUPPORT SERVICES THROUGHOUT THE PRODUCT LIFECYCLE OF SPACE FLIGHT HARDWARE.,"PPSS IDIQ - PROVIDES MULTIDISCIPLINE TECHNICAL SUPPORT SERVICES THROUGHOUT THE PRODUCT LIFECYCLE OF SPACE FLIGHT HARDWARE INCLUDING DESIGN, DEVELOPMENT, FABRICATION, INTEGRATION, TESTING, VERIFICATION, AND LAUNCH SITE SUPPORT OPERATIONS.",189 BERNARDO AVE # 100,,MOUNTAIN VIEW,CA,94043,16,,,,,0.00,4700000.00,description,mirror,
CONT_IDV_80KSC020D0016_8000,80KSC020D0016,CONT_IDV_80KSC020D0016_8000,idv,IDV_B_B,"AECOM TECHNICAL SERVICES, INC.",2025-04-08,F,P00007,0.00,"TERMINATION FOR CONVENIENCE (COMPLETE) - PROFESSIONAL CIVIL DESIGN SERVICES AT KENNEDY SPACE CENTER (KSC), AND VARIOUS NASA LOCATIONS, ASSETS, LAUNCH OR LANDING SITES WORLDWIDE.","PROFESSIONAL CIVIL DESIGN SERVICES AT KENNEDY SPACE CENTER (KSC), AND VARIOUS NASA LOCATIONS, ASSETS, LAUNCH OR LANDING SITES WORLDWIDE.",300 S GRAND AVE STE 1100,,LOS ANGELES,CA,90071,34,,,,,0.00,150000000.01,both,mirror,
CONT_IDV_80KSC020D0018_8000,80KSC020D0018,CONT_IDV_80KSC020D0018_8000,idv,IDV_B_B,"JONES, EDMUNDS & ASSOCIATES, INC.",2025-04-08,F,P00009,0.00,"TERMINATION FOR CONVENIENCE (COMPLETE) - PROFESSIONAL CIVIL DESIGN SERVICES AT KENNEDY SPACE CENTER (KSC), AND VARIOUS NASA LOCATIONS, ASSETS, LAUNCH OR LANDING SITES WORLDWIDE.","PROFESSIONAL CIVIL DESIGN SERVICES AT KENNEDY SPACE CENTER (KSC), AND VARIOUS NASA LOCATIONS, ASSETS, LAUNCH OR LANDING SITES WORLDWIDE.",13545 PROGRESS BLVD STE 100,,ALACHUA,FL,32615,03,,,,,0.00,150000000.01,both,mirror,
CONT_AWD_80NM0018F0669_8000_80NM0018D0004_8000,80NM0018F0669,CONT_AWD_80NM0018F0669_8000_80NM0018D0004_8000,contract,C,CALIFORNIA INSTITUTE OF TECHNOLOGY,2025-04-07,M,P00007,0.00,STOP WORK ORDER ISSUED WITH NOTIFICATION OF INTENT TO TERMINATE FOR CONVENIENCE - GEOSTATIONARY CARBON CYCLE OBSERVATORY (GEOCARB) PRE-PHASE A AND PHASE A (87-700073) FOR SMD DIRECTORATE,"GEOSTATIONARY CARBON CYCLE OBSERVATORY (GEOCARB) PRE-PHASE A AND PHASE A THE CONTRACT IS THE SPONSORING AGREEMENT BETWEEN THE NATIONAL AERONAUTICS AND SPACE ADMINISTRATION (NASA) AND THE CALIFORNIA INSTITUTE OF TECHNOLOGY (CONTRACTOR), A PRIVATE NONPROFIT EDUCATIONAL INSTITUTION, WHICH ESTABLISHES THE RELATIONSHIP FOR THE OPERATION OF THE FEDERALLY FUNDED RESEARCH AND DEVELOPMENT CENTER (FFRDC) KNOWN AS THE JET PROPULSION LABORATORY. THE CONTRACTOR, JPL, IS REQUIRED TO PERFORM WORK THAT IS DESIGNATED IN TASK ORDERS ISSUED BY THE NASA MANAGEMENT OFFICE (NMO) CONTRACTING OFFICERS. NASA - SPONSORED WORK: JPL'S PRIMARY MISSION IS TO SUPPORT THE NASA SCIENCE MISSION DIRECTORATE (SMD) IN CARRYING OUT THE SPECIFIC OBJECTIVES IDENTIFIED IN THE SMD SCIENCE PLAN. THE FOUR BROAD SCIENTIFIC AREAS ARE: EARTH SCIENCE, PLANETARY SCIENCE, HELIOPHYSICS, AND ASTROPHYSICS. IN PERFORMANCE OF THIS CONTRACT, JPL SHALL: 1) SUPPLY A BROAD BASE OF SCIENTIFIC AND TECHNICAL CAPABILITIES RELEVANT TO NASA PROGRAM AND PROJECT RESPONSIBILITIES AND ASSIGNMENTS. 2) FOSTER ITS UNIQUE RELATIONSHIP WITH A TOP-TIER UNIVERSITY TO FACILITATE THE INVOLVEMENT OF SCIENTISTS, ENGINEERS, AND STUDENTS FROM THE UNIVERSITY AND RESEARCH COMMUNITIES IN NASA MISSION AND IN SUPPORTING OTHER GOVERNMENT AGENCIES. 3) SUPPORT NASA IN ENABLING PROGRAM AND INSTITUTIONAL CAPABILITIES. 4) DEVELOP SPACECRAFT AND INSTRUMENTS THAT ARE SENT TO VARIOUS DESTINATIONS WITH OUR SOLAR SYSTEM, INCLUDING EARTH ORBIT, PLANETS, PLANETARY SATELLITES, ASTEROIDS, AND COMETS. THESE MISSIONS MAY BE ORBITERS, LANDERS, OR ROVERS, AND TYPICALLY INCLUDE CUTTING-EDGE TECHNOLOGIES REQUIRED TO MEET SCIENTIFIC REQUIREMENTS. 5) PERFORM PROJECT TASKS INVOLVING: (I) AUTONOMOUS DEEP-SPACE, INNER-SPACE AND EARTH-ORBITING SPACECRAFT OR MAJOR SUBSYSTEMS, (II) EXPERIMENTS, INSTRUMENTS, OR OTHER DEVICES WHICH MAY BE CARRIED AS PAYLOAD ON SPACECRAFTS IN MISSIONS MANAGED BY OTHERS, AND/OR (III) GROUND-BASED SYSTEMS. 6) BEYOND ITS PRIMARY MISSION, JPL MAY PERFORM WORK FOR OTHER NASA MISSION DIRECTORATES OR OFFICES. 7) JPL IS ALSO RESPONSIBLE FOR THE OPERATION, RESEARCH, TECHNOLOGY INSERTION, AND MANAGEMENT OF NASA S DEEP SPACE NETWORK TO PROVIDE TELECOMMUNICATION AND OPERATION SERVICES, INCLUDING DATA ACQUISITION AND DATA DELIVERY REQUIRED TO MEET ESTABLISHED AGENCY OBJECTIVES. 8) JPL IS ALSO REQUIRED TO MAINTAIN AND CONDUCT AN EDUCATION PROGRAM IN CLOSE COORDINATION WITH THE NASA HEADQUARTERS EDUCATION OFFICE, THE ACADEMIC COMMUNITY AT LARGE, AND IN SUPPORT TO NASA STRATEGIC OBJECTIVES TO IMPROVE STUDENT RETENTION IN THE SCIENCE, TECHNOLOGY, ENGINEERING, AND MATHEMATICS (STEM) DISCIPLINES. WORK FOR NON-NASA SPONSORS: JPL MAY PERFORM WORK FOR NON-NASA SPONSORS. THIS WORK WILL BE DESIGNATED IN TASK ORDERS ISSUED BY NMO CONTRACTING OFFICERS BASED ON TASK PLANS INITIATED BY THE CONTRACTOR.",4800 OAK GROVE DR,,PASADENA,CA,91109,28,PASADENA,CA,91109,28,906320.78,2098679.00,description,mirror,
CONT_IDV_80HQTR22AA003_8000,80HQTR22AA003,CONT_IDV_80HQTR22AA003_8000,idv,IDV_E,RMA ASSOCIATES LLC,2025-04-03,N,P00005,0.00,LEGAL CONTRACT CANCELLATION - NASA'S ANNUAL FISMA EVALUATION SUPPORT FOR OIG DIRECTORATE,NASA'S FISMA REQUIREMENT - INFORMATION SECURITY PROGRAM AUDIT,1005 N GLEBE RD STE 610,,ARLINGTON,VA,22201,08,,,,,0.00,4500000.00,both,mirror,
CONT_AWD_80NSSC24PA210_8000_-NONE-_-NONE-,80NSSC24PA210,CONT_AWD_80NSSC24PA210_8000_-NONE-_-NONE-,contract,B,UNIBAP SPACE SOLUTIONS AB (PUBL),2025-03-28,F,P00002,-70000.00,STOP WORK NOTICE ISSUED WITH NOTIFICATION OF INTENT TO TERMINATE FOR CONVENIENCE - UNIBAP - OSE-SAT IN-SPACE AUTONOMY TESTBED,UNIBAP - OSE-SAT IN-SPACE AUTONOMY TESTBED,VASTRA AGATAN 16,,UPPSALA,,,,MOUNTAIN VIEW,CA,94035,16,70000.00,70000.00,both,mirror,
CONT_AWD_80NSSC25FA145_8000_GS07F216BA_4732,80NSSC25FA145,CONT_AWD_80NSSC25FA145_8000_GS07F216BA_4732,contract,C,"B/W COLOR PRINTS, LLC",2025-03-25,M,P00001,0.00,STOP WORK NOTICE ISSUED - SERVICE FOR INSTALLATION OF THE SCIENCE ON THE SPHERE SYSTEM,SERVICE FOR INSTALLATION OF THE SCIENCE ON THE SPHERE SYSTEM,8325 OLD MARLBORO PIKE,STE A9,UPPER MARLBORO,MD,20772,05,UPPER MARLBORO,MD,20772,05,10771.00,10771.00,description,mirror,
CONT_AWD_80NSSC22PB703_8000_-NONE-_-NONE-,80NSSC22PB703,CONT_AWD_80NSSC22PB703_8000_-NONE-_-NONE-,contract,B,HO-CHUNK SHARED SERVICES COMPANY,2025-03-24,F,P00003,0.00,STOP WORK NOTICE ISSUED WITH NOTIFICATION OF INTENT TO TERMIATE FOR CONVEINCE - GSFC STRATEGIC ASSESSMENT SUPPORT (GSAS),GSFC STRATEGIC ASSESSMENT SUPPORT (GSAS),1 MISSION DR,,WINNEBAGO,NE,68071,03,WINNEBAGO,NE,68071,03,109953.67,109953.67,both,mirror,
ASST_NON_80NSSC22K1658_080,80NSSC22K1658,ASST_NON_80NSSC22K1658_080,grant,04,CLEVELAND STATE UNIVERSITY,2025-03-21,B,P00003,0.00,TERMINATION FOR CONVENIENCE AGREEMENT- 22-CSDSA22_2-0014 COMMERCIAL SATELLITE DATA ANALYSIS CHARACTERIZING CANOPY CHLOROPHYLL AND PHOTOSYNTHETIC PRODUCTIVITY FOR AGRICULTURAL CROPS AND FOREST MONITORING SUPPORT FOR SMD/ESD DIRECTORATE,IMPROVED MONITORING AND MANAGEMENT OF URBAN TREE EQUITY: INTEGRATING METRICS OF TREE QUALITY WITH TREE COVER,2121 EUCLID AVE,,CLEVELAND,OH,44115,11,CLEVELAND,OH,44115,11,149765.00,,description,mirror,
ASST_NON_80NSSC22K1673_080,80NSSC22K1673,ASST_NON_80NSSC22K1673_080,grant,04,MASSACHUSETTS INSTITUTE OF TECHNOLOGY,2025-03-21,B,P00003,0.00,TERMINATION FOR CONVENIENCE AGREEMENT - EARTH SCIENCE APPLICATIONS: EQUITY AND ENVIRONMENTAL JUSTICE SUPPORT FOR SCIENCE MISSION DIRECTORATE (SMD/ESD),APPLYING THE EVDT INTEGRATED MODELING FRAMEWORK FOR ENVIRONMENTAL JUSTICE APPLICATIONS,77 MASSACHUSETTS AVE,,CAMBRIDGE,MA,02139,07,CAMBRIDGE,MA,02139,07,250000.00,,description,mirror,
ASST_NON_80NSSC22K1675_080,80NSSC22K1675,ASST_NON_80NSSC22K1675_080,grant,04,UNIVERSITY OF TEXAS AT AUSTIN,2025-03-21,B,P00003,0.00,TERMINATION FOR CONVENIENCE AGREEMENT - EARTH SCIENCE APPLICATIONS: EQUITY AND ENVIRONMENTAL JUSTICE SUPPORT FOR SMD/ESD MISSION DIRECTORATE,EO14042 ATX CA3TCH UP: CLIMATE ATLAS FOR ACCOUNTABILITY AND ADVOCACY STRATEGIES THROUGH CO-PRODUCTION WITH HISTORICALLY UNDERSERVED COMMUNITY PARTNERS IN AUSTIN TX,110 INNER CAMPUS DR,,AUSTIN,TX,78712,25,AUSTIN,TX,78712,25,249842.00,,description,mirror,
ASST_NON_80NSSC24K0114_080,80NSSC24K0114,ASST_NON_80NSSC24K0114_080,grant,04,OHIO AEROSPACE INSTITUTE,2025-03-21,B,P00002,0.00,TERMINATION FOR CONVENIENCE AGREEMENT - HERE TO OBSERVE (H2O) - OHIO AND PUERTO RICO SPACE GRANT CONSORTIUMS SUPPORT FOR SCIENCE MISSION DIRECTORATE (SMD/ESD),HERE TO OBSERVE (H2O) - OHIO AND PUERTO RICO SPACE GRANT CONSORTIUMS,22800 CEDAR POINT RD,,BROOK PARK,OH,44142,07,BROOK PARK,OH,44142,07,94143.09,,description,mirror,
ASST_NON_80NSSC24K0177_080,80NSSC24K0177,ASST_NON_80NSSC24K0177_080,grant,04,THE JOHNS HOPKINS UNIVERSITY,2025-03-21,B,P00003,0.00,TERMINATION FOR CONVENIENCE AGREEMENT - INTERDISCIPLINARY RESEARCH IN EARTH SCIENCES SUPPORT FOR SCIENCE MISSION DIRECTORATE (SMD/ESD),22-IDS22-0055 RESOLVING INTRA-URBAN VARIABILITY IN HEAT AND AIR QUALITY FROM SPACE AND THE GROUND: LEVERAGING DIVERSE OBSERVATIONS TO SUPPORT ENVIRONMENTAL JUSTICE,3400 N CHARLES ST,,BALTIMORE,MD,21218,07,BALTIMORE,MD,21218,07,507640.22,,description,mirror,
ASST_NON_80NSSC24K0944_080,80NSSC24K0944,ASST_NON_80NSSC24K0944_080,grant,04,"NATIONAL SOCIETY OF BLACK PHYSICISTS, INC.",2025-03-21,B,P00001,0.00,TERMINATION FOR CONVENIENCE AGREEMENT - TOPICAL WORKSHOPS SYMPOSIUMS AND CONFERENCES SCIENCE MISSION DIRECTORATE (SMD/PLANETARY),24-TWSC24-0014 NSBP/NSHP: STUDENT LEADERSHIP DEVELOPMENT SUMMIT (SLDS) 2024-26,3033 WILSON BLVD STE 700,,ARLINGTON,VA,22201,08,ARLINGTON,VA,22201,08,99751.00,,description,mirror,
ASST_NON_80NSSC24K1232_080,80NSSC24K1232,ASST_NON_80NSSC24K1232_080,grant,04,TRUSTEES OF TUFTS COLLEGE,2025-03-21,B,P00001,0.00,TERMINATION FOR CONVENIENCE AGREEMENT - 23-PIMOVE23-0018 ENVIRONMENTAL JUSTICE & PUBLIC HEALTH: CLIMATE LAND & (HEALTH) OUTCOME OF DENGUE FEVER (CLOUD),ENVIRONMENTAL JUSTICE & PUBLIC HEALTH: CLIMATE LAND & (HEALTH) OUTCOME OF DENGUE FEVER (CLOUD),169 HOLLAND ST,,SOMERVILLE,MA,02144,07,SOMERVILLE,MA,02144,07,169287.92,,description,mirror,
ASST_NON_80NSSC24K1264_080,80NSSC24K1264,ASST_NON_80NSSC24K1264_080,grant,04,UNIVERSITY OF ALASKA FAIRBANKS,2025-03-21,B,P00002,0.00,TERMINATION FOR CONVENIENCE AGREEMENT - BRINGING EDIA TO THE PLANETARY SCIENCES COMMUNITY: A TWO-DAY AG-STYLE MEETING OF THE CROSS-AG EDIA WORKING GROUP,BRINGING EDIA TO THE PLANETARY SCIENCES COMMUNITY: A TWO-DAY AG-STYLE MEETING OF THE CROSS-AG EDIA WORKING GROUP,2145 N TANANA LOOP,,FAIRBANKS,AK,99775,00,FAIRBANKS,AK,99775,00,4718.63,,description,mirror,
ASST_NON_80NSSC24K1612_080,80NSSC24K1612,ASST_NON_80NSSC24K1612_080,grant,04,UNIVERSITY OF TEXAS AT AUSTIN,2025-03-21,B,P00001,0.00,TERMINATION FOR CONVENIENCE AGREEMENT - 23-EARTH23-0422 CLIMATE HARMONY: STUDYING AND INFORMING URBAN CLIMATE EFFORTS IN CENTRAL TEXAS THROUGH THE DEVELOPMENT OF A REGIONAL CLIMATE ATLAS,23-EARTH23-0422 CLIMATE HARMONY: STUDYING AND INFORMING URBAN CLIMATE EFFORTS IN CENTRAL TEXAS THROUGH THE.DEVELOPMENT OF A REGIONAL CLIMATE ATLAS,110 INNER CAMPUS DR,,AUSTIN,TX,78712,25,AUSTIN,TX,78712,25,31233.60,,description,mirror,
ASST_NON_80NSSC24K1845_080,80NSSC24K1845,ASST_NON_80NSSC24K1845_080,grant,04,"NATIONAL SOCIETY OF BLACK PHYSICISTS, INC.",2025-03-21,B,P00003,0.00,TERMINATION FOR CONVENIENCE AGREEMENT - NSBP/NSHP: JOINT ANNUAL CONFERENCES 2024-26,NSBP/NSHP: JOINT ANNUAL CONFERENCES 2024-26,2010 MASSACHUSETTS AVE NW STE 512,,WASHINGTON,DC,20036,98,WASHINGTON,DC,20036,98,299960.00,,description,mirror,
ASST_NON_80NSSC25K7045_080,80NSSC25K7045,ASST_NON_80NSSC25K7045_080,grant,04,KUTZTOWN UNIVERSITY OF PENNSYLVANIA,2025-03-21,B,P00002,0.00,"TERMINATION FOR CONVENIENCE AGREEMENT - THE KUTZTOWN UNIVERSITY'S H2O+H2S ""HERE TO OBSERVE + HERE TO STORYTELL"" PROGRAM WILL USE MISSION SCIENCE AND SCIENTIFIC STORYTELLING AS A STUDENT EXPERIENTIAL LEARNING TOOL TO SCAFFOLD WORKFORCE SKILLS. EACH YEAR THE 10-12 STUDENT OBSERVER COHORT WILL BE COMPOSED OF STEM AND STEM-INTERESTED FRESHMEN SOPHOMORES AND INCOMING TRANSFER STUDENTS FROM INTRODUCTORY COURSES. THE PROGRAM WILL FOCUS ON THOSE STUDENTS NOT TYPICALLY SERVED BY OUTREACH AND ENGAGEMENT PROGRAMS. KUTZTOWN UNIVERSITY HAS AN ESTABLISHED 'LEARNING COMMUNITY' APPROACH WHERE A GROUP OF STUDENTS IS PAIRED WITH FACULTY MENTORS AND MEET ONCE A WEEK AS A PART OF THEIR SCHEDULE. H2O+H2S WILL USE THIS PROGRAM SO STUDENTS ARE SUPPORTED WITH A 1-CREDIT COURSE (1 HOUR PER WEEK) PRESERVING DEDICATED TIME FOR THE STUDENT OBSERVER TO FULFILL THE PROGRAM WITHOUT DISRUPTION TO THEIR ACADEMIC CLASSES OR OVERBURDENING SCHEDULES. THE COURSE WILL INTEGRATE THE HERE TO EXPLORE PROGRAM ACTIVITIES WITH A STUDENT-CREATED SCIENTIFIC NARRATIVE PROJECT BASED ON SHARING THE MISSION SCIENCE. THE STUDENTS OBSERVERS WILL DEVELOP A SHORT AUDIO/VIDEO STORYTELLING PROJECT ABOUT THE NASA MISSION. RESEARCH SHOWS THAT INTEGRATING STORYTELLING OR NARRATIVE TECHNIQUES PROVIDES POWERFUL ACCESS FOR STUDENTS OF DIVERSE BACKGROUNDS TO CONNECT WITH SCIENCE. TWO STUDENTS FROM PREVIOUS COHORTS WILL SERVE AS PEER MENTORS. SCAFFOLDING EXPERIENCES WILL INCLUDE THE NASA-LED H2O ACTIVITIES FIELDTRIPS PROFESSIONAL MEETING ATTENDANCE AND MENTORSHIP THROUGH-OUT THE YEAR. THE H2O + H2S PROGRAM FOCUSES ON CREATING PRODUCTS THAT ARTICULATE WORKFORCE SKILLS ON STUDENT RESUMES. THIS DIRECTLY SUPPORTS ENHANCED STUDENT SUCCESS WHEN APPLYING FOR FUTURE INTERNSHIPS GRADUATE SCHOOL AND INDUSTRY JOBS.",HERE TO OBSERVE (H2O) + HERE TO STORYTELL (H2S),15200 KUTZTOWN RD,,KUTZTOWN,PA,19530,04,KUTZTOWN,PA,19530,04,74992.00,,description,mirror,
CONT_AWD_80ARC023CA004_8000_-NONE-_-NONE-,80ARC023CA004,CONT_AWD_80ARC023CA004_8000_-NONE-_-NONE-,contract,D,THE TRUSTEES OF COLUMBIA UNIVERSITY IN THE CITY OF NEW YORK,2025-03-21,F,P00004,0.00,TERMINATION FOR CONVENIENCE - CONTRACT TO EXTEND LONGEVITY OF 3D TISSUES AND MICROPHYSIOLOGICAL SYSTEMS FOR MODELING OF ACUTE AND CHRONIC EXPOSURES TO STRESSORS IN SUPPORT OF HQ/SMD.,CONTRACT FOR RESEARCH AND DEVELOPMENT WORK TO EXTENDED LONGEVITY OF 3D TISSUES AND MICROPHYSIOLOGICAL SYSTEMS FOR MODELING OF ACUTE AND CHRONIC EXPOSURES TO STRESSORS.,630 W 168TH ST FL 4,,NEW YORK,NY,10032,13,STANFORD,CA,94305,16,2000000.00,2000000.00,both,mirror,
CONT_AWD_80GSFC23CA041_8000_-NONE-_-NONE-,80GSFC23CA041,CONT_AWD_80GSFC23CA041_8000_-NONE-_-NONE-,contract,D,AUTONOMIC INTEGRA LLC,2025-03-21,M,P00018,0.00,REMOVAL OF CLAUSES/DRDS IAW EO 14148 - STOP WORK NOTICE ISSUED WITH NOTIFICATION OF INTENT TO DE-SCOPE- THE CLIMATE CHANGE RESEARCH INITIATIVE (CCRI) UNDER THE GODDARD INSTITUTE FOR SPACE STUDIES (GISS) CONTRACT FOR THE EARTH SCIENCES DIRECTORATE.,"THE PURPOSE OF THIS CONTRACT IS TO ACQUIRE SCIENTIFIC SUPPORT AND RELATED SERVICES FOR THE GISS FACILITY IN NEW YORK CITY, NY.","101 LAKEFOREST BLVD, STE 375",,GAITHERSBURG,MD,20877,06,NEW YORK,NY,10025,13,14272022.47,21134122.31,description,mirror,
CONT_AWD_80HQTR24F0064_8000_80MSFC21D0009_8000,80HQTR24F0064,CONT_AWD_80HQTR24F0064_8000_80MSFC21D0009_8000,contract,C,"BARRIOS TECHNOLOGY, LLC",2025-03-21,M,P00003,0.00,STOP WORK NOTICE ISSUED WITH NOTIFICATION OF INTENT TO TERMINATE FOR CONVENIENCE - MSD RISK MANAGEMENT,COORDINATE AND SUPPORT THE UTILIZATION OF MSDS RISK MANAGEMENT PLAN AND AGENCY PROCEDURAL DOCUMENTS AND PROVIDE ANALYSIS AND RECOMMENDATION SUPPORT TO ASSIST WITH MSD RISK MANAGEMENT.,13100 SPACE CENTER BLVD,STE 650,HOUSTON,TX,77059,36,HOUSTON,TX,77059,36,129377.08,129377.08,description,mirror,
CONT_AWD_80HQTR24F0073_8000_80MSFC21D0009_8000,80HQTR24F0073,CONT_AWD_80HQTR24F0073_8000_80MSFC21D0009_8000,contract,C,"BARRIOS TECHNOLOGY, LLC",2025-03-21,M,P00001,0.00,STOP WORK NOTICE ISSUED WITH NOTIFICATION OF INTENT TO TERMINATE FOR CONVENIENCE - ESDMD INTEGRATION AND ADMINISTRATIVE SUPPORT.,PROVIDE PRIMARY INTEGRATION AND ADMINISTRATIVE SUPPORT TO THE ESDMD MOON TO MARS (M2M) PROGRAM PLANNING & CONTROL (PP&C) OFFICE,13100 SPACE CENTER BLVD,STE 650,HOUSTON,TX,77059,36,HOUSTON,TX,77059,36,74496.90,74496.90,description,mirror,
CONT_AWD_80KSC024F0043_8000_80KSC021A0007_8000,80KSC024F0043,CONT_AWD_80KSC024F0043_8000_80KSC021A0007_8000,contract,A,"THE PERFORMANCE KNOWLEDGE GROUP, LLC",2025-03-21,M,P00003,0.00,STOP WORK NOTICE ISSUED WITH NOTIFICATION OF INTENT TO TERMINATE FOR CONVENIENCE - STRATEGIC MANAGEMENT SUPPORT SERVICES (SMSS) TASK ORDER FOR LAUNCH SERVICES PROGRAM (LSP).,STRATEGIC MANAGEMENT SUPPORT SERVICES (SMSS) TASK ORDER FOR LSP.,1324 SWIFT CREEK WAY,,WINTER SPRINGS,FL,32708,07,SANFORD,FL,32771,07,137213.00,137213.00,description,mirror,
CONT_AWD_80KSC024F0044_8000_80KSC021A0007_8000,80KSC024F0044,CONT_AWD_80KSC024F0044_8000_80KSC021A0007_8000,contract,A,"THE PERFORMANCE KNOWLEDGE GROUP, LLC",2025-03-21,M,P00001,0.00,STOP WORK NOTICE ISSUED WITH NOTIFICATION OF INTENT TO TERMINATE FOR CONVENIENCE _STRATEGIC MANAGEMENT SUPPORT SERVICES (SMSS) TASK ORDER FOR LAUNCH SERVICES PROGRAM (EGS),STRATEGIC MANAGEMENT SUPPORT SERVICES (SMSS) TASK ORDER FOR EXPLORATION GROUND SUPPORT (EGS),1324 SWIFT CREEK WAY,,WINTER SPRINGS,FL,32708,07,SANFORD,FL,32771,07,77219.10,77219.10,description,mirror,
CONT_AWD_80KSC024F0045_8000_80KSC021A0007_8000,80KSC024F0045,CONT_AWD_80KSC024F0045_8000_80KSC021A0007_8000,contract,A,"THE PERFORMANCE KNOWLEDGE GROUP, LLC",2025-03-21,M,P00001,0.00,"STOP WORK NOTICE ISSUED WITH NOTIFICATION OF INTENT TO TERMINATE FOR CONVENIENCE - STRATEGIC MANAGEMENT SUPPORT SERVICES (SMSS) TASK ORDER FOR CENTER ENGINEERING, SAFETY AND OPERATIONS (CESO)",STRATEGIC MANAGEMENT SUPPORT SERVICES (SMSS) BPA FOR CESO.,1324 SWIFT CREEK WAY,,WINTER SPRINGS,FL,32708,07,SANFORD,FL,32771,07,38535.00,38535.00,description,mirror,
CONT_AWD_80LARC19F0086_8000_NNL15AA02B_8000,80LARC19F0086,CONT_AWD_80LARC19F0086_8000_NNL15AA02B_8000,contract,C,CORNELL TECHNICAL SERVICES LLC,2025-03-21,C,P00003,-786.08,"MANAGEMENT, COST AND SCHEDULE EVALUATION SUPPORT FOR THE RADIATION BUDGET INSTRUMENT (RBI) TERMINATION SETTLEMENT COST PROPOSAL.","MANAGEMENT, COST AND SCHEDULE EVALUATION SUPPORT FOR THE RADIATION BUDGET INSTRUMENT (RBI) TERMINATION SETTLEMENT COST PROPOSAL.",9700 PATUXENT WOODS DR,,COLUMBIA,MD,21046,03,HAMPTON,VA,23681,03,28341.92,58741.00,description,mirror,
CONT_IDV_80KSC021A0007_8000,80KSC021A0007,CONT_IDV_80KSC021A0007_8000,idv,IDV_E,"THE PERFORMANCE KNOWLEDGE GROUP, LLC",2025-03-21,F,P00006,0.00,TERMINATE FOR CONVENIENCE AGREEMENT - STRATEGIC MANAGEMENT SUPPORT SERVICES FOR MULTIPLE CUSTOMERS.,BLANKET PURCHASE AGREEMENT FOR STRATEGIC MANAGEMENT SUPPORT SERVICES (SMSS).,1324 SWIFT CREEK WAY,,WINTER SPRINGS,FL,32708,07,,,,,0.00,1900000.00,both,mirror,
CONT_AWD_80HQTR24FA038_8000_80HQTR24AA006_8000,80HQTR24FA038,CONT_AWD_80HQTR24FA038_8000_80HQTR24AA006_8000,contract,A,"CROWN INNOVATIONS, INC.",2025-03-20,M,P00002,0.00,"STOP WORK NOTICE ISSUED WITH NOTIFICATION OF INTENT TO TERMINATE FOR CONVIENCE - DATA VISUALIZATION OF PERFORMANCE RATINGS AERONAUTICS RESEARCH MISSION DIRECTORATE, OFFICE OF THE ASSOCIATE ADMINISTRATOR","DATA VISUALIZATION OF PERFORMANCE RATINGS AERONAUTICS RESEARCH MISSION DIRECTORATE, OFFICE OF THE ASSOCIATE ADMINISTRATOR",1530 WILSON BLVD STE 900,,ARLINGTON,VA,22209,08,ARLINGTON,VA,22209,08,136646.85,136646.85,description,mirror,
CONT_AWD_80NSSC24PA753_8000_-NONE-_-NONE-,80NSSC24PA753,CONT_AWD_80NSSC24PA753_8000_-NONE-_-NONE-,contract,B,KEYSIGHT TECHNOLOGIES INC,2025-03-19,F,P00001,0.00,TERMINATION FOR CONVENIENCE AGREEMENT ---- LICENSE MAINTENANCE FOR GENESYS,LICENSE MAINTENANCE FOR GENESYS,1900 GARDEN OF THE GODS RD,,COLORADO SPRINGS,CO,80907,05,COLORADO SPRINGS,CO,80907,05,33662.52,33662.52,both,mirror,
CONT_IDV_80NSSC23AA019_8000,80NSSC23AA019,CONT_IDV_80NSSC23AA019_8000,idv,IDV_E,JONES AND COMPANY PROFESSIONAL CORPORATION,2025-03-18,F,P00001,0.00,TERMINATION FOR CONVENIENCE AGREEMENT - AUDIT SERVICES,AUDIT SERVICES,515 S FLOWER STREET 18TH FLOOR,,LOS ANGELES,CA,90071,34,,,,,0.00,250000.00,both,mirror,
CONT_AWD_80HQTR21F0124_8000_GS10F0100T_4730,80HQTR21F0124,CONT_AWD_80HQTR21F0124_8000_GS10F0100T_4730,contract,C,"OVERLOOK SYSTEMS TECHNOLOGIES, INC.",2025-03-17,M,P00022,0.00,STOP WORK NOTICE ISSUED WITH NOTIFICATION OF INTENT TO TERMINATE FOR CONVENIENCE - POLICY AND STRATEGIC COMMUNICATIONS (PSC) SUPPORT FOR NASA SPACE COMMUNICATIONS AND NAVIGATION (SCAN) PROGRAM.,"THE CONTRACTOR SHALL PROVIDE A BROAD RANGE OF SPECIALIZED PROGRAMMATIC AND SYSTEM ENGINEERING SUPPORT, TECHNICAL ANALYSES, AND RISK ASSESSMENTS WITH RESPECT TO NASA ACTIVITIES.",1950 OLD GALLOWS RD,,VIENNA,VA,22182,11,VIENNA,VA,22182,11,2472244.00,4390931.61,description,mirror,
CONT_AWD_80NSSC24PA710_8000_-NONE-_-NONE-,80NSSC24PA710,CONT_AWD_80NSSC24PA710_8000_-NONE-_-NONE-,contract,B,"EMP CONSULTANTS, LLC",2025-03-17,F,P00001,0.00,TERMINATION FOR CONVENIENCE AGREEMENT - NOVICE LICENSE RENEWAL,NOVICE LICENSE RENEWAL,10 TRIPLE CROWN CT,,NORTH POTOMAC,MD,20878,08,NORTH POTOMAC,MD,20878,08,45960.00,45960.00,both,mirror,
CONT_AWD_80NSSC24PA923_8000_-NONE-_-NONE-,80NSSC24PA923,CONT_AWD_80NSSC24PA923_8000_-NONE-_-NONE-,contract,B,KEYSIGHT TECHNOLOGIES INC,2025-03-17,F,P00001,0.00,TERMINATION FOR CONVENIENCE AGREEMENT - RENEW SOFTWARE LICENSE FOR ADS,RENEW SOFTWARE LICENSE FOR ADS,1900 GARDEN OF THE GODS RD,,COLORADO SPRINGS,CO,80907,05,COLORADO SPRINGS,CO,80907,05,10152.96,10152.96,both,mirror,
CONT_AWD_80HQTR25FA007_8000_80HQTR24AA005_8000,80HQTR25FA007,CONT_AWD_80HQTR25FA007_8000_80HQTR24AA005_8000,contract,A,SCIENCE APPLICATIONS INTERNATIONAL CORPORATION,2025-03-14,M,P00003,0.00,"STOP WORK NOTICE ISSUED WITH NOTIFICATION OF INTENT TO TERMINATE FOR CONVIENCE - REVIEW, VALIDATE, AND ADVISE ON DRAFT PLAN, MESSAGING AND BRANDING OF THE PLAN, PLAN IMPLEMENTATION ANALYSIS AND RECOMMENDATIONS, ROLLOUT & METRICS","REVIEW, VALIDATE, AND ADVISE ON DRAFT PLAN, MESSAGING AND BRANDING OF THE PLAN, PLAN IMPLEMENTATION ANALYSIS AND RECOMMENDATIONS, ROLLOUT & METRICS","12010, SUNSET HILLS ROAD",,RESTON,VA,20190,11,RESTON,VA,20190,11,865076.75,865076.75,description,mirror,
CONT_AWD_80HQTR24F0046_8000_80MSFC21D0009_8000,80HQTR24F0046,CONT_AWD_80HQTR24F0046_8000_80MSFC21D0009_8000,contract,C,"BARRIOS TECHNOLOGY, LLC",2025-03-13,M,P00002,0.00,"STOP WORK NOTICE ISSUED WITH NOTIFICATION OF INTENT TO TERMINATE FOR CONVENIENCE - STRATEGIC PLANNING, ANALYSIS, AND PROGRAMMATIC SUPPORT FOR.PLANETARY SCIENCES DIVISION.HQ SCIENCE MISSION DIRECTORATE","STRATEGIC PLANNING, ANALYSIS, AND PROGRAMMATIC SUPPORT FOR.PLANETARY SCIENCES DIVISION.HQ SCIENCE MISSION DIRECTORATE",13100 SPACE CENTER BLVD,STE 650,HOUSTON,TX,77059,36,HOUSTON,TX,77059,36,226082.84,261854.32,description,mirror,
CONT_AWD_80HQTR24F0070_8000_80MSFC21D0009_8000,80HQTR24F0070,CONT_AWD_80HQTR24F0070_8000_80MSFC21D0009_8000,contract,C,"BARRIOS TECHNOLOGY, LLC",2025-03-13,M,P00001,0.00,"STOP WORK NOTICE ISSUED WITH NOTIFICATION OF INTENT TO TERMINATE FOR CONVENIENCE- ODEO MISSION SUPPORT ENTERPRISE OFFICES. SUPPORTING THE CIVIL RIGHTS COMPLAINT PROCESS, ADJUDICATION PROCEDURES, COMPLIANCE ACTIVITIES, A CIVIL RIGHTS COMPLIANCE.","WILL PLAY A CRUCIAL ROLE IN SUPPORTING THE CIVIL RIGHTS COMPLAINT PROCESS, ADJUDICATION PROCEDURES, COMPLIANCE ACTIVITIES, AND DEVELOPMENT OF A NEWSLETTER REGARDING CIVIL RIGHTS COMPLIANCE.",13100 SPACE CENTER BLVD,STE 650,HOUSTON,TX,77059,36,HOUSTON,TX,77059,36,112312.76,122312.76,description,mirror,
CONT_AWD_80HQTR24F0071_8000_80MSFC21D0009_8000,80HQTR24F0071,CONT_AWD_80HQTR24F0071_8000_80MSFC21D0009_8000,contract,C,"BARRIOS TECHNOLOGY, LLC",2025-03-13,M,P00001,0.00,STOP WORK NOTICE ISSUED WITH NOTIFICATION OF INTENT TO TERMINATE FOR CONVENIENCE-ODEO MISSION SUPPORT ENTERPRISE OFFICES. ..LEVERAGING THE EXPERTISE OF AN ..ADMINISTRATIVE OPERATIONS SPECIALIST.,THE PROJECT AIMS TO ENHANCE ADMINISTRATIVE OPERATIONS ..AND OPTIMIZE EFFICIENCY WITHIN ODEO BY ..LEVERAGING THE EXPERTISE OF AN ..ADMINISTRATIVE OPERATIONS SPECIALIST.,13100 SPACE CENTER BLVD,STE 650,HOUSTON,TX,77059,36,HOUSTON,TX,77059,36,82838.19,82838.19,description,mirror,
CONT_AWD_80HQTR24F0072_8000_80MSFC21D0009_8000,80HQTR24F0072,CONT_AWD_80HQTR24F0072_8000_80MSFC21D0009_8000,contract,C,"BARRIOS TECHNOLOGY, LLC",2025-03-13,M,P00001,0.00,"STOP WORK NOTICE ISSUED WITH NOTIFICATION OF INTENT TO TERMINATE FOR CONVENIENCE-PROVIDES DATA AND EVIDENCE-DRIVEN ADVICE TO NASA LEADERSHIP TO ASSURE AN INTEGRATED ENTERPRISE APPROACH TO TECHNOLOGY, POLICY, AND STRATEGY.","PROVIDES DATA AND EVIDENCE-DRIVEN ADVICE TO NASA LEADERSHIP TO ASSURE AN INTEGRATED ENTERPRISE APPROACH TO TECHNOLOGY, POLICY, AND STRATEGY.",13100 SPACE CENTER BLVD,STE 650,HOUSTON,TX,77059,36,HOUSTON,TX,77059,36,177017.05,177017.05,description,mirror,
CONT_AWD_80HQTR24F0074_8000_80MSFC21D0009_8000,80HQTR24F0074,CONT_AWD_80HQTR24F0074_8000_80MSFC21D0009_8000,contract,C,"BARRIOS TECHNOLOGY, LLC",2025-03-13,M,P00001,0.00,STOP WORK NOTICE ISSUED WITH NOTIFICATION OF INTENT TO TERMINATE FOR CONVENIENCE- ODEO MISSION SUPPORT ENTERPRISE OFFICES. WILL BE RESPONSIBLE FOR OVERSEEING AND MANAGING THE SUCCESSFUL EXECUTION OF THE FOLLOWING SPECIAL PROJECTS:,WILL BE RESPONSIBLE FOR OVERSEEING AND MANAGING THE SUCCESSFUL EXECUTION OF THE FOLLOWING SPECIAL PROJECTS:,13100 SPACE CENTER BLVD,STE 650,HOUSTON,TX,77059,36,HOUSTON,TX,77059,36,82838.19,82838.19,description,mirror,
CONT_IDV_80NSSC24AA011_8000,80NSSC24AA011,CONT_IDV_80NSSC24AA011_8000,idv,IDV_E,DELOITTE CONSULTING LLP,2025-03-13,F,P00004,0.00,TERMINATION FOR CONVENIENCE AGREEMENT - CHANGE MANAGEMENT SUPPORT SERVICE BPAS FOR NASA ADMINISTRATIVE SUITE.,THIS BLANKET PURCHASE AGREEMENT (BPA) IS FOR NASA CHANGE MANAGEMENT SUPPORT SERVICES,1919 N LYNN ST,,ARLINGTON,VA,22209,08,,,,,0.00,15000000.00,both,mirror,
CONT_IDV_80NSSC24AA012_8000,80NSSC24AA012,CONT_IDV_80NSSC24AA012_8000,idv,IDV_E,GUIDEHOUSE INC.,2025-03-13,F,P00004,0.00,TERMINATION FOR CONVENIENCE AGREEMENT - CHANGE MANAGEMENT SUPPORT SERVICE BPAS FOR NASA ADMINISTRATIVE SUITE.,HIS BLANKET PURCHASE AGREEMENT (BPA) IS FOR NASA CHANGE MANAGEMENT SUPPORT SERVICES,1676 INTERNATIONAL DR STE 800,,MC LEAN,VA,22102,11,,,,,0.00,15000000.00,both,mirror,
CONT_IDV_80NSSC24AA013_8000,80NSSC24AA013,CONT_IDV_80NSSC24AA013_8000,idv,IDV_E,"MCKINSEY & COMPANY, INC. WASHINGTON D.C.",2025-03-13,F,P00004,0.00,TERMINATION FOR CONVENIENCE AGREEMENT - CHANGE MANAGEMENT SUPPORT SERVICE BPA'S FOR NASA ADMINISTRATIVE SUITE.,THIS BLANKET PURCHASE AGREEMENT (BPA) IS FOR NASA CHANGE MANAGEMENT SUPPORT SERVICES,1200 19TH ST NW STE 1000,,WASHINGTON,DC,20036,98,,,,,0.00,15000000.00,both,mirror,
CONT_IDV_80NSSC24AA015_8000,80NSSC24AA015,CONT_IDV_80NSSC24AA015_8000,idv,IDV_E,BOOZ ALLEN HAMILTON INC,2025-03-13,F,P00004,0.00,TERMINATION FOR CONVENIENCE AGREEMENT - CHANGE MANAGEMENT SUPPORT SERVICE BPSS FOR NASA ADMINISTRATIVE SUITE.,THIS BLANKET PURCHASE AGREEMENT (BPA) IS FOR NASA CHANGE MANAGEMENT SUPPORT SERVICES,8283 GREENSBORO DR,,MCLEAN,VA,22102,11,,,,,0.00,15000000.00,both,mirror,
CONT_AWD_80NSSC24PC394_8000_-NONE-_-NONE-,80NSSC24PC394,CONT_AWD_80NSSC24PC394_8000_-NONE-_-NONE-,contract,B,PARTNERSHIP FOR PUBLIC SERVICE INC,2025-03-11,F,P00001,0.00,TERMINATION FOR CONVENIENCE AGREEMENT - PARTNERSHIP FOR PUBLIC SERVICE. MEMBERSHIP IN THE FEDERAL HUMAN CAPITAL COLLABORATIVE,PARTNERSHIP FOR PUBLIC SERVICE. MEMBERSHIP IN THE FEDERAL HUMAN CAPITAL COLLABORATIVE,600 14TH ST NW,STE 600,WASHINGTON,DC,20005,98,WASHINGTON,DC,20005,98,28750.00,28750.00,both,mirror,
CONT_IDV_80HQTR21AA001_8000,80HQTR21AA001,CONT_IDV_80HQTR21AA001_8000,idv,IDV_E,AIRBUS DS GEO INC.,2025-03-11,F,P00004,0.00,CANCELLATION - NO LONGER REQUIRED COMMERCIAL SMALLSAT DATA ACQUISITION PROGRAM (CSDAP)THE CONTRACTOR SHALL BE RESPONSIBLE FOR DELIVERY OF A COMPREHENSIVE CATALOGUE OF THE SYNTHETIC APERTURE RADAR (SAR) EARTH OBSERVATION DATA PRODUCTS.,COMMERCIAL SMALLSAT DATA ACQUISITION PROGRAM (CSDAP) THE CONTRACTOR SHALL BE RESPONSIBLE FOR DELIVERY OF A COMPREHENSIVE CATALOGUE OF THE SYNTHETIC APERTURE RADAR (SAR) EARTH OBSERVATION DATA PRODUCTS.,2550 WASSER TER STE 9100,STE 9100,HERNDON,VA,20171,11,,,,,0.00,1.00,action_code,mirror,
CONT_IDV_80HQTR21AA002_8000,80HQTR21AA002,CONT_IDV_80HQTR21AA002_8000,idv,IDV_E,"BLACKSKY GEOSPATIAL SOLUTIONS, LLC",2025-03-11,N,P00005,0.00,LEGAL CONTRACT CANCELLATION - NO LONGER REQUIRED COMMERCIAL SMALLSAT DATA ACQUISITION PROGRAM (CSDAP) EARTH SCIENCES DIVISION,COMMERCIAL SMALLSAT DATA ACQUISITION PROGRAM (CSDAP),2411 DULLES CORNER PARK STE 300,,HERNDON,VA,20171,11,,,,,0.00,1.00,both,mirror,
CONT_IDV_80HQTR22AA009_8000,80HQTR22AA009,CONT_IDV_80HQTR22AA009_8000,idv,IDV_E,GHGSAT INCORPORATED,2025-03-11,F,P00003,0.00,CANCELLATION - NO LONGER REQUIRED COMMERCIAL SMALLSAT DATA ACQUISITION (CSDA) PROGRAM - EARTH SCIENCES DIVISION,"COMMERCIAL SMALLSAT DATA ACQUISITION (CSDA) PROGRAM, BLANKET PURCHASE AGREEMENT FOR HIGH RESOLUTION GAS DETECTION, COMMERCIAL EARTH OBSERVATION DATA",3981 BOUL SAINT-LAURENT BUREAU 500,,MONTREAL,,,,,,,,0.00,1.00,action_code,mirror,
CONT_IDV_80HQTR23AA001_8000,80HQTR23AA001,CONT_IDV_80HQTR23AA001_8000,idv,IDV_E,"GEOOPTICS, INC.",2025-03-11,N,P00006,0.00,LEGAL CONTRACT CANCELLATION - NO LONGER REQUIRED COMMERCIAL SMALLSAT DATA ACQUISITION (CSDA) PROGRAM - EARTH SCIENCES DIVISION,"COMMERCIAL SMALLSAT DATA ACQUISITION (CSDA) PROGRAM, BLANKET PURCHASE AGREEMENT FOR HIGH RESOLUTION RADIO OCCULTATION (RO) COMMERCIAL EARTH OBSERVATION DATA",201 N ORANGE GROVE BLVD STE 503,,PASADENA,CA,91103,30,,,,,0.00,1.00,both,mirror,
CONT_IDV_80HQTR23AA002_8000,80HQTR23AA002,CONT_IDV_80HQTR23AA002_8000,idv,IDV_E,CAPELLA SPACE CORPORATION,2025-03-11,N,P00005,0.00,LEGAL CONTRACT CANCELLATION - NO LONGER REQUIRED COMMERCIAL SMALLEST DATA ACQUISITION (CSDA) PROGRAM - EARTH SCIENCES DIVISION,"COMMERCIAL SMALLSAT DATA ACQUISITION ON-RAMP 3, BLANKET PURCHASE AGREEMENT FOR HIGH RESOLUTION SYNTHETIC APERTURE RADAR (SAR) (0.5M TO 1.2M) COMMERCIAL EARTH OBSERVATION DATA",450 SHOTWELL ST,,SAN FRANCISCO,CA,94110,11,,,,,0.00,0.01,both,mirror,
CONT_IDV_80HQTR23AA003_8000,80HQTR23AA003,CONT_IDV_80HQTR23AA003_8000,idv,IDV_E,"ICEYE US, INC",2025-03-11,N,P00003,0.00,LEGAL CONTRACT CANCELLATION - NO LONGER REQUIRED COMMERCIAL SMALLSAT DATA ACQUISITION (CSDA) PROGRAM - EARTH SCIENCES DIVISION,"COMMERCIAL SMALLSAT DATA ACQUISITION ONRAMP 3, BLANKET PURCHASE AGREEMENT FOR HIGH RESOLUTION SYNTHETIC APERTURE RADAR (SAR) (1 M TO 15 M) COMMERCIAL EARTH OBSERVATION DATA",70 DISCOVERY,,IRVINE,CA,92618,47,,,,,0.00,0.01,both,mirror,
CONT_AWD_80NSSC25FA034_8000_47QRAA19D006N_4732,80NSSC25FA034,CONT_AWD_80NSSC25FA034_8000_47QRAA19D006N_4732,contract,C,"TECHPRIDE, INC.",2025-03-10,F,P00002,-174236.00,"TERMINATION FOR CONVENIENCE AGREEMENT - CONSULTING SERVICES TO FACILITATE PROGRAM ALIGNMENT TO LONG-TERM STRATEGIC VISION, ORGANIZATIONAL DEVELOPMENT, AND SKILL BUILDING","CONSULTING SERVICES TO FACILITATE PROGRAM ALIGNMENT TO LONG-TERM STRATEGIC VISION, ORGANIZATIONAL DEVELOPMENT, AND SKILL BUILDING",1750 KRAFT DR STE 1504,,BLACKSBURG,VA,24060,09,BLACKSBURG,VA,24060,09,75664.00,75664.00,both,mirror,
CONT_AWD_80NSSC23PB368_8000_-NONE-_-NONE-,80NSSC23PB368,CONT_AWD_80NSSC23PB368_8000_-NONE-_-NONE-,contract,B,PACIFIC RESEARCH & EVALUATION LLC,2025-03-06,F,P00001,0.00,TERMINATION FOR CONVENIENCE AGREEMENT -- AUDIENCE EVALUATION OF ENGAGEMENT CONTENT AND MATERIALS,AUDIENCE EVALUATION OF ENGAGEMENT CONTENT AND MATERIALS,3507 S CORBETT AVE,,PORTLAND,OR,97239,01,PORTLAND,OR,97239,01,183337.00,183337.00,both,mirror,
CONT_AWD_80NSSC24PC049_8000_-NONE-_-NONE-,80NSSC24PC049,CONT_AWD_80NSSC24PC049_8000_-NONE-_-NONE-,contract,B,SOCIETY OF WOMEN ENGINEERS,2025-03-06,F,P00002,0.00,TERMINATION FOR CONVENIENCE AGREEMENT - SOCIETY OF WOMEN ENGINEERS (SWE) CORPORATE PARTNERSHIP COUNCIL AND PARTICIPATION IN ASSOCIATED RECRUITING EVENTS,SOCIETY OF WOMEN ENGINEERS (SWE) CORPORATE PARTNERSHIP COUNCIL AND PARTICIPATION IN ASSOCIATED RECRUITING EVENTS,130 E RANDOLPH STREET 3500,,CHICAGO,IL,60601,07,CHICAGO,IL,60601,07,33100.00,33100.00,both,mirror,
CONT_AWD_80HQTR23FA044_8000_80GSFC23DA004_8000,80HQTR23FA044,CONT_AWD_80HQTR23FA044_8000_80GSFC23DA004_8000,contract,C,"CHENEGA GLOBAL PROTECTION, LLC",2025-02-27,F,P00005,-136103.40,TERMINATION FOR CONVENIENCE AGREEMENT- EARTH INFORMATION CENTER (EIC) SUPPORT FOR NASA OFFICE OF PROTECTIVE SERVICES,NASA HQ PROTECTIVE SERVICE- SECURITY POLICE OFFICER POST- EAST LOBBY- EARTH INFORMATION CENTER (EIC),14420 ALBEMARLE POINT PL STE 100,,CHANTILLY,VA,20151,11,WASHINGTON,DC,20546,98,231345.20,231345.20,both,mirror,
CONT_AWD_80TECH25PA010_8000_-NONE-_-NONE-,80TECH25PA010,CONT_AWD_80TECH25PA010_8000_-NONE-_-NONE-,contract,B,BRUKER SCIENTIFIC LLC,2025-02-26,F,P00001,-368683.92,VERTEX 80V SPECTROMETER,VERTEX 80V SPECTROMETER,40 MANNING RD,,BILLERICA,MA,01821,03,GREENBELT,MD,20771,04,0.00,0.00,action_code,mirror,
CONT_AWD_80NSSC23FA279_8000_GS10F0331M_4730,80NSSC23FA279,CONT_AWD_80NSSC23FA279_8000_GS10F0331M_4730,contract,C,CREATIVE SOLUTIONS INTERNATIONAL COPORATION,2025-02-20,F,P00003,-6154.45,TERMINATION FOR CONVENIENCE AGREEMENT - CREATIVE SOLUTIONS CONSULTING SERVICES (DEBORAH KLOTZ) IN SUPPORT OF THE OCIO TRANSFORMATION PROJECT.,CREATIVE SOLUTIONS CONSULTING SERVICES (DEBORAH KLOTZ) IN SUPPORT OF THE OCIO TRANSFORMATION PROJECT.,3516 6TH S ST,,ARLINGTON,VA,22204,08,ARLINGTON,VA,22204,08,138793.75,138793.75,both,mirror,
CONT_AWD_80NSSC24PC331_8000_-NONE-_-NONE-,80NSSC24PC331,CONT_AWD_80NSSC24PC331_8000_-NONE-_-NONE-,contract,B,"ELI GROUP, LLC",2025-02-19,F,P00001,0.00,TERMINATION FOR CONVENIENCE AGREEMENT - EXECUTIVE LEADERSHIP IMPACT,EXECUTIVE LEADERSHIP IMPACT,3904 IMMEL DR,,FLOWER MOUND,TX,75022,26,FLOWER MOUND,TX,75022,26,27500.00,27500.00,both,mirror,
CONT_AWD_80NSSC24PA609_8000_-NONE-_-NONE-,80NSSC24PA609,CONT_AWD_80NSSC24PA609_8000_-NONE-_-NONE-,contract,B,"POLITICO, LLC",2025-02-18,F,P00001,0.00,TERMINATION FOR CONVENIENCE AGREEMENT - POLITICO PRO AGREEMENT FOR OCFO,POLITICO PRO AGREEMENT FOR OCFO,1000 WILSON BLVD FL 8,,ARLINGTON,VA,22209,08,ARLINGTON,VA,22209,08,10600.00,10600.00,both,mirror,
CONT_AWD_80NSSC24PA723_8000_-NONE-_-NONE-,80NSSC24PA723,CONT_AWD_80NSSC24PA723_8000_-NONE-_-NONE-,contract,B,"POLITICO, LLC",2025-02-18,F,P00001,0.00,TERMINATION FOR CONVENIENCE AGREEMENT - RENEWAL FOR POLITICO PRO SERVICE FOR OLIA,RENEWAL FOR POLITICO PRO SERVICE FOR OLIA,1000 WILSON BLVD FL 8,,ARLINGTON,VA,22209,08,ARLINGTON,VA,22209,08,202600.00,202600.00,both,mirror,
CONT_AWD_80MSFC20C0050_8000_-NONE-_-NONE-,80MSFC20C0050,CONT_AWD_80MSFC20C0050_8000_-NONE-_-NONE-,contract,D,SPATIAL INFORMATICS GROUP LLC,2025-02-07,M,P00011,0.00,STOP WORK NOTICE ISSUED WITH NOTIFICATION OF INTENT TO DE-SCOPE - SERVIR GLOBAL NETWORK CAPABILITY PROGRAM,SERVIR GLOBAL NETWORK CAPABILITY PROGRAM,2529 YOLANDA CT,,PLEASANTON,CA,94566,14,PLEASANTON,CA,94588,14,954983.90,954983.90,description,mirror,
CONT_AWD_80NSSC24PA590_8000_-NONE-_-NONE-,80NSSC24PA590,CONT_AWD_80NSSC24PA590_8000_-NONE-_-NONE-,contract,B,"ELI GROUP, LLC",2025-01-31,F,P00001,0.00,STOP WORK NOTICE ISSUED WITH NOTIFICATION OF INTENT TO TERMINATE FOR CONVENIENCE - 2024 LEADERSHIP LAB FOR WOMEN,2024 LEADERSHIP LAB FOR WOMEN,3904 IMMEL DR,,FLOWER MOUND,TX,75022,26,FLOWER MOUND,TX,75022,26,27500.00,27500.00,both,mirror,
CONT_AWD_80JSC024FA135_8000_80JSC023AA001_8000,80JSC024FA135,CONT_AWD_80JSC024FA135_8000_80JSC023AA001_8000,contract,A,BOOZ ALLEN HAMILTON INC,2025-01-27,F,P00002,0.00,STOP WORK NOTICE ISSUED WITH NOTIFICATION OF INTENT TO TERMINATE FOR CONVENIENCE TERMINATED IAW EO 14151-STRATEGIC PROFESSIONAL ENGINEERING ASSESSMENT CONTRACT II (SPEAC II),STRATEGIC PROFESSIONAL ENGINEERING ASSESSMENT CONTRACT II (SPEACII) - TASK ORDER 104 BASE - DEIA ORGANIZATIONAL CLIMATE SURVEY AND BARRIER ANALYSIS ASSESSMENT,8283 GREENSBORO DR,,MC LEAN,VA,22102,11,HOUSTON,TX,77058,36,701923.00,701923.00,both,mirror,
CONT_AWD_80JSC024FA083_8000_80JSC023AA001_8000,80JSC024FA083,CONT_AWD_80JSC024FA083_8000_80JSC023AA001_8000,contract,A,BOOZ ALLEN HAMILTON INC,2025-01-24,F,P00002,-1384035.00,TERMINATION FOR CONVENIENCE AGREEMENT - SPEACII - TASK ORDER 84 - NASA ODEO DEIA DATA ANALYTICS AND ASSESSMENT,SPEACII - TASK ORDER 84 BASE - NASA ODEO DEIA DATA ANALYTICS AND ASSESSMENT,8283 GREENSBORO DR,,MC LEAN,VA,22102,11,HOUSTON,TX,77058,36,1923416.00,1923416.00,both,mirror,
CONT_AWD_80MSFC24CA008_8000_-NONE-_-NONE-,80MSFC24CA008,CONT_AWD_80MSFC24CA008_8000_-NONE-_-NONE-,contract,D,"UNIVERSITY OF CALIFORNIA, LOS ANGELES",2025-01-23,M,P00003,0.00,"STOP WORK NOTICE ISSUED WITH NOTIFICATION OF INTENT TO DESCOPE - THE GOAL OF NEO SURVEYOR IS TO FIND, TRACK, AND CHARACTERIZE THE ASTEROIDS AND COMETS THAT COULD POTENTIALLY THREATEN THE EARTH.","THE GOAL OF NEO SURVEYOR IS TO FIND, TRACK, AND CHARACTERIZE THE ASTEROIDS AND COMETS THAT COULD POTENTIALLY THREATEN THE EARTH.",10889 WILSHIRE BLVD STE 700,,LOS ANGELES,CA,90024,36,LOS ANGELES,CA,90024,36,16557000.00,23937256.00,description,mirror,
CONT_AWD_80MSFC24F0067_8000_80MSFC20D0004_8000,80MSFC24F0067,CONT_AWD_80MSFC24F0067_8000_80MSFC20D0004_8000,contract,C,THE JOHNS HOPKINS UNIVERSITY APPLIED PHYSICS LABORATORY LLC,2025-01-23,M,P00002,0.00,STOP WORK NOTICE ISSUED WITH NOTIFICATION OF INTENT TO TERMINATE FOR CONVENIENCE - HERE TO OBSERVE (H2O) SUPPORT FOR PLANETARY SCIENCE DIVISION (PSD) MISSIONS,HERE TO OBSERVE (H2O) SUPPORT FOR PLANETARY SCIENCE DIVISION (PSD) MISSIONS,11100 JOHNS HOPKINS RD,,LAUREL,MD,20723,03,LAUREL,MD,20723,03,61257.49,61257.49,description,mirror,
CONT_AWD_NNM16AA08C_8000_-NONE-_-NONE-,NNM16AA08C,CONT_AWD_NNM16AA08C_8000_-NONE-_-NONE-,contract,D,SOUTHWEST RESEARCH INSTITUTE,2025-01-23,M,44,0.00,"STOP WORK NOTICE ISSUED WITH NOTIFICATION OF INTENT TO DESCOPE - LUCY IS A PLANNED NASA SPACE PROBE THAT WILL TOUR FIVE JUPITER TROJANS, ASTEROIDS WHICH SHARE JUPITER'S ORBIT AROUND THE SUN, ORBITING EITHER AHEAD OF OR BEHIND THE PLANET AND ONE MAIN BELT ASTEROID. ALL TARGET ENCOUNTERS WILL BE FLY-BY ENCOUNTERS.","IGF::CL,CT::IGF LUCY IS A PLANNED NASA SPACE PROBE THAT WILL TOUR FIVE JUPITER TROJANS, ASTEROIDS WHICH SHARE JUPITER'S ORBIT AROUND THE SUN, ORBITING EITHER AHEAD OF OR BEHIND THE PLANET AND ONE MAIN BELT ASTEROID. ALL TARGET ENCOUNTERS WILL BE FLY-BY ENCOUNTERS.",6220 CULEBRA RD,,SAN ANTONIO,TX,78238,20,SAN ANTONIO,TX,78238,20,74931167.70,170903124.70,description,mirror,
