Award ID,source_type,recipient,value,savings,status,source_url,description,agency,claim_date,action_date,detection_basis,detection_method
,Grant,George Washington University (THE),1174329.0,366992.0,,,"DOGE Action Date: 7/16/2025. Reported savings: $366,992.00. Basic research: assessing environmental justice, air quality, and health co-benefits of transport interventions in US urban areas",National Aeronautics and Space Administration,7/16/2025,2025-07-16,evidence,external_claim
,Contract,Immixtechnology INC,38454.11,38454.11,NOT FOUND IN FPDS,,"Status: NOT FOUND IN FPDS. Reported savings: $38,454.11. DOGE Action Date: 3/20/2025. This order is for digitmat software and support maintenance.",National Aeronautics and Space Administration,3/20/2025,2025-03-20,evidence,external_claim
,Grant,President and Fellows of Harvard College,276651.0,0.0,,,DOGE Action Date: 6/20/2025. Reported savings: $0. Basic research: analyze orbiting carbon observatory,National Aeronautics and Space Administration,6/20/2025,2025-06-20,evidence,external_claim
,Grant, Trustees of Tufts College ,911540.0,604288.0,,,"DOGE Action Date: 6/6/2025. Reported savings: $604,288.00. Basic research: integrating earth observations toward advancing equitable resilience to geohazards in a changing climate",National Aeronautics and Space Administration,6/6/2025,2025-06-06,evidence,external_claim
80ARC023CA004,Contract,The Trustees of Columbia University,2000000.0,0.0,TERMINATED,https://www.fpds.gov/ezsearch/jsp/viewLinkController.jsp?agencyID=8000&PIID=80ARC023CA004&modNumber=P00004&idvAgencyID=&idvPIID=&contractType=AWARD,Status: TERMINATED. Reported savings: $0. DOGE Action Date: 3/10/2025. Contract for research and development work to extended longevity of 3d tissues and microph,National Aeronautics and Space Administration,3/10/2025,2025-03-10,evidence,external_claim
80GRC020F0111,Contract,"Hx5,, LLC",1513111.0,1513111.0,FUNDING ONLY ACTION,https://www.fpds.gov/ezsearch/jsp/viewLinkController.jsp?agencyID=8000&PIID=80GRC020F0111&modNumber=P00028&idvAgencyID=&idvPIID=80GRC020D0003&contractType=AWARD,"Status: FUNDING ONLY ACTION. Reported savings: $1,513,111.00. DOGE Action Date: 3/20/2025. Superconducting motor components & test devices.",National Aeronautics and Space Administration,3/20/2025,2025-03-20,evidence,external_claim
80GRC020F0115,Contract,"Hx5,, LLC",1771458.0,1771458.0,FUNDING ONLY ACTION,https://www.fpds.gov/ezsearch/jsp/viewLinkController.jsp?agencyID=8000&PIID=80GRC020F0115&modNumber=P00033&idvAgencyID=&idvPIID=80GRC020D0003&contractType=AWARD,"Status: FUNDING ONLY ACTION. Reported savings: $1,771,458.00. DOGE Action Date: 3/20/2025. Electric drive test support and technical communication.",National Aeronautics and Space Administration,3/20/2025,2025-03-20,evidence,external_claim
80GRC020F0118,Contract,"Hx5,, LLC",1877126.0,1877126.0,FUNDING ONLY ACTION,https://www.fpds.gov/ezsearch/jsp/viewLinkController.jsp?agencyID=8000&PIID=80GRC020F0118&modNumber=P00017&idvAgencyID=&idvPIID=80GRC020D0003&contractType=AWARD,"Status: FUNDING ONLY ACTION. Reported savings: $1,877,126.00. DOGE Action Date: 3/20/2025. Lpr fan test hardware support. test lpr (low pressure ratio) turbofan design take-off, landing, climb, and cruise conditions.",National Aeronautics and Space Administration,3/20/2025,2025-03-20,evidence,external_claim
80GRC021F0111,Contract,"Hx5,, LLC",148680.0,148680.0,SUPPLEMENTAL AGREEMENT FOR WORK WITHIN SCOPE,https://www.fpds.gov/ezsearch/jsp/viewLinkController.jsp?agencyID=8000&PIID=80GRC021F0111&modNumber=P00005&idvAgencyID=&idvPIID=80GRC020D0003&contractType=AWARD,"Status: SUPPLEMENTAL AGREEMENT FOR WORK WITHIN SCOPE. Reported savings: $148,680.00. DOGE Action Date: 3/20/2025. Advanced seal development 4",National Aeronautics and Space Administration,3/20/2025,2025-03-20,evidence,external_claim
80GRC022F0189,Contract,"Hx5,, LLC",806334.0,806334.0,SUPPLEMENTAL AGREEMENT FOR WORK WITHIN SCOPE,https://www.fpds.gov/ezsearch/jsp/viewLinkController.jsp?agencyID=8000&PIID=80GRC022F0189&modNumber=P00018&idvAgencyID=&idvPIID=80GRC020D0003&contractType=AWARD,"Status: SUPPLEMENTAL AGREEMENT FOR WORK WITHIN SCOPE. Reported savings: $806,334.00. DOGE Action Date: 3/20/2025. Prototype manufacturing of a motor for dusty & extremely cold environments (MDECE).",National Aeronautics and Space Administration,3/20/2025,2025-03-20,evidence,external_claim
80GSFC23CA001,Contract,The Trustees of Columbia University,29953052.0,19404348.0,TERMINATED,https://www.fpds.gov/ezsearch/jsp/viewLinkController.jsp?agencyID=8000&PIID=80GSFC23CA001&modNumber=P00009&idvAgencyID=&idvPIID=&contractType=AWARD,"Status: TERMINATED. Reported savings: $19,404,348.00. DOGE Action Date: 3/10/2025. Sedac facilitates the analysis and portrayal of the human dimensions of global change need",National Aeronautics and Space Administration,3/10/2025,2025-03-10,evidence,external_claim
80GSFC23CA041,Contract,Autonomic Integra LLC,8389628.0,21134122.0,FUNDING ONLY ACTION,https://www.fpds.gov/ezsearch/jsp/viewLinkController.jsp?agencyID=8000&PIID=80GSFC23CA041&modNumber=P00023&idvAgencyID=&idvPIID=&contractType=AWARD,"Status: FUNDING ONLY ACTION. Reported savings: $21,134,122.00. DOGE Action Date: 3/20/2025. The purpose of this contract is to acquire scientific support and related services for the giss facility in new york city, ny.",National Aeronautics and Space Administration,3/20/2025,2025-03-20,evidence,external_claim
80GSFC24CA024,Contract,"A3L Federal Works,Llc",1978784.51,1423496.0,TERMINATED,https://www.fpds.gov/ezsearch/jsp/viewLinkController.jsp?agencyID=8000&PIID=80GSFC24CA024&modNumber=P00007&idvAgencyID=&idvPIID=&contractType=AWARD,"Status: TERMINATED. Reported savings: $1,423,496.00. DOGE Action Date: 4/14/2025. Knowledge management, events and communications supports (KMECS) ivv contract",National Aeronautics and Space Administration,4/14/2025,2025-04-14,evidence,external_claim
80HQTR21F0124,Contract,"Overlook Systems Technologies, Inc.",3449904.0,4390932.0,Expired,https://www.fpds.gov/ezsearch/jsp/viewLinkController.jsp?agencyID=8000&PIID=80HQTR21F0124&modNumber=P00022&idvAgencyID=&idvPIID=GS10F0100T&contractType=AWARD,"Status: Expired. Reported savings: $4,390,932.00. DOGE Action Date: 3/20/2025. Provide contractor subject matter expertise in the  areas of u.s. and international space policy as well as pnt policy, technology, engineering, and  related applications",National Aeronautics and Space Administration,3/20/2025,2025-03-20,evidence,external_claim
80HQTR23FA018,Contract,Deloitte Consulting LLP,659225.96,0.0,Expired,https://www.fpds.gov/ezsearch/jsp/viewLinkController.jsp?agencyID=8000&PIID=80HQTR23FA018&modNumber=P00002&idvAgencyID=&idvPIID=80HQTR22AA005&contractType=AWARD,Status: Expired. Reported savings: $0. DOGE Action Date: 3/20/2025. Conducting evidence and evaluation activities for the space technology mission directorate in order to meet the requirements of the evidence act (p.l. 115-435).,National Aeronautics and Space Administration,3/20/2025,2025-03-20,evidence,external_claim
80HQTR23FA044,Contract,"Chenega Global Protection, LLC",231345.2,0.0,TERMINATED,https://www.fpds.gov/ezsearch/jsp/viewLinkController.jsp?agencyID=8000&PIID=80HQTR23FA044&modNumber=P00005&idvAgencyID=&idvPIID=80GSFC23DA004&contractType=AWARD,Status: TERMINATED. Reported savings: $0. DOGE Action Date: 4/1/2025. NASA hq protective service- security police officer post- east lobby- earth information center (EIC) - termination for convenience agreement- earth information center (EIC) support for NASA office of protective services,National Aeronautics and Space Administration,4/1/2025,2025-04-01,evidence,external_claim
80HQTR24F0012,Contract,"Icf Incorporated, L.L.C.",3368642.15,1439420.89,Expired,https://www.fpds.gov/ezsearch/jsp/viewLinkController.jsp?agencyID=8000&PIID=80HQTR24F0012&modNumber=P00003&idvAgencyID=&idvPIID=80HQTR21D0004&contractType=AWARD,"Status: Expired. Reported savings: $1,439,420.89. DOGE Action Date: 2/18/2025. Provides technical support for the co-chairs and bureau of wgiii, cross-working group coordination. this is a NASA hq requirement.",National Aeronautics and Space Administration,2/18/2025,2025-02-18,evidence,external_claim
80HQTR24F0046,Contract,Barrios Technology LTD,261854.0,261854.0,Expired,https://www.fpds.gov/ezsearch/jsp/viewLinkController.jsp?agencyID=8000&PIID=80HQTR24F0046&modNumber=P00002&idvAgencyID=&idvPIID=80MSFC21D0009&contractType=AWARD,"Status: Expired. Reported savings: $261,854.00. DOGE Action Date: 3/20/2025. Strategic planning, analysis, and programmatic support for.planetary sciences division.hq science mission directorate",National Aeronautics and Space Administration,3/20/2025,2025-03-20,evidence,external_claim
80HQTR24F0064,Contract,Barrios Technology LTD,129377.0,129377.0,Expired,https://www.fpds.gov/ezsearch/jsp/viewLinkController.jsp?agencyID=8000&PIID=80HQTR24F0064&modNumber=P00003&idvAgencyID=&idvPIID=80MSFC21D0009&contractType=AWARD,"Status: Expired. Reported savings: $129,377.00. DOGE Action Date: 3/20/2025. Coordinate and support the utilization of msds risk management plan and agency procedural documents and provide analysis and recommendation support to assist with msd risk management.",National Aeronautics and Space Administration,3/20/2025,2025-03-20,evidence,external_claim
80HQTR24F0070,Contract,Barrios Technology LTD,122313.0,122313.0,Expired,https://www.fpds.gov/ezsearch/jsp/viewLinkController.jsp?agencyID=8000&PIID=80HQTR24F0070&modNumber=P00001&idvAgencyID=&idvPIID=80MSFC21D0009&contractType=AWARD,"Status: Expired. Reported savings: $122,313.00. DOGE Action Date: 3/20/2025. Research and development in the physical, engineering, and life sciences (except nanotechnology and biotechnology)",National Aeronautics and Space Administration,3/20/2025,2025-03-20,evidence,external_claim
80HQTR24F0071,Contract,Barrios Technology LTD,82838.0,82838.0,Expired,https://www.fpds.gov/ezsearch/jsp/viewLinkController.jsp?agencyID=8000&PIID=80HQTR24F0071&modNumber=P00001&idvAgencyID=&idvPIID=80MSFC21D0009&contractType=AWARD,"Status: Expired. Reported savings: $82,838.00. DOGE Action Date: 3/20/2025. The project aims to enhance administrative operations and optimize efficiency within odeo by leveraging the expertise of an administrative operations specialist.",National Aeronautics and Space Administration,3/20/2025,2025-03-20,evidence,external_claim
80HQTR24F0073,Contract,Barrios Technology LTD,74497.0,74497.0,Expired,https://www.fpds.gov/ezsearch/jsp/viewLinkController.jsp?agencyID=8000&PIID=80HQTR24F0073&modNumber=P00001&idvAgencyID=&idvPIID=80MSFC21D0009&contractType=AWARD,"Status: Expired. Reported savings: $74,497.00. DOGE Action Date: 3/20/2025. Provide primary integration and administrative support to the esdmd moon to mars (M2M) program planning & control (PP&C) office",National Aeronautics and Space Administration,3/20/2025,2025-03-20,evidence,external_claim
80HQTR24F0074,Contract,Barrios Technology LTD,82838.0,82838.0,Expired,https://www.fpds.gov/ezsearch/jsp/viewLinkController.jsp?agencyID=8000&PIID=80HQTR24F0074&modNumber=P00001&idvAgencyID=&idvPIID=80MSFC21D0009&contractType=AWARD,"Status: Expired. Reported savings: $82,838.00. DOGE Action Date: 3/20/2025. Will be responsible for overseeing and managing the successful execution of special projects",National Aeronautics and Space Administration,3/20/2025,2025-03-20,evidence,external_claim
80HQTR24FA019,Contract,Guidehouse Inc.,1972900.0,639900.0,FUNDING ONLY ACTION,https://www.fpds.gov/ezsearch/jsp/viewLinkController.jsp?agencyID=8000&PIID=80HQTR24FA019&modNumber=P00013&idvAgencyID=&idvPIID=80HQTR24AA002&contractType=AWARD,"Status: FUNDING ONLY ACTION. Reported savings: $639,900.00. DOGE Action Date: 3/20/2025. The contractor to provide services related to an integrated approach to conducting annual assessments of NASA’s management controls, internal control over financial reporting, fraud risk management framework and payment integrity.",National Aeronautics and Space Administration,3/20/2025,2025-03-20,evidence,external_claim
80HQTR24FA038,Contract,"Crown Consulting, Inc.",136646.85,0.0,Expired,https://www.fpds.gov/ezsearch/jsp/viewLinkController.jsp?agencyID=8000&PIID=80HQTR24FA038&modNumber=P00002&idvAgencyID=&idvPIID=80HQTR24AA006&contractType=AWARD,Status: Expired. Reported savings: $0. DOGE Action Date: 2/18/2025. Technical support for armd's office of the associate administrator,National Aeronautics and Space Administration,2/18/2025,2025-02-18,evidence,external_claim
80HQTR25FA007,Contract,Science Applications International Corporation,865076.75,0.0,Expired,https://www.fpds.gov/ezsearch/jsp/viewLinkController.jsp?agencyID=8000&PIID=80HQTR25FA007&modNumber=P00003&idvAgencyID=&idvPIID=80HQTR24AA005&contractType=AWARD,"Status: Expired. Reported savings: $0. DOGE Action Date: 3/20/2025. Review, validate, and advise on draft plan, messaging and branding of the plan, plan implementation analysis and recommendations, rollout & metrics",National Aeronautics and Space Administration,3/20/2025,2025-03-20,evidence,external_claim
80HQTR25FA019,Contract,Deloitte Consulting LLP,130791.8,0.0,Expired,https://www.fpds.gov/ezsearch/jsp/viewLinkController.jsp?agencyID=8000&PIID=80HQTR25FA019&modNumber=0&idvAgencyID=&idvPIID=80HQTR22AA005&contractType=AWARD,"Status: Expired. Reported savings: $0. DOGE Action Date: 3/20/2025. The technical work performed directly enables NASA to submit the annual president's budget request & congressional justification, required by the following laws: budget & accounting act (p.l. 67-13), budget impoundment & control act (p.l. 93-344). the task ends 8/11/2025 because the work will be complete.",National Aeronautics and Space Administration,3/20/2025,2025-03-20,evidence,external_claim
80JSC024FA083,Contract,Booz Allen Hamilton INC,3307451.0,0.0,TERMINATED,https://www.fpds.gov/ezsearch/jsp/viewLinkController.jsp?agencyID=8000&PIID=80JSC024FA083&modNumber=P00002&idvAgencyID=&idvPIID=80JSC023AA001&contractType=AWARD,"Status: TERMINATED. Reported savings: $0. DOGE Action Date: 3/20/2025. NASA’s deia strategic plan emphasizes the need to implement a deia analytics capability within NASA’s enterprise data platform (EDP) to enable evidence-based awareness, planning, decisions, and assessments of the current and future state of deia at NASA. the way forward for NASA’s deia analytics capability and the application of it",National Aeronautics and Space Administration,3/20/2025,2025-03-20,evidence,external_claim
80JSC024FA088,Contract,Booz Allen Hamilton INC,442470.0,0.0,Expired,https://www.fpds.gov/ezsearch/jsp/viewLinkController.jsp?agencyID=8000&PIID=80JSC024FA088&modNumber=0&idvAgencyID=&idvPIID=80JSC023AA001&contractType=AWARD,"Status: Expired. Reported savings: $0. DOGE Action Date: 3/20/2025. The contractor shall provide independent programmatic and institutional assessment capability to support NASA. reviews and assessments are performed in support of organizational tactical and strategic planning efforts specifically for strategic messaging within the heliophysics science community, responding to the the next decade of discovery in solar and space physics: exploring and safeguarding humanity's home in space released in 2024, overall strategy and implementation of the space weather program and heliophysics digital resource library, leadership and division operational management, knowledge management, and support for division digital organization tools. the scope of reviews and assessments supported within this statement of work (SOW) includes NASA programs, projects within the heliophysics division as NASA headquarters.",National Aeronautics and Space Administration,3/20/2025,2025-03-20,evidence,external_claim
80JSC024FA120,Contract,Booz Allen Hamilton INC,886588.0,0.0,Expired,https://www.fpds.gov/ezsearch/jsp/viewLinkController.jsp?agencyID=8000&PIID=80JSC024FA120&modNumber=P00003&idvAgencyID=&idvPIID=80JSC023AA001&contractType=AWARD,"Status: Expired. Reported savings: $0. DOGE Action Date: 3/20/2025. The contractor shall assess and evaluate existing NASA science mission directorate (SMD) programming and procedures to identify gaps and/or underlying issues in support of the open science strategic initiatives. recommend updates to strategy documents and collect modifications for input. provide an assessment and recommendations to cross-cutting alignments across the directorate. the contractor shall facilitate planning and discussion meetings to conduct strategic assessment activities, provide recommendations on agenda and materials and document results, and report findings and recommendations to the oscdo and other leadership to inform mission directorate processes. the contractor shall develop and foster relationships with agency points of contact and others to further the oscdo offices’ goals. the contractor shall monitor developments in and around open science and technology polices relative to agency and ocsdo goals and directives. the contractor shall provide management and assessment of ocsdo schedules, milestones, actions, and risks using applicable tools and trackers. the contractor shall review and assess strategic engagement opportunities on behalf of smd ocsdo front office, open science data officer, and open science program scientist and recommend strategies to maximize reach and impact. recommend processes, slide deck templates (internal and external), and procedures to optimize the programs’ activities and knowledge management practices.",National Aeronautics and Space Administration,3/20/2025,2025-03-20,evidence,external_claim
80JSC024FA135,Contract,Booz Allen Hamilton INC,935898.0,0.0,TERMINATED,https://www.fpds.gov/ezsearch/jsp/viewLinkController.jsp?agencyID=8000&PIID=80JSC024FA135&modNumber=P00002&idvAgencyID=&idvPIID=80JSC023AA001&contractType=AWARD,Status: TERMINATED. Reported savings: $0. DOGE Action Date: 3/20/2025. Strategic professional engineering assessment contract ii (SPEACII),National Aeronautics and Space Administration,3/20/2025,2025-03-20,evidence,external_claim
80JSC025FA015,Contract,Booz Allen Hamilton INC,1000910.0,0.0,"ADDITIONAL WORK (NEW AGREEMENT, JUSTIFICATION REQUIRED)",https://www.fpds.gov/ezsearch/jsp/viewLinkController.jsp?agencyID=8000&PIID=80JSC025FA015&modNumber=P00002&idvAgencyID=&idvPIID=80JSC023AA001&contractType=AWARD,"Status: ADDITIONAL WORK (NEW AGREEMENT, JUSTIFICATION REQUIRED). Reported savings: $0. DOGE Action Date: 3/20/2025. Game changing development (GCD) program data management and gcd tool support",National Aeronautics and Space Administration,3/20/2025,2025-03-20,evidence,external_claim
80KSC019F0128,Contract,"Hydrogeologic, Inc.",154681.0,154681.0,Expired,https://www.fpds.gov/ezsearch/jsp/viewLinkController.jsp?agencyID=8000&PIID=80KSC019F0128&modNumber=P00010&idvAgencyID=&idvPIID=80KSC019D0012&contractType=AWARD,"Status: Expired. Reported savings: $154,681.00. DOGE Action Date: 3/20/2025. Support meetings with florida department of environmental protection to review project progress and reach consensus on the path forward.",National Aeronautics and Space Administration,3/20/2025,2025-03-20,evidence,external_claim
80KSC020F0077,Contract,"Noreas, Inc.",2643830.0,2643830.0,Expired,https://www.fpds.gov/ezsearch/jsp/viewLinkController.jsp?agencyID=8000&PIID=80KSC020F0077&modNumber=P00008&idvAgencyID=&idvPIID=GS00F373GA&contractType=AWARD,"Status: Expired. Reported savings: $2,643,830.00. DOGE Action Date: 3/20/2025. Environmental consulting services",National Aeronautics and Space Administration,3/20/2025,2025-03-20,evidence,external_claim
80KSC024F0043,Contract,the Performance Knowledge Group LLC,219539.0,0.0,Expired,https://www.fpds.gov/ezsearch/jsp/viewLinkController.jsp?agencyID=8000&PIID=80KSC024F0043&modNumber=P00004&idvAgencyID=&idvPIID=80KSC021A0007&contractType=AWARD,"Status: Expired. Reported savings: $0. DOGE Action Date: 2/18/2025. Non-personal services contract to provide strategic management support, professional/team coaching, advanced planning, integration, and implementation to NASA kennedy space center (KSC), launch service program.",National Aeronautics and Space Administration,2/18/2025,2025-02-18,evidence,external_claim
80KSC024F0044,Contract,the Performance Knowledge Group LLC,123550.0,0.0,Expired,https://www.fpds.gov/ezsearch/jsp/viewLinkController.jsp?agencyID=8000&PIID=80KSC024F0044&modNumber=P00002&idvAgencyID=&idvPIID=80KSC021A0007&contractType=AWARD,"Status: Expired. Reported savings: $0. DOGE Action Date: 2/18/2025. Non-personal services contract to provide strategic management support, professional/team coaching, advanced planning, integration, and implementation to NASA kennedy space center (KSC), exploration ground system (EGS)",National Aeronautics and Space Administration,2/18/2025,2025-02-18,evidence,external_claim
80KSC024F0045,Contract,the Performance Knowledge Group LLC,61656.0,0.0,Expired,https://www.fpds.gov/ezsearch/jsp/viewLinkController.jsp?agencyID=8000&PIID=80KSC024F0045&modNumber=P00002&idvAgencyID=&idvPIID=80KSC021A0007&contractType=AWARD,"Status: Expired. Reported savings: $0. DOGE Action Date: 2/18/2025. Non-personal services contract to provide strategic management support, professional/team coaching, advanced planning, integration, and implementation to NASA kennedy space center (KSC).",National Aeronautics and Space Administration,2/18/2025,2025-02-18,evidence,external_claim
80LARC24F0039,Contract,the Aerospace Corporation,162533.0,162533.0,TERMINATED,https://www.fpds.gov/ezsearch/jsp/viewLinkController.jsp?agencyID=8000&PIID=80LARC24F0039&modNumber=P00001&idvAgencyID=&idvPIID=80GSFC19D0011&contractType=AWARD,"Status: TERMINATED. Reported savings: $162,533.00. DOGE Action Date: 7/1/2025. Space applied research: guide future human-rated spacecraft fire safety system, NASA engineering and safety center's team",National Aeronautics and Space Administration,7/1/2025,2025-07-01,evidence,external_claim
80LARC25F7003,Contract,the Aerospace Corporation,42518.0,42518.0,TERMINATED,https://www.fpds.gov/ezsearch/jsp/viewLinkController.jsp?agencyID=8000&PIID=80LARC25F7003&modNumber=P00001&idvAgencyID=&idvPIID=80GSFC19D0011&contractType=AWARD,"Status: TERMINATED. Reported savings: $42,518.00. DOGE Action Date: 5/15/2025. NASA engineering and safety center's (NESC) environmental control and life support (ECLSS) technical discipline team (TDT), provides technical expertise for resolution of issues related to vehicle and spacesuit environmental control.",National Aeronautics and Space Administration,5/15/2025,2025-05-15,evidence,external_claim
80NSSC20P1795,Contract,"Howard, Wershbale, & Co",20000.0,3950.0,TERMINATED,https://www.fpds.gov/ezsearch/jsp/viewLinkController.jsp?agencyID=8000&PIID=80NSSC20P1795&modNumber=P00008&idvAgencyID=&idvPIID=&contractType=AWARD,"Status: TERMINATED. Reported savings: $3,950.00. DOGE Action Date: 4/14/2025. Financial statement review",National Aeronautics and Space Administration,4/14/2025,2025-04-14,evidence,external_claim
80NSSC21K1443,Grant,President and Fellows of Harvard College,602062.0,0.0,,https://usaspending.gov/award/ASST_NON_80NSSC21K1443_8000,DOGE Action Date: 5/12/2025. Reported savings: $0.  NASA airborne observations of oxygenated volatile organic compounds over korea ,National Aeronautics and Space Administration,5/12/2025,2025-05-12,evidence,external_claim
80NSSC21M0003,Contract,Universities Space Research Association,3321286.0,0.0,TERMINATED,https://www.fpds.gov/ezsearch/jsp/viewLinkController.jsp?agencyID=8000&PIID=80NSSC21M0003&modNumber=P00010&idvAgencyID=&idvPIID=&contractType=AWARD,Status: TERMINATED. Reported savings: $0. DOGE Action Date: 3/31/2025. Planetary exploration  - science activation program integration/ science engagement & partnerships division for support for science mission directorate (SMD),National Aeronautics and Space Administration,3/31/2025,2025-03-31,evidence,external_claim
80NSSC21M0005,Contract,Oklahoma State University,2981789.0,0.0,TERMINATED,https://www.fpds.gov/ezsearch/jsp/viewLinkController.jsp?agencyID=8000&PIID=80NSSC21M0005&modNumber=P00007&idvAgencyID=&idvPIID=&contractType=AWARD,Status: TERMINATED. Reported savings: $0. DOGE Action Date: 3/24/2025. The primary objective of the  native earth | native sky  (NENS) program is to build culturally-relevant earth-sky stem programming for middle schoolers in three oklahoma native american nations that will increase the students  understanding of - termination for convenience agreement  - science activation program integration/ science engagement & partnerships division for support for science mission directorate (SMD),National Aeronautics and Space Administration,3/24/2025,2025-03-24,evidence,external_claim
80NSSC22K1658,Grant,Cleveland State University,149765.0,0.0,,https://usaspending.gov/award/ASST_NON_80NSSC22K1658_8000,DOGE Action Date: 3/21/2025. Reported savings: $0.  improved monitoring and management of urban tree equity: integrating metrics of tree quality with tree cover - commercial satellite data analysis characterizing canopy chlorophyll and photosynthetic productivity for agricultural crops and forest monitoring support for smd/esd directorate ,National Aeronautics and Space Administration,3/21/2025,2025-03-21,evidence,external_claim
80NSSC22K1673,Grant,Massachusetts Institute of Technology,250000.0,0.0,,https://usaspending.gov/award/ASST_NON_80NSSC22K1673_8000,DOGE Action Date: 3/21/2025. Reported savings: $0.  applying the evdt integrated modeling framework for environmental justice applications - termination for convenience - earth science applications: equity and environmental justice support for science mission directorate (SMD/ESD) ,National Aeronautics and Space Administration,3/21/2025,2025-03-21,evidence,external_claim
80NSSC22K1675,Grant,University of Texas at Austin,249842.0,0.0,,https://usaspending.gov/award/ASST_NON_80NSSC22K1675_8000,"DOGE Action Date: 3/21/2025. Reported savings: $0.  eo14042 atx ca3tch up: climate atlas for accountability and advocacy strategies through co-production with historically underserved community partners in austin, tx - termination for convenience - earth science applications: equity and environmental justice support for smd/esd mission directorate ",National Aeronautics and Space Administration,3/21/2025,2025-03-21,evidence,external_claim
80NSSC22K1681,Grant,"University of Texas Rio Grande Valley, the",249999.0,0.0,,https://usaspending.gov/award/ASST_NON_80NSSC22K1681_8000,"DOGE Action Date: 3/21/2025. Reported savings: $0.  21-eej21-0061, integration of satellite data on air pollution with socioeconomic indicators to assess the impacts of agricultural burning on local communities in the lower rio grande valley of south texas. - termination for convenience - earth science applications: equity and environmental justice support for smd/esd ",National Aeronautics and Space Administration,3/21/2025,2025-03-21,evidence,external_claim
80NSSC22PA482,Contract,"Diversified Services Group, Incorporated",85560.46,38577.84,TERMINATED,https://www.fpds.gov/ezsearch/jsp/viewLinkController.jsp?agencyID=8000&PIID=80NSSC22PA482&modNumber=P00006&idvAgencyID=&idvPIID=&contractType=AWARD,"Status: TERMINATED. Reported savings: $38,577.84. DOGE Action Date: 4/14/2025. Live plant maintenance services",National Aeronautics and Space Administration,4/14/2025,2025-04-14,evidence,external_claim
80NSSC22PB703,Contract,Ho-Chunk Shared Services Company,109953.67,0.0,TERMINATED,https://www.fpds.gov/ezsearch/jsp/viewLinkController.jsp?agencyID=8000&PIID=80NSSC22PB703&modNumber=P00003&idvAgencyID=&idvPIID=&contractType=AWARD,Status: TERMINATED. Reported savings: $0. DOGE Action Date: 2/18/2025. Strategic analysis and support services,National Aeronautics and Space Administration,2/18/2025,2025-02-18,evidence,external_claim
80NSSC23F0002,Contract,"Four Points Technology, L.L.C.",19212.13,0.0,TERMINATED,https://www.fpds.gov/ezsearch/jsp/viewLinkController.jsp?agencyID=8000&PIID=80NSSC23F0002&modNumber=P00001&idvAgencyID=&idvPIID=NNG15SD22B&contractType=AWARD,Status: TERMINATED. Reported savings: $0. DOGE Action Date: 5/6/2025. Securid authenticator tokens,National Aeronautics and Space Administration,5/6/2025,2025-05-06,evidence,external_claim
80NSSC23FA267,Contract,"Rei Systems, Inc.",2044759.0,5437168.0,OTHER ADMINISTRATIVE ACTION,https://www.fpds.gov/ezsearch/jsp/viewLinkController.jsp?agencyID=8000&PIID=80NSSC23FA267&modNumber=P00005&idvAgencyID=&idvPIID=80NSSC23AA003&contractType=AWARD,"Status: OTHER ADMINISTRATIVE ACTION. Reported savings: $5,437,168.00. DOGE Action Date: 3/20/2025. This task provides unique, direct portfolio planning, operations and execution support to the early stage innovations and partnerships portfolio which provides support to NASA’s early stage technology development and tech commercialization programs that are pioneering aerospace research and transformative technology ventures to enable NASA’s mission and invigorate our economic future. task provides operations management support; strategic planning and execution support for stmd-wide processes run by esip to identify and competitively select industry technology development partnerships; organization design and change management as stmd re-organizes; and engagement support to improve the ""front door"" to stmd for external innovators.",National Aeronautics and Space Administration,3/20/2025,2025-03-20,evidence,external_claim
80NSSC23FA279,Contract,Creative Solutions International,144948.2,0.0,TERMINATED,https://www.fpds.gov/ezsearch/jsp/viewLinkController.jsp?agencyID=8000&PIID=80NSSC23FA279&modNumber=P00003&idvAgencyID=&idvPIID=GS10F0331M&contractType=AWARD,Status: TERMINATED. Reported savings: $0. DOGE Action Date: 2/18/2025. Consulting and meeting facilitation in support of ocio transformation initiatives,National Aeronautics and Space Administration,2/18/2025,2025-02-18,evidence,external_claim
80NSSC23FA528,Contract,Ibex It Business Experts LLC,214134.25,0.0,TERMINATED,https://www.fpds.gov/ezsearch/jsp/viewLinkController.jsp?agencyID=8000&PIID=80NSSC23FA528&modNumber=P00007&idvAgencyID=&idvPIID=80NSSC23DA001&contractType=AWARD,Status: TERMINATED. Reported savings: $0. DOGE Action Date: 5/1/2025. Human resources and executive search consulting services: NASA enterprise-wide human capital services,National Aeronautics and Space Administration,5/1/2025,2025-05-01,evidence,external_claim
80NSSC23FB052,Contract,"Bryce Solutions, LLC",7540439.97,5013199.49,Expired,https://www.fpds.gov/ezsearch/jsp/viewLinkController.jsp?agencyID=8000&PIID=80NSSC23FB052&modNumber=P00016&idvAgencyID=&idvPIID=80NSSC23DA002&contractType=AWARD,"Status: Expired. Reported savings: $5,013,199.49. DOGE Action Date: 2/18/2025. Provides leadership and executive level one-on-one coaching services to the NASA enterprise-wide human capital support services (NEHCSS) contract.",National Aeronautics and Space Administration,2/18/2025,2025-02-18,evidence,external_claim
80NSSC23PA010,Contract,Business Class Aviation Inc.,38680.0,96700.0,TERMINATED,https://www.fpds.gov/ezsearch/jsp/viewLinkController.jsp?agencyID=8000&PIID=80NSSC23PA010&modNumber=P00004&idvAgencyID=&idvPIID=&contractType=AWARD,"Status: TERMINATED. Reported savings: $96,700.00. DOGE Action Date: 3/20/2025. Dc-8 and sofia aircraft storage and parts removal",National Aeronautics and Space Administration,3/20/2025,2025-03-20,evidence,external_claim
80NSSC23PB058,Contract,"Florida First Robotics Education Foundation, Inc.",100500.0,60300.0,TERMINATED,https://www.fpds.gov/ezsearch/jsp/viewLinkController.jsp?agencyID=8000&PIID=80NSSC23PB058&modNumber=P00002&idvAgencyID=&idvPIID=&contractType=AWARD,"Status: TERMINATED. Reported savings: $60,300.00. DOGE Action Date: 4/14/2025. Sponsorship of the first orlando regional",National Aeronautics and Space Administration,4/14/2025,2025-04-14,evidence,external_claim
80NSSC23PB368,Contract,Pacific Research & Evaluation LLC,183337.0,0.0,TERMINATED,https://www.fpds.gov/ezsearch/jsp/viewLinkController.jsp?agencyID=8000&PIID=80NSSC23PB368&modNumber=P00001&idvAgencyID=&idvPIID=&contractType=AWARD,Status: TERMINATED. Reported savings: $0. DOGE Action Date: 5/1/2025. Audience evaluation of engagement content and materials,National Aeronautics and Space Administration,5/1/2025,2025-05-01,evidence,external_claim
80NSSC24CA161,Contract,Nuburu Inc.,849989.0,0.0,TERMINATED,https://www.fpds.gov/ezsearch/jsp/viewLinkController.jsp?agencyID=8000&PIID=80NSSC24CA161&modNumber=P00002&idvAgencyID=&idvPIID=&contractType=AWARD,Status: TERMINATED. Reported savings: $0. DOGE Action Date: 4/4/2025. Sbir phase ii - blue-plume - blue laser planetary and lunar management of electrical power,National Aeronautics and Space Administration,4/4/2025,2025-04-04,evidence,external_claim
80NSSC24FA260,Contract,"Immixtechnology, Inc.",38454.0,38454.0,Expired,https://www.fpds.gov/ezsearch/jsp/viewLinkController.jsp?agencyID=8000&PIID=80NSSC24FA260&modNumber=0&idvAgencyID=&idvPIID=NNG15SC39B&contractType=AWARD,"Status: Expired. Reported savings: $38,454.00. DOGE Action Date: 3/20/2025. This order is for digimat software and support maintenance.",National Aeronautics and Space Administration,3/20/2025,2025-03-20,evidence,external_claim
80NSSC24FA447,Contract,Strategy Consulting Team LLC,395470.9,248077.12,FUNDING ONLY ACTION,https://www.fpds.gov/ezsearch/jsp/viewLinkController.jsp?agencyID=8000&PIID=80NSSC24FA447&modNumber=P00002&idvAgencyID=&idvPIID=80NSSC23DA003&contractType=AWARD,"Status: FUNDING ONLY ACTION. Reported savings: $248,077.12. DOGE Action Date: 2/18/2025. Provides NASA supervisory intensive leadership program (SILP) support on the NASA enterprise-wide human capital support services (NEHCSS) contract in accordance with contract terms and conditions for the NASA office of the chief human capital officer (OCHCO).",National Aeronautics and Space Administration,2/18/2025,2025-02-18,evidence,external_claim
80NSSC24FA558,Contract,"Three Wire Systems, LLC",17400.0,0.0,TERMINATED,https://www.fpds.gov/ezsearch/jsp/viewLinkController.jsp?agencyID=8000&PIID=80NSSC24FA558&modNumber=P00001&idvAgencyID=&idvPIID=NNG15SD25B&contractType=AWARD,Status: TERMINATED. Reported savings: $0. DOGE Action Date: 5/6/2025. Stor- one software renewal,National Aeronautics and Space Administration,5/6/2025,2025-05-06,evidence,external_claim
80NSSC24FA979,Contract,"Bryce Space and Technology, LLC",5437483.22,4667483.22,TERMINATED,https://www.fpds.gov/ezsearch/jsp/viewLinkController.jsp?agencyID=8000&PIID=80NSSC24FA979&modNumber=P00003&idvAgencyID=&idvPIID=80NSSC24AA010&contractType=AWARD,"Status: TERMINATED. Reported savings: $4,667,483.22. DOGE Action Date: 4/4/2025. Administrative management and general management consulting services to provide NASA leadership with independent diagnostics and strategic advisory work on matters involving, technology policy and economics through independent research and analysis that answers specific questions on topics of interest.",National Aeronautics and Space Administration,4/4/2025,2025-04-04,evidence,external_claim
80NSSC24K0113,Grant,University of Arkansas System,374995.0,224997.0,,https://usaspending.gov/award/ASST_NON_80NSSC24K0113_8000,"DOGE Action Date: 3/21/2025. Reported savings: $224,997.00. Here to observe student engagement program: university of arkansas at pine bluff",National Aeronautics and Space Administration,3/21/2025,2025-03-21,evidence,external_claim
80NSSC24K0114,Grant,Ohio Aerospace Institute,365945.0,218736.0,,https://usaspending.gov/award/ASST_NON_80NSSC24K0114_8000,"DOGE Action Date: 3/21/2025. Reported savings: $218,736.00. Here to observe student engagement program: ohio and puerto rico space grant consortiums",National Aeronautics and Space Administration,3/21/2025,2025-03-21,evidence,external_claim
80NSSC24K0115,Grant,Virginia State University,374750.0,224850.0,,https://usaspending.gov/award/ASST_NON_80NSSC24K0115_8000,"DOGE Action Date: 3/21/2025. Reported savings: $224,850.00. Here to observe student engagement program: virginia state university",National Aeronautics and Space Administration,3/21/2025,2025-03-21,evidence,external_claim
80NSSC24K0176,Grant,Virginia Polytechnic Institute & State University,763904.0,0.0,,https://usaspending.gov/award/ASST_NON_80NSSC24K0176_8000,"DOGE Action Date: 3/21/2025. Reported savings: $0.  democratizing data to support adaptation decision making in the north-atlantic coastal plain: land subsidence, compound flooding hazard and water quality - interdisciplinary research in earth science support for science mission directorate (SMD/ESD) ",National Aeronautics and Space Administration,3/21/2025,2025-03-21,evidence,external_claim
80NSSC24K0177,Grant,the Johns Hopkins University,1465950.0,496601.0,,https://usaspending.gov/award/ASST_NON_80NSSC24K0177_8000,"DOGE Action Date: 3/21/2025. Reported savings: $496,601.00. Basic research: resolving intra urban variability in heat and air quality from space and the ground leveraging diverse observations to support environmental justice",National Aeronautics and Space Administration,3/21/2025,2025-03-21,evidence,external_claim
80NSSC24K0178,Grant,Brown University,1133347.0,380667.0,,https://usaspending.gov/award/ASST_NON_80NSSC24K0178_8000,"DOGE Action Date: 3/21/2025. Reported savings: $380,667.00. Basic research: NASA earth observations for resilient salton sea communities",National Aeronautics and Space Administration,3/21/2025,2025-03-21,evidence,external_claim
80NSSC24K0520,Grant,Natural Areas Conservancy INC,485603.0,0.0,,https://usaspending.gov/award/ASST_NON_80NSSC24K0520_8000,DOGE Action Date: 3/21/2025. Reported savings: $0.  assessing access to nature and their benefits in ej communities across US cities - interdisciplinary research in earth sciences for support for science mission directorate (SMD/ESD) ,National Aeronautics and Space Administration,3/21/2025,2025-03-21,evidence,external_claim
80NSSC24K0892,Grant,George Mason University,529129.0,0.0,,https://usaspending.gov/award/ASST_NON_80NSSC24K0892_8000,DOGE Action Date: 3/21/2025. Reported savings: $0.  disparities in health and safety effects of dust storms in the united states - interdisciplinary research in earth sciences support for science mission directorate (SMD/ESD) ,National Aeronautics and Space Administration,3/21/2025,2025-03-21,evidence,external_claim
80NSSC24K0913,Grant,University of Texas Health Science Center at Houston,40875.0,0.0,,https://usaspending.gov/award/ASST_NON_80NSSC24K0913_8000,DOGE Action Date: 5/14/2025. Reported savings: $0. Climate & sustainability,National Aeronautics and Space Administration,5/14/2025,2025-05-14,evidence,external_claim
80NSSC24K0944,Grant,"National Society of Black Physicists, Inc.",299253.0,199502.0,,https://usaspending.gov/award/ASST_NON_80NSSC24K0944_8000,"DOGE Action Date: 3/21/2025. Reported savings: $199,502.00. National society of black physicists/national society of hispanic physicists student leadership development summit",National Aeronautics and Space Administration,3/21/2025,2025-03-21,evidence,external_claim
80NSSC24K1193,Grant,Cornell University,649598.0,389598.0,,https://usaspending.gov/award/ASST_NON_80NSSC24K1193_8000,"DOGE Action Date: 3/21/2025. Reported savings: $389,598.00. Basic research: an innovative workshop on equity, diversity, inclusion, and accessibility for leaders in planetary science",National Aeronautics and Space Administration,3/21/2025,2025-03-21,evidence,external_claim
80NSSC24K1232,Grant,Trustees of Tufts College,489187.0,0.0,,https://usaspending.gov/award/ASST_NON_80NSSC24K1232_8000,"DOGE Action Date: 3/21/2025. Reported savings: $0.  environmental justice & public health: climate, land, & (HEALTH) outcome of dengue fever (CLOUD) ",National Aeronautics and Space Administration,3/21/2025,2025-03-21,evidence,external_claim
80NSSC24K1264,Grant,University of Alaska Fairbanks,182619.0,0.0,,https://usaspending.gov/award/ASST_NON_80NSSC24K1264_8000,DOGE Action Date: 3/21/2025. Reported savings: $0.  bringing edia to the planetary sciences community: a two-day ag-style meeting of the cross-ag edia working group - termination for convenience agreement - bringing edia to the planetary sciences community: a two-day ag-style meeting of the cross-ag edia working group ,National Aeronautics and Space Administration,3/21/2025,2025-03-21,evidence,external_claim
80NSSC24K1612,Grant,University of Texas at Austin,50000.0,0.0,,https://usaspending.gov/award/ASST_NON_80NSSC24K1612_8000,DOGE Action Date: 3/21/2025. Reported savings: $0.  23-earth23-0422 climate harmony: studying and informing urban climate efforts in central texas through the.development of a regional climate atlas ,National Aeronautics and Space Administration,3/21/2025,2025-03-21,evidence,external_claim
80NSSC24K1845,Grant,"National Society of Black Physicists, Inc.",774039.0,241961.0,,https://usaspending.gov/award/ASST_NON_80NSSC24K1845_8000,"DOGE Action Date: 3/21/2025. Reported savings: $241,961.00. National society of black physicists/national society of hispanic physicists joint annual conferences 2024-26",National Aeronautics and Space Administration,3/21/2025,2025-03-21,evidence,external_claim
80NSSC24PA210,Contract,Unibap Ab,70000.0,0.0,TERMINATED,https://www.fpds.gov/ezsearch/jsp/viewLinkController.jsp?agencyID=8000&PIID=80NSSC24PA210&modNumber=P00002&idvAgencyID=&idvPIID=&contractType=AWARD,Status: TERMINATED. Reported savings: $0. DOGE Action Date: 4/10/2025. Unibap - ose-sat in-space autonomy testbed,National Aeronautics and Space Administration,4/10/2025,2025-04-10,evidence,external_claim
80NSSC24PA590,Contract,"Eli Group, LLC",27500.0,0.0,TERMINATED,https://www.fpds.gov/ezsearch/jsp/viewLinkController.jsp?agencyID=8000&PIID=80NSSC24PA590&modNumber=P00001&idvAgencyID=&idvPIID=&contractType=AWARD,Status: TERMINATED. Reported savings: $0. DOGE Action Date: 2/18/2025. Eli group leadership lab for women,National Aeronautics and Space Administration,2/18/2025,2025-02-18,evidence,external_claim
80NSSC24PA609,Contract,Politico,10600.0,0.0,TERMINATED,https://www.fpds.gov/ezsearch/jsp/viewLinkController.jsp?agencyID=8000&PIID=80NSSC24PA609&modNumber=P00001&idvAgencyID=&idvPIID=&contractType=AWARD,Status: TERMINATED. Reported savings: $0. DOGE Action Date: 2/13/2025. Politico pro agreement for ocfo,National Aeronautics and Space Administration,2/13/2025,2025-02-13,evidence,external_claim
80NSSC24PA660,Contract,"Lmi Consulting, LLC",42878.06,0.0,TERMINATED,https://www.fpds.gov/ezsearch/jsp/viewLinkController.jsp?agencyID=8000&PIID=80NSSC24PA660&modNumber=P00002&idvAgencyID=&idvPIID=&contractType=AWARD,Status: TERMINATED. Reported savings: $0. DOGE Action Date: 5/6/2025. Bridge program retreat,National Aeronautics and Space Administration,5/6/2025,2025-05-06,evidence,external_claim
80NSSC24PA710,Contract,"Emp Consultants, LLC",45960.0,45960.0,TERMINATED,https://www.fpds.gov/ezsearch/jsp/viewLinkController.jsp?agencyID=8000&PIID=80NSSC24PA710&modNumber=P00001&idvAgencyID=&idvPIID=&contractType=AWARD,"Status: TERMINATED. Reported savings: $45,960.00. DOGE Action Date: 3/20/2025. This order is for novice software and support maintenance.",National Aeronautics and Space Administration,3/20/2025,2025-03-20,evidence,external_claim
80NSSC24PA723,Contract,"Politico, LLC",202600.0,0.0,TERMINATED,https://www.fpds.gov/ezsearch/jsp/viewLinkController.jsp?agencyID=8000&PIID=80NSSC24PA723&modNumber=P00001&idvAgencyID=&idvPIID=&contractType=AWARD,Status: TERMINATED. Reported savings: $0. DOGE Action Date: 3/19/2025. Renewal for politico pro service for olia,National Aeronautics and Space Administration,3/19/2025,2025-03-19,evidence,external_claim
80NSSC24PA753,Contract,Keysight Technologies INC,33663.0,33663.0,TERMINATED,https://www.fpds.gov/ezsearch/jsp/viewLinkController.jsp?agencyID=8000&PIID=80NSSC24PA753&modNumber=P00001&idvAgencyID=&idvPIID=&contractType=AWARD,"Status: TERMINATED. Reported savings: $33,663.00. DOGE Action Date: 3/20/2025. This order is for genesys and support maintenance.",National Aeronautics and Space Administration,3/20/2025,2025-03-20,evidence,external_claim
80NSSC24PA923,Contract,Keysight Technologies INC,10153.0,10153.0,TERMINATED,https://www.fpds.gov/ezsearch/jsp/viewLinkController.jsp?agencyID=8000&PIID=80NSSC24PA923&modNumber=P00001&idvAgencyID=&idvPIID=&contractType=AWARD,"Status: TERMINATED. Reported savings: $10,153.00. DOGE Action Date: 3/20/2025. This order is for ads software and support maintenance.",National Aeronautics and Space Administration,3/20/2025,2025-03-20,evidence,external_claim
80NSSC24PB679,Contract,"Gartner, Inc.",194382.0,194382.0,TERMINATED,https://www.fpds.gov/ezsearch/jsp/viewLinkController.jsp?agencyID=8000&PIID=80NSSC24PB679&modNumber=P00001&idvAgencyID=&idvPIID=&contractType=AWARD,"Status: TERMINATED. Reported savings: $194,382.00. DOGE Action Date: 3/20/2025. NASA human capital gartner learning & development services",National Aeronautics and Space Administration,3/20/2025,2025-03-20,evidence,external_claim
80NSSC24PB717,Contract,"Costar Realty Information, Inc.",49050.0,0.0,TERMINATED,https://www.fpds.gov/ezsearch/jsp/viewLinkController.jsp?agencyID=8000&PIID=80NSSC24PB717&modNumber=P00002&idvAgencyID=&idvPIID=&contractType=AWARD,Status: TERMINATED. Reported savings: $0. DOGE Action Date: 5/6/2025. Web search portals and all other information services: costar,National Aeronautics and Space Administration,5/6/2025,2025-05-06,evidence,external_claim
80NSSC24PB720,Contract,R3 Uniq INC,71648.9,0.0,TERMINATED,https://www.fpds.gov/ezsearch/jsp/viewLinkController.jsp?agencyID=8000&PIID=80NSSC24PB720&modNumber=P00001&idvAgencyID=&idvPIID=&contractType=AWARD,Status: TERMINATED. Reported savings: $0. DOGE Action Date: 4/11/2025. Omnest network simulation software licenses and support,National Aeronautics and Space Administration,4/11/2025,2025-04-11,evidence,external_claim
80NSSC24PB891,Contract,"Career Communications Group, Inc.",12500.0,0.0,TERMINATED,https://www.fpds.gov/ezsearch/jsp/viewLinkController.jsp?agencyID=8000&PIID=80NSSC24PB891&modNumber=P00003&idvAgencyID=&idvPIID=&contractType=AWARD,"Status: TERMINATED. Reported savings: $0. DOGE Action Date: 5/6/2025. Women of color in science, technology, engineering, and mathematics silver partnership and participation in their national convention",National Aeronautics and Space Administration,5/6/2025,2025-05-06,evidence,external_claim
80NSSC24PC049,Contract,Society of Women Engineers,33100.0,33100.0,TERMINATED,https://www.fpds.gov/ezsearch/jsp/viewLinkController.jsp?agencyID=8000&PIID=80NSSC24PC049&modNumber=P00002&idvAgencyID=&idvPIID=&contractType=AWARD,"Status: TERMINATED. Reported savings: $33,100.00. DOGE Action Date: 3/20/2025. Recruiting: society of women engineers (SWE) corporate partnership council and participation in associated recruiting events",National Aeronautics and Space Administration,3/20/2025,2025-03-20,evidence,external_claim
80NSSC24PC064,Contract,the Jandor Group LLC,100000.0,0.0,TERMINATED,https://www.fpds.gov/ezsearch/jsp/viewLinkController.jsp?agencyID=8000&PIID=80NSSC24PC064&modNumber=P00001&idvAgencyID=&idvPIID=&contractType=AWARD,Status: TERMINATED. Reported savings: $0. DOGE Action Date: 5/6/2025. Training,National Aeronautics and Space Administration,5/6/2025,2025-05-06,evidence,external_claim
80NSSC24PC269,Contract,Kpmg LLP,120000.0,0.0,TERMINATED,https://www.fpds.gov/ezsearch/jsp/viewLinkController.jsp?agencyID=8000&PIID=80NSSC24PC269&modNumber=P00001&idvAgencyID=&idvPIID=&contractType=AWARD,"Status: TERMINATED. Reported savings: $0. DOGE Action Date: 2/18/2025. Training immersion to provide direct experience and exposure for NASA leaders to for-profit industry organizations in support of the agency’s public private talent program pilot program and in association with the leadership development program, NASA aspire, learning objectives.  more specifically understanding how the business drives efficiency in decision making, leads technology innovation / artificial intelligence / data ecosystems, and their investment strategy.",National Aeronautics and Space Administration,2/18/2025,2025-02-18,evidence,external_claim
80NSSC24PC331,Contract,"Eli Group, LLC",27500.0,0.0,TERMINATED,https://www.fpds.gov/ezsearch/jsp/viewLinkController.jsp?agencyID=8000&PIID=80NSSC24PC331&modNumber=P00001&idvAgencyID=&idvPIID=&contractType=AWARD,Status: TERMINATED. Reported savings: $0. DOGE Action Date: 2/18/2025. The exclusive leadership lab for women provides senior-level women with a development program designed to enhance leadership influence and behavior change to help them succeed within your organization.,National Aeronautics and Space Administration,2/18/2025,2025-02-18,evidence,external_claim
80NSSC24PC363,Contract,Qualcomm Technologies INC,6000.0,0.0,TERMINATED,https://www.fpds.gov/ezsearch/jsp/viewLinkController.jsp?agencyID=8000&PIID=80NSSC24PC363&modNumber=P00002&idvAgencyID=&idvPIID=&contractType=AWARD,Status: TERMINATED. Reported savings: $0. DOGE Action Date: 5/6/2025. Qualcomm 5g learning - four subscriptions,National Aeronautics and Space Administration,5/6/2025,2025-05-06,evidence,external_claim
80NSSC24PC367,Contract,Harbec INC,105768.0,0.0,Expired,https://www.fpds.gov/ezsearch/jsp/viewLinkController.jsp?agencyID=8000&PIID=80NSSC24PC367&modNumber=P00001&idvAgencyID=&idvPIID=&contractType=AWARD,"Status: Expired. Reported savings: $0. DOGE Action Date: 3/20/2025. 104 end caps, 104 end cap sleeves",National Aeronautics and Space Administration,3/20/2025,2025-03-20,evidence,external_claim
80NSSC24PC394,Contract,Partnership for Public Service Inc.,28750.0,0.0,TERMINATED,https://www.fpds.gov/ezsearch/jsp/viewLinkController.jsp?agencyID=8000&PIID=80NSSC24PC394&modNumber=P00001&idvAgencyID=&idvPIID=&contractType=AWARD,Status: TERMINATED. Reported savings: $0. DOGE Action Date: 2/28/2025. Partnership for public service. membership in the federal human capital collaborative,National Aeronautics and Space Administration,2/28/2025,2025-02-28,evidence,external_claim
80NSSC24PC405,Contract,"Leidos, Inc.",21417.67,0.0,Expired,https://www.fpds.gov/ezsearch/jsp/viewLinkController.jsp?agencyID=8000&PIID=80NSSC24PC405&modNumber=P00001&idvAgencyID=&idvPIID=&contractType=AWARD,Status: Expired. Reported savings: $0. DOGE Action Date: 3/20/2025. Fy24 verint annual maintenance & support coverage standard plan,National Aeronautics and Space Administration,3/20/2025,2025-03-20,evidence,external_claim
80NSSC24PC475,Contract,Zuken Usa INC,44325.0,44325.0,TERMINATED,https://www.fpds.gov/ezsearch/jsp/viewLinkController.jsp?agencyID=8000&PIID=80NSSC24PC475&modNumber=P00002&idvAgencyID=&idvPIID=&contractType=AWARD,"Status: TERMINATED. Reported savings: $44,325.00. DOGE Action Date: 6/27/2025. Zuken electrical design data management software (DS.E3) license, data and configuration management",National Aeronautics and Space Administration,6/27/2025,2025-06-27,evidence,external_claim
80NSSC25FA034,Contract,"Techpride, Inc.",249900.0,0.0,TERMINATED,https://www.fpds.gov/ezsearch/jsp/viewLinkController.jsp?agencyID=8000&PIID=80NSSC25FA034&modNumber=P00002&idvAgencyID=&idvPIID=47QRAA19D006N&contractType=AWARD,Status: TERMINATED. Reported savings: $0. DOGE Action Date: 2/18/2025. Scan program,National Aeronautics and Space Administration,2/18/2025,2025-02-18,evidence,external_claim
80NSSC25FA078,Contract,"Colossal Contracting, LLC",16200.0,0.0,TERMINATED,https://www.fpds.gov/ezsearch/jsp/viewLinkController.jsp?agencyID=8000&PIID=80NSSC25FA078&modNumber=P00001&idvAgencyID=&idvPIID=NNG15SD72B&contractType=AWARD,Status: TERMINATED. Reported savings: $0. DOGE Action Date: 5/6/2025. Prisma cloud security renewal,National Aeronautics and Space Administration,5/6/2025,2025-05-06,evidence,external_claim
80NSSC25FA145,Contract,"B/W Color Prints, LLC",10771.0,0.0,Expired,https://www.fpds.gov/ezsearch/jsp/viewLinkController.jsp?agencyID=8000&PIID=80NSSC25FA145&modNumber=P00001&idvAgencyID=&idvPIID=GS07F216BA&contractType=AWARD,Status: Expired. Reported savings: $0. DOGE Action Date: 3/20/2025. Printing services for inspire/strategic communications,National Aeronautics and Space Administration,3/20/2025,2025-03-20,evidence,external_claim
80NSSC25FA315,Contract,"National Quality Assurance - U.S.A., Inc.",28832.0,28832.0,TERMINATED,https://www.fpds.gov/ezsearch/jsp/viewLinkController.jsp?agencyID=8000&PIID=80NSSC25FA315&modNumber=P00001&idvAgencyID=&idvPIID=80NSSC24AA005&contractType=AWARD,"Status: TERMINATED. Reported savings: $28,832.00. DOGE Action Date: 6/30/2025. Administrative management and general management consulting services: as9100 audit at armstrong flight research center, national aeronautics and space administration",National Aeronautics and Space Administration,6/30/2025,2025-06-30,evidence,external_claim
80NSSC25K7029,Grant,Research Triangle Institute,237796.0,0.0,,https://usaspending.gov/award/ASST_NON_80NSSC25K7029_8000,"DOGE Action Date: 5/14/2025. Reported savings: $0.  project green, greenspace and remote sensing for the environment and equity in neighborhoods ",National Aeronautics and Space Administration,5/14/2025,2025-05-14,evidence,external_claim
80NSSC25K7030,Grant,University of Texas Health Science Center at Houston,238468.0,0.0,,https://usaspending.gov/award/ASST_NON_80NSSC25K7030_8000,"DOGE Action Date: 5/14/2025. Reported savings: $0.  health effects of light pollution, chicago's initiative for environmental justice and light pollution outreach ",National Aeronautics and Space Administration,5/14/2025,2025-05-14,evidence,external_claim
80NSSC25K7031,Contract,Trustees of Tufts College,911540.0,604288.0,TERMINATED,https://www.fpds.gov/ezsearch/jsp/viewLinkController.jsp?agencyID=8000&PIID=80NSSC25K7031&modNumber=P00002&idvAgencyID=&idvPIID=&contractType=AWARD,"Status: TERMINATED. Reported savings: $604,288.00. DOGE Action Date: 9/18/2025. Basic research: integrating earth observations toward advancing equitable resilience to geohazards in a changing climate",National Aeronautics and Space Administration,9/18/2025,2025-09-18,evidence,external_claim
80NSSC25K7032,Grant,Emory University,281894.0,0.0,,https://usaspending.gov/award/ASST_NON_80NSSC25K7032_8000,DOGE Action Date: 5/14/2025. Reported savings: $0.  basic research grant: advancing environmental justice in atlanta through geographic information system-enabled community engagement ,National Aeronautics and Space Administration,5/14/2025,2025-05-14,evidence,external_claim
80NSSC25K7034,Grant,University of Oklahoma,277229.0,0.0,,https://usaspending.gov/award/ASST_NON_80NSSC25K7034_8000,DOGE Action Date: 3/21/2025. Reported savings: $0.  building co-design and co-learning digital twins: supporting indigenous communities against tribal lands flooding ,National Aeronautics and Space Administration,3/21/2025,2025-03-21,evidence,external_claim
80NSSC25K7036,Grant,University of Richmond,248049.0,0.0,,https://usaspending.gov/award/ASST_NON_80NSSC25K7036_8000,"DOGE Action Date: 5/14/2025. Reported savings: $0.  space exploration,  equity and environmental justice regarding the changing indigenous landscapes of virginia ",National Aeronautics and Space Administration,5/14/2025,2025-05-14,evidence,external_claim
80NSSC25K7045,Grant,Kutztown University of Pennsylvania,374960.0,299968.0,,https://usaspending.gov/award/ASST_NON_80NSSC25K7045_8000,"DOGE Action Date: 3/21/2025. Reported savings: $299,968.00. Here to observe + here to storytell experiences for undergraduate students, planetary sciences division",National Aeronautics and Space Administration,3/21/2025,2025-03-21,evidence,external_claim
80NSSC25PA014,Contract,Space Exploration Technologies Corp,19038.4,0.0,TERMINATED,https://www.fpds.gov/ezsearch/jsp/viewLinkController.jsp?agencyID=8000&PIID=80NSSC25PA014&modNumber=P00001&idvAgencyID=&idvPIID=&contractType=AWARD,"Status: TERMINATED. Reported savings: $0. DOGE Action Date: 5/6/2025. Aspire public-private talent program, spacex immersion",National Aeronautics and Space Administration,5/6/2025,2025-05-06,evidence,external_claim
80NSSC25PA068,Contract,University Corporation for Atmospheric Research,14000.0,0.0,TERMINATED,https://www.fpds.gov/ezsearch/jsp/viewLinkController.jsp?agencyID=8000&PIID=80NSSC25PA068&modNumber=P00003&idvAgencyID=&idvPIID=&contractType=AWARD,Status: TERMINATED. Reported savings: $0. DOGE Action Date: 4/11/2025. Other scientific and technical consulting services ot dynamical neutral atmosphere-ionosphere coupling-x (DYNAMIC-X)  phase a study virginia polytechnic institute and state university (VT)/work on the development of data assimilation system with the hao/ncar whole atmosphere community climate model.,National Aeronautics and Space Administration,4/11/2025,2025-04-11,evidence,external_claim
80NSSC25PA641,Contract,"Messe Dusseldorf North America, Inc.",15200.0,0.0,TERMINATED,https://www.fpds.gov/ezsearch/jsp/viewLinkController.jsp?agencyID=8000&PIID=80NSSC25PA641&modNumber=P00001&idvAgencyID=&idvPIID=&contractType=AWARD,Status: TERMINATED. Reported savings: $0. DOGE Action Date: 5/6/2025. Booth space for NASA at association for unmanned/uncrewed vehicle systems international 2025,National Aeronautics and Space Administration,5/6/2025,2025-05-06,evidence,external_claim
