Contract ID,Reference IDV,Modification Number,Transaction Number,Award/IDV Type,Action Obligation ($),Date Signed,Solicitation Date,Contracting Agency ID,Contracting Agency,Contracting Office Name,PSC Type,PSC,PSC Description,NAICS,NAICS Description,Entity City,Entity State,Entity ZIP Code,Additional Reporting Code,Additional Reporting Description,Unique Entity ID,Ultimate Parent Unique Entity ID,Ultimate Parent Legal Business Name,Legal Business Name,CAGE Code,Unnamed: 26
80NSSC24PC064,,P00001,0,PO Purchase Order,$0.00,"Apr 8, 2025",,8000,NATIONAL AERONAUTICS AND SPACE ADMINISTRATION,NASA SHARED SERVICES CENTER,S,U009,EDUCATION/TRAINING- GENERAL,611710.0,EDUCATIONAL SUPPORT SERVICES,HOUSTON,TX,770566239,NONE,NONE OF THE ABOVE,CLMGDNJVMW15,CLMGDNJVMW15,THE JANDOR GROUP LLC,THE JANDOR GROUP LLC,9L7S4,
80NSSC23F0002,NNG15SD22B,P00001,0,DO Delivery Order,$0.00,"Apr 21, 2025",,8000,NATIONAL AERONAUTICS AND SPACE ADMINISTRATION,NASA SHARED SERVICES CENTER,S,DA10,IT AND TELECOM - BUSINESS APPLICATION/APPLICATION DEVELOPMENT SOFTWARE AS A SERVICE,541519.0,OTHER COMPUTER RELATED SERVICES,HERNDON,VA,201715505,NONE,NONE OF THE ABOVE,H1KHJPJH9R51,H1KHJPJH9R51,FOUR POINTS TECHNOLOGY  L.L.C.,"FOUR POINTS TECHNOLOGY, L.L.C.",1YS78,
80NSSC24PB720,,P00001,0,PO Purchase Order,$0.00,"Apr 8, 2025",,8000,NATIONAL AERONAUTICS AND SPACE ADMINISTRATION,NASA SHARED SERVICES CENTER,S,DG11,IT and Telecom - Network: Satellite Communications and Telecom Access Services,513210.0,SOFTWARE PUBLISHERS,BETTENDORF,IA,527223278,NONE,NONE OF THE ABOVE,MC2YEN912K88,ZBX9JPSP15D1,R3 UNIQ INC,R3 UNIQ INC,74WH3,
80NSSC24PC363,,P00002,0,PO Purchase Order,"-$6,000.00","Apr 8, 2025",,8000,NATIONAL AERONAUTICS AND SPACE ADMINISTRATION,NASA SHARED SERVICES CENTER,S,U005,EDUCATION/TRAINING- TUITION/REGISTRATION/MEMBERSHIP FEES,611710.0,EDUCATIONAL SUPPORT SERVICES,SAN DIEGO,CA,921211714,NONE,NONE OF THE ABOVE,V9XYVPWVB9C1,VGLXNJSGWA84,QUALCOMM TECHNOLOGIES INC,QUALCOMM TECHNOLOGIES INC,6SRK8,
80GRC022AA005,,P00001,0,BPA Blanket Purchase Agreement,$0.00,"Apr 8, 2025",,8000,NATIONAL AERONAUTICS AND SPACE ADMINISTRATION,NASA GLENN RESEARCH CENTER,P,3424,METAL HEAT TREATING AND NON-THERMAL TREATING EQUIPMENT,332710.0,MACHINE SHOPS,WAUSAU,WI,544019328,NONE,NONE OF THE ABOVE,EFHJM9QN5DJ5,EFHJM9QN5DJ5,APPLIED FAB & MACHINING  INC.,"APPLIED FAB & MACHINING, INC.",66C85,
80NSSC23PA010,,P00004,0,PO Purchase Order,"-$38,680.00","Apr 8, 2025",,8000,NATIONAL AERONAUTICS AND SPACE ADMINISTRATION,NASA SHARED SERVICES CENTER,S,R799,SUPPORT- MANAGEMENT: OTHER,488119.0,OTHER AIRPORT OPERATIONS,ROSAMOND,CA,935607205,NONE,NONE OF THE ABOVE,JHQKJ3FHH787,JHQKJ3FHH787,BUSINESS CLASS AVIATION INC.,BUSINESS CLASS AVIATION INC.,7RGA0,
80KSC021A0007,GS10F0202S,P00006,0,BPA Blanket Purchase Agreement,$0.00,"Mar 21, 2025",,8000,NATIONAL AERONAUTICS AND SPACE ADMINISTRATION,NASA KENNEDY SPACE CENTER,S,R408,SUPPORT- PROFESSIONAL: PROGRAM MANAGEMENT/SUPPORT,541611.0,ADMINISTRATIVE MANAGEMENT AND GENERAL MANAGEMENT CONSULTING SERVICES,WINTER SPRINGS,FL,327080034,NONE,NONE OF THE ABOVE,L2D8MLFE2G65,L2D8MLFE2G65,THE PERFORMANCE KNOWLEDGE GROUP  LLC,THE PERFORMANCE KNOWLEDGE GROUP LLC,3C2L4,
80NSSC24PA210,,P00002,0,PO Purchase Order,"-$70,000.00","Mar 28, 2025",,8000,NATIONAL AERONAUTICS AND SPACE ADMINISTRATION,NASA SHARED SERVICES CENTER,P,7A21,IT AND TELECOM - BUSINESS APPLICATION SOFTWARE (PERPETUAL LICENSE SOFTWARE),541519.0,OTHER COMPUTER RELATED SERVICES,UPPSALA,,753 09,NONE,NONE OF THE ABOVE,UAMPD6KHNVU8,UAMPD6KHNVU8,UNIBAP AB,UNIBAP AB,AYFAN,
80NSSC24PC269,,P00001,0,PO Purchase Order,$0.00,"Mar 24, 2025",,8000,NATIONAL AERONAUTICS AND SPACE ADMINISTRATION,NASA SHARED SERVICES CENTER,S,U002,EDUCATION/TRAINING- PERSONNEL TESTING,541618.0,OTHER MANAGEMENT CONSULTING SERVICES,MCLEAN,VA,221025150,NONE,NONE OF THE ABOVE,MAA3SBSDQVM1,MAA3SBSDQVM1,KPMG LLP,KPMG LLP,7QEG9,
80NSSC25K7031,,P00002,0,Grant For Research,$0.00,"Jun 6, 2025",,8000,NATIONAL AERONAUTICS AND SPACE ADMINISTRATION,NASA SHARED SERVICES CENTER,S,AJ11,GENERAL SCIENCE AND TECHNOLOGY R&D SERVICES; GENERAL SCIENCE AND TECHNOLOGY; BASIC RESEARCH,,,SOMERVILLE,MA,021442401,,,WL9FLBRVPJJ7,WL9FLBRVPJJ7,TRUSTEES OF TUFTS COLLEGE,TRUSTEES OF TUFTS COLLEGE,4B965,
80HQTR24F0064,80MSFC21D0009,P00003,0,DO Delivery Order,$0.00,"Mar 21, 2025","May 1, 2024",8000,NATIONAL AERONAUTICS AND SPACE ADMINISTRATION,NASA GODDARD SPACE FLIGHT CENTER,S,R408,SUPPORT- PROFESSIONAL: PROGRAM MANAGEMENT/SUPPORT,541715.0,"RESEARCH AND DEVELOPMENT IN THE PHYSICAL, ENGINEERING, AND LIFE SCIENCES (EXCEPT NANOTECHNOLOGY AND BIOTECHNOLOGY)",HOUSTON,TX,770593658,NONE,NONE OF THE ABOVE,EHD6UHNJVH66,EHD6UHNJVH66,BARRIOS TECHNOLOGY  LLC,BARRIOS TECHNOLOGY LTD,1J044,
80JSC024FA135,80JSC023AA001,P00002,0,BPA Call Blanket Purchase Agreement,$0.00,"Jan 27, 2025",,8000,NATIONAL AERONAUTICS AND SPACE ADMINISTRATION,NASA JOHNSON SPACE CENTER,S,B599,SPECIAL STUDIES/ANALYSIS- OTHER,541330.0,ENGINEERING SERVICES,MC LEAN,VA,221023830,NONE,NONE OF THE ABOVE,JCBMLGPE6Z71,MBPHTU7Y9S65,BOOZ ALLEN HAMILTON INC,BOOZ ALLEN HAMILTON INC,17038,
80GSFC23CA030,,P00010,0,DCA Definitive Contract,"$343,290.45","Sep 29, 2025","Mar 28, 2022",8000,NATIONAL AERONAUTICS AND SPACE ADMINISTRATION,NASA GODDARD SPACE FLIGHT CENTER,P,1675,SPACE VEHICLE COMPONENTS,336414.0,GUIDED MISSILE AND SPACE VEHICLE MANUFACTURING,LONGMONT,CO,805016767,NONE,NONE OF THE ABOVE,Q66XJ43E51L7,Q66XJ43E51L7,HONEYBEE ROBOTICS LLC,HONEYBEE ROBOTICS LLC,8DSS5,
80LARC21F0083,80LARC20D0007,P00006,0,DO Delivery Order,$0.00,"Apr 8, 2025","Feb 25, 2021",8000,NATIONAL AERONAUTICS AND SPACE ADMINISTRATION,NASA LANGLEY RESEARCH CENTER,S,R410,SUPPORT- PROFESSIONAL: PROGRAM EVALUATION/REVIEW/DEVELOPMENT,541715.0,"RESEARCH AND DEVELOPMENT IN THE PHYSICAL, ENGINEERING, AND LIFE SCIENCES (EXCEPT NANOTECHNOLOGY AND BIOTECHNOLOGY)",COLUMBIA,MD,210461605,"E, S","EMPLOYMENT ELIGIBILITY VERIFICATION (52.222-54), SERVICE CONTRACT INVENTORY (FAR 4.17)",GXW2CL8CGKC1,GXW2CL8CGKC1,CORNELL TECHNICAL SERVICES LLC,CORNELL TECHNICAL SERVICES LLC,33HR3,
80NSSC24PC269,,P00002,0,PO Purchase Order,"-$24,000.00","Jun 10, 2025",,8000,NATIONAL AERONAUTICS AND SPACE ADMINISTRATION,NASA SHARED SERVICES CENTER,S,U002,EDUCATION/TRAINING- PERSONNEL TESTING,541618.0,OTHER MANAGEMENT CONSULTING SERVICES,MCLEAN,VA,221025150,NONE,NONE OF THE ABOVE,MAA3SBSDQVM1,MAA3SBSDQVM1,KPMG LLP,KPMG LLP,7QEG9,
80NSSC24PA590,,P00001,0,PO Purchase Order,$0.00,"Jan 31, 2025",,8000,NATIONAL AERONAUTICS AND SPACE ADMINISTRATION,NASA SHARED SERVICES CENTER,S,U099,EDUCATION/TRAINING- OTHER,541611.0,ADMINISTRATIVE MANAGEMENT AND GENERAL MANAGEMENT CONSULTING SERVICES,FLOWER MOUND,TX,750226078,NONE,NONE OF THE ABOVE,X7QAVLW1GGB1,X7QAVLW1GGB1,ELI GROUP  LLC,"ELI GROUP, LLC",4Y7X5,
80GSFC23CA001,,P00009,0,DCA Definitive Contract,$0.00,"May 1, 2025","Dec 7, 2022",8000,NATIONAL AERONAUTICS AND SPACE ADMINISTRATION,NASA GODDARD SPACE FLIGHT CENTER,S,AJ11,GENERAL SCIENCE AND TECHNOLOGY R&D SERVICES; GENERAL SCIENCE AND TECHNOLOGY; BASIC RESEARCH,541715.0,"RESEARCH AND DEVELOPMENT IN THE PHYSICAL, ENGINEERING, AND LIFE SCIENCES (EXCEPT NANOTECHNOLOGY AND BIOTECHNOLOGY)",NEW YORK,NY,10027,NONE,NONE OF THE ABOVE,F4N1QNPB95M4,F4N1QNPB95M4,THE TRUSTEES OF COLUMBIA UNIVERSITY IN THE CITY OF NEW YORK,"TRUSTEES OF COLUMBIA UNIVERSITY IN THE CITY OF NEW YORK, THE",1B053,
80LARC25F7011,80LARC20D0007,P00003,0,DO Delivery Order,$0.00,"Apr 8, 2025","Nov 5, 2024",8000,NATIONAL AERONAUTICS AND SPACE ADMINISTRATION,NASA LANGLEY RESEARCH CENTER,S,R410,SUPPORT- PROFESSIONAL: PROGRAM EVALUATION/REVIEW/DEVELOPMENT,541715.0,"RESEARCH AND DEVELOPMENT IN THE PHYSICAL, ENGINEERING, AND LIFE SCIENCES (EXCEPT NANOTECHNOLOGY AND BIOTECHNOLOGY)",COLUMBIA,MD,210461605,"E, S","EMPLOYMENT ELIGIBILITY VERIFICATION (52.222-54), SERVICE CONTRACT INVENTORY (FAR 4.17)",GXW2CL8CGKC1,GXW2CL8CGKC1,CORNELL TECHNICAL SERVICES LLC,CORNELL TECHNICAL SERVICES LLC,33HR3,
80HQTR24F0073,80MSFC21D0009,P00001,0,DO Delivery Order,$0.00,"Mar 21, 2025","Jul 3, 2024",8000,NATIONAL AERONAUTICS AND SPACE ADMINISTRATION,NASA GODDARD SPACE FLIGHT CENTER,S,R408,SUPPORT- PROFESSIONAL: PROGRAM MANAGEMENT/SUPPORT,541715.0,"RESEARCH AND DEVELOPMENT IN THE PHYSICAL, ENGINEERING, AND LIFE SCIENCES (EXCEPT NANOTECHNOLOGY AND BIOTECHNOLOGY)",HOUSTON,TX,770593658,NONE,NONE OF THE ABOVE,EHD6UHNJVH66,EHD6UHNJVH66,BARRIOS TECHNOLOGY  LLC,BARRIOS TECHNOLOGY LTD,1J044,
80GSFC23CA001,,P00010,0,DCA Definitive Contract,"-$742,496.85","May 28, 2025","Dec 7, 2022",8000,NATIONAL AERONAUTICS AND SPACE ADMINISTRATION,NASA GODDARD SPACE FLIGHT CENTER,S,AJ11,GENERAL SCIENCE AND TECHNOLOGY R&D SERVICES; GENERAL SCIENCE AND TECHNOLOGY; BASIC RESEARCH,541715.0,"RESEARCH AND DEVELOPMENT IN THE PHYSICAL, ENGINEERING, AND LIFE SCIENCES (EXCEPT NANOTECHNOLOGY AND BIOTECHNOLOGY)",NEW YORK,NY,10027,NONE,NONE OF THE ABOVE,F4N1QNPB95M4,F4N1QNPB95M4,THE TRUSTEES OF COLUMBIA UNIVERSITY IN THE CITY OF NEW YORK,"TRUSTEES OF COLUMBIA UNIVERSITY IN THE CITY OF NEW YORK, THE",1B053,
80GSFC23CA001,,P00011,0,DCA Definitive Contract,"-$8,203.43","Sep 4, 2025","Dec 7, 2022",8000,NATIONAL AERONAUTICS AND SPACE ADMINISTRATION,NASA GODDARD SPACE FLIGHT CENTER,S,AJ11,GENERAL SCIENCE AND TECHNOLOGY R&D SERVICES; GENERAL SCIENCE AND TECHNOLOGY; BASIC RESEARCH,541715.0,"RESEARCH AND DEVELOPMENT IN THE PHYSICAL, ENGINEERING, AND LIFE SCIENCES (EXCEPT NANOTECHNOLOGY AND BIOTECHNOLOGY)",NEW YORK,NY,10027,NONE,NONE OF THE ABOVE,F4N1QNPB95M4,F4N1QNPB95M4,THE TRUSTEES OF COLUMBIA UNIVERSITY IN THE CITY OF NEW YORK,"TRUSTEES OF COLUMBIA UNIVERSITY IN THE CITY OF NEW YORK, THE",1B053,
80GRC022AA023,,P00001,0,BPA Blanket Purchase Agreement,$0.00,"Apr 8, 2025",,8000,NATIONAL AERONAUTICS AND SPACE ADMINISTRATION,NASA GLENN RESEARCH CENTER,P,3424,METAL HEAT TREATING AND NON-THERMAL TREATING EQUIPMENT,332710.0,MACHINE SHOPS,NEWPORT NEWS,VA,236062551,NONE,NONE OF THE ABOVE,X7LUT2X36JC1,EUY1C3NM2WN3,CALSPAN HOLDINGS  LLC,CALSPAN SYSTEMS CORPORATION,8Y173,
80NSSC23M0020,,P00003,0,Cooperative Agreement,$0.00,"Apr 8, 2025",,8000,NATIONAL AERONAUTICS AND SPACE ADMINISTRATION,NASA SHARED SERVICES CENTER,S,AJ14,GENERAL SCIENCE & TECHNOLOGY R&D SVCS; GENERAL SCIENCE & TECHNOLOGY; R&D ADMINISTRATIVE EXPENSES,,,CLAYTON,DE,199381820,,,WVSCVLNFLWE7,WVSCVLNFLWE7,BLUE MARBLE SPACE,BLUE MARBLE SPACE,62A59,
80GRC022AA024,,P00001,0,BPA Blanket Purchase Agreement,$0.00,"Apr 8, 2025",,8000,NATIONAL AERONAUTICS AND SPACE ADMINISTRATION,NASA GLENN RESEARCH CENTER,P,3424,METAL HEAT TREATING AND NON-THERMAL TREATING EQUIPMENT,332710.0,MACHINE SHOPS,ELKHART,IN,465148299,NONE,NONE OF THE ABOVE,EY94JAHLDPF4,EY94JAHLDPF4,KESSINGTON  LLC,"KESSINGTON, LLC",7W902,
80GRC022AA021,,P00002,0,BPA Blanket Purchase Agreement,$0.00,"Apr 8, 2025",,8000,NATIONAL AERONAUTICS AND SPACE ADMINISTRATION,NASA GLENN RESEARCH CENTER,P,3424,METAL HEAT TREATING AND NON-THERMAL TREATING EQUIPMENT,332710.0,MACHINE SHOPS,SARASOTA,FL,342432724,NONE,NONE OF THE ABOVE,F1FUELCRNK25,F1FUELCRNK25,UNIPAK AVIATION  LLC,"UNIPAK AVIATION, LLC",1B673,
80GRC022AA014,,P00002,0,BPA Blanket Purchase Agreement,$0.00,"Apr 8, 2025",,8000,NATIONAL AERONAUTICS AND SPACE ADMINISTRATION,NASA GLENN RESEARCH CENTER,P,3424,METAL HEAT TREATING AND NON-THERMAL TREATING EQUIPMENT,332710.0,MACHINE SHOPS,LIVONIA,MI,481501603,NONE,NONE OF THE ABOVE,PQNHB1KL9GK3,PQNHB1KL9GK3,KCS PROTOTYPE AND DESIGN LLC,KCS PROTOTYPE AND DESIGN LLC,8STC6,
80GRC022AA017,,P00002,0,BPA Blanket Purchase Agreement,$0.00,"Apr 8, 2025",,8000,NATIONAL AERONAUTICS AND SPACE ADMINISTRATION,NASA GLENN RESEARCH CENTER,P,3424,METAL HEAT TREATING AND NON-THERMAL TREATING EQUIPMENT,332710.0,MACHINE SHOPS,BLOOMINGTON,IN,474033015,NONE,NONE OF THE ABOVE,XALNPG6M2CT8,XALNPG6M2CT8,MSP AVIATION  INC.,"MSP AVIATION, INC.",91893,
80GRC022AA006,,P00001,0,BPA Blanket Purchase Agreement,$0.00,"Apr 8, 2025",,8000,NATIONAL AERONAUTICS AND SPACE ADMINISTRATION,NASA GLENN RESEARCH CENTER,P,3424,METAL HEAT TREATING AND NON-THERMAL TREATING EQUIPMENT,332710.0,MACHINE SHOPS,HOUSTON,TX,770736018,NONE,NONE OF THE ABOVE,JT6CKMCE4AN7,JT6CKMCE4AN7,AXIAL GLOBAL  LLC.,"AXIAL GLOBAL, LLC.",967X0,
80GRC022AA018,,P00002,0,BPA Blanket Purchase Agreement,$0.00,"Apr 8, 2025",,8000,NATIONAL AERONAUTICS AND SPACE ADMINISTRATION,NASA GLENN RESEARCH CENTER,P,3424,METAL HEAT TREATING AND NON-THERMAL TREATING EQUIPMENT,332710.0,MACHINE SHOPS,COCOA,FL,329265975,NONE,NONE OF THE ABOVE,FACXKY7FULJ4,FACXKY7FULJ4,PRECISION FABRICATING & CLEANING COMPANY  INC.,"PRECISION FABRICATING & CLEANING COMPANY, INC.",66589,
80NSSC23FA528,80NSSC23DA001,P00007,0,DO Delivery Order,"-$136,672.81","Apr 23, 2025","May 8, 2023",8000,NATIONAL AERONAUTICS AND SPACE ADMINISTRATION,NASA SHARED SERVICES CENTER,S,R431,SUPPORT- PROFESSIONAL: HUMAN RESOURCES,541612.0,"HUMAN RESOURCES CONSULTING SERVICES (2007), HUMAN RESOURCES AND EXECUTIVE SEARCH CONSULTING SERVICES (2002)",NORCROSS,GA,300924238,NONE,NONE OF THE ABOVE,XPA8X2BWTD49,XPA8X2BWTD49,IBEX IT BUSINESS EXPERTS LLC,IBEX IT BUSINESS EXPERTS LLC,6DRY3,
80MSFC22F0153,80MSFC20D0004,P00004,0,DO Delivery Order,$0.00,"Apr 8, 2025","Jun 7, 2022",8000,NATIONAL AERONAUTICS AND SPACE ADMINISTRATION,NASA MARSHALL SPACE FLIGHT CENTER,S,AR11,"SPACE R&D SERVICES; SPACE FLIGHT, RESEARCH AND SUPPORTING ACTIVITIES; BASIC RESEARCH",541715.0,"RESEARCH AND DEVELOPMENT IN THE PHYSICAL, ENGINEERING, AND LIFE SCIENCES (EXCEPT NANOTECHNOLOGY AND BIOTECHNOLOGY)",LAUREL,MD,207236005,NONE,NONE OF THE ABOVE,C1HBCJ9RMBV3,C1HBCJ9RMBV3,JOHNS HOPKINS UNIVERSITY,"JOHNS HOPKINS UNIVERSITY APPLIED PHYSICS LABORATORY LLC, THE",88898,
80NSSC24K0913,,P00001,0,Grant For Research,$0.00,"Apr 9, 2025",,8000,NATIONAL AERONAUTICS AND SPACE ADMINISTRATION,NASA SHARED SERVICES CENTER,S,AJ11,GENERAL SCIENCE AND TECHNOLOGY R&D SERVICES; GENERAL SCIENCE AND TECHNOLOGY; BASIC RESEARCH,,,HOUSTON,TX,770303870,,,ZUFBNVZ587D4,ZUFBNVZ587D4,UNIVERSITY OF TEXAS HEALTH SCIENCE CENTER AT HOUSTON,UNIVERSITY OF TEXAS HEALTH SCIENCE CENTER AT HOUSTON,0NUJ3,
80SSC021F0001,80SSC021A0001,P00004,0,BPA Call Blanket Purchase Agreement,$0.00,"Apr 8, 2025",,8000,NATIONAL AERONAUTICS AND SPACE ADMINISTRATION,NASA STENNIS SPACE CENTER,S,Q999,MEDICAL- OTHER,621511.0,MEDICAL LABORATORIES,BAY SAINT LOUIS,MS,395201620,NONE,NONE OF THE ABOVE,VQ7XHR924QR5,VQ7XHR924QR5,TRILOGY MEDICAL RESOURCES LLC,TRILOGY MEDICAL RESOURCES LLC,86N96,
80NSSC23K1130,,P00003,0,Grant For Research,$0.00,"Apr 4, 2025",,8000,NATIONAL AERONAUTICS AND SPACE ADMINISTRATION,NASA SHARED SERVICES CENTER,S,AJ11,GENERAL SCIENCE AND TECHNOLOGY R&D SERVICES; GENERAL SCIENCE AND TECHNOLOGY; BASIC RESEARCH,,,PRINCETON,NJ,085442001,,,NJ1YPQXQG7U5,NJ1YPQXQG7U5,THE TRUSTEES OF PRINCETON UNIVERSITY,THE TRUSTEES OF PRINCETON UNIVERSITY,4B486,
80NSSC25K7118,,P00002,0,Grant For Research,$0.00,"Apr 4, 2025",,8000,NATIONAL AERONAUTICS AND SPACE ADMINISTRATION,NASA SHARED SERVICES CENTER,S,AJ11,GENERAL SCIENCE AND TECHNOLOGY R&D SERVICES; GENERAL SCIENCE AND TECHNOLOGY; BASIC RESEARCH,,,PRINCETON,NJ,085442001,,,NJ1YPQXQG7U5,NJ1YPQXQG7U5,THE TRUSTEES OF PRINCETON UNIVERSITY,THE TRUSTEES OF PRINCETON UNIVERSITY,4B486,
80GSFC21C0057,,P00012,0,DCA Definitive Contract,$0.00,"Apr 9, 2025","Sep 18, 2020",8000,NATIONAL AERONAUTICS AND SPACE ADMINISTRATION,NASA GODDARD SPACE FLIGHT CENTER,P,1675,SPACE VEHICLE COMPONENTS,541715.0,"RESEARCH AND DEVELOPMENT IN THE PHYSICAL, ENGINEERING, AND LIFE SCIENCES (EXCEPT NANOTECHNOLOGY AND BIOTECHNOLOGY)",SUGAR LAND,TX,774783155,NONE,NONE OF THE ABOVE,SWQRHE8G2MC3,NP34SKZ7H1R3,SCHLUMBERGER TECHNOLOGY CORPORATION,SCHLUMBERGER TECHNOLOGY CORPORATION,3CRC7,
80HQTR24F0096,80GSFC19D0011,P00002,0,DO Delivery Order,$0.00,"Apr 8, 2025","Aug 28, 2024",8000,NATIONAL AERONAUTICS AND SPACE ADMINISTRATION,NASA HEADQUARTERS,S,AR12,"SPACE R&D SERVICES; SPACE FLIGHT, RESEARCH AND SUPPORTING ACTIVITIES; APPLIED RESEARCH",541715.0,"RESEARCH AND DEVELOPMENT IN THE PHYSICAL, ENGINEERING, AND LIFE SCIENCES (EXCEPT NANOTECHNOLOGY AND BIOTECHNOLOGY)",EL SEGUNDO,CA,902454609,NONE,NONE OF THE ABOVE,YA8LJBJCND19,YA8LJBJCND19,THE AEROSPACE CORPORATION,THE AEROSPACE CORPORATION,12782,
80NM0018F0566,80NM0018D0004,P00026,0,DO Delivery Order,$0.00,"Apr 3, 2025",,8000,NATIONAL AERONAUTICS AND SPACE ADMINISTRATION,NASA MANAGEMENT OFFICE -- JPL,S,AR22,R&D- SPACE: SCIENCE/APPLICATIONS (APPLIED RESEARCH/EXPLORATORY DEVELOPMENT),541715.0,"RESEARCH AND DEVELOPMENT IN THE PHYSICAL, ENGINEERING, AND LIFE SCIENCES (EXCEPT NANOTECHNOLOGY AND BIOTECHNOLOGY)",PASADENA,CA,911098001,NONE,NONE OF THE ABOVE,YC1YP79BFD19,YC1YP79BFD19,CALIFORNIA INSTITUTE OF TECHNOLOGY,CALIFORNIA INSTITUTE OF TECHNOLOGY,23835,
80NM0018F0566,80NM0018D0004,P00027,0,DO Delivery Order,"-$551,349.26","Aug 12, 2025",,8000,NATIONAL AERONAUTICS AND SPACE ADMINISTRATION,NASA MANAGEMENT OFFICE -- JPL,S,AR22,R&D- SPACE: SCIENCE/APPLICATIONS (APPLIED RESEARCH/EXPLORATORY DEVELOPMENT),541715.0,"RESEARCH AND DEVELOPMENT IN THE PHYSICAL, ENGINEERING, AND LIFE SCIENCES (EXCEPT NANOTECHNOLOGY AND BIOTECHNOLOGY)",PASADENA,CA,911098001,NONE,NONE OF THE ABOVE,YC1YP79BFD19,YC1YP79BFD19,CALIFORNIA INSTITUTE OF TECHNOLOGY,CALIFORNIA INSTITUTE OF TECHNOLOGY,23835,
80NSSC19K0748,,P00005,0,Grant For Research,$0.00,"Apr 8, 2025",,8000,NATIONAL AERONAUTICS AND SPACE ADMINISTRATION,NASA SHARED SERVICES CENTER,S,AR21,R&D- SPACE: SCIENCE/APPLICATIONS (BASIC RESEARCH),,,TELLURIDE,CO,81435,,,VJ18ZVSU66R4,VJ18ZVSU66R4,THE PINHEAD INSTITUTE INC,"PINHEAD INSTITUTE, INC, THE",7PL22,
80NSSC23K0983,,P00002,0,Grant For Research,$0.00,"Apr 4, 2025",,8000,NATIONAL AERONAUTICS AND SPACE ADMINISTRATION,NASA SHARED SERVICES CENTER,S,AJ11,GENERAL SCIENCE AND TECHNOLOGY R&D SERVICES; GENERAL SCIENCE AND TECHNOLOGY; BASIC RESEARCH,,,PRINCETON,NJ,085442001,,,NJ1YPQXQG7U5,NJ1YPQXQG7U5,THE TRUSTEES OF PRINCETON UNIVERSITY,THE TRUSTEES OF PRINCETON UNIVERSITY,4B486,
80MSFC24F0067,80MSFC20D0004,P00002,0,DO Delivery Order,$0.00,"Jan 23, 2025","Jan 12, 2024",8000,NATIONAL AERONAUTICS AND SPACE ADMINISTRATION,NASA MARSHALL SPACE FLIGHT CENTER,S,AR11,"SPACE R&D SERVICES; SPACE FLIGHT, RESEARCH AND SUPPORTING ACTIVITIES; BASIC RESEARCH",541715.0,"RESEARCH AND DEVELOPMENT IN THE PHYSICAL, ENGINEERING, AND LIFE SCIENCES (EXCEPT NANOTECHNOLOGY AND BIOTECHNOLOGY)",LAUREL,MD,207236005,NONE,NONE OF THE ABOVE,C1HBCJ9RMBV3,C1HBCJ9RMBV3,JOHNS HOPKINS UNIVERSITY,"JOHNS HOPKINS UNIVERSITY APPLIED PHYSICS LABORATORY LLC, THE",88898,
80NSSC22K0223,,P00004,0,Grant For Research,$0.00,"Apr 8, 2025",,8000,NATIONAL AERONAUTICS AND SPACE ADMINISTRATION,NASA SHARED SERVICES CENTER,S,AJ11,GENERAL SCIENCE AND TECHNOLOGY R&D SERVICES; GENERAL SCIENCE AND TECHNOLOGY; BASIC RESEARCH,,,WASHINGTON,DC,200091231,,,QSTAN1HJRXJ5,QSTAN1HJRXJ5,AMERICAN GEOPHYSICAL UNION,AMERICAN GEOPHYSICAL UNION,6M099,
80KSC024F0044,80KSC021A0007,P00001,0,BPA Call Blanket Purchase Agreement,$0.00,"Mar 21, 2025",,8000,NATIONAL AERONAUTICS AND SPACE ADMINISTRATION,NASA KENNEDY SPACE CENTER,S,R408,SUPPORT- PROFESSIONAL: PROGRAM MANAGEMENT/SUPPORT,541611.0,ADMINISTRATIVE MANAGEMENT AND GENERAL MANAGEMENT CONSULTING SERVICES,WINTER SPRINGS,FL,327080034,NONE,NONE OF THE ABOVE,L2D8MLFE2G65,L2D8MLFE2G65,THE PERFORMANCE KNOWLEDGE GROUP  LLC,THE PERFORMANCE KNOWLEDGE GROUP LLC,3C2L4,
NNC09BA07B,,1,0,IDC Indefinite Delivery Contract,$0.00,"Apr 29, 2009",,8000,NATIONAL AERONAUTICS AND SPACE ADMINISTRATION,GLENN RESEARCH CENTER,P,5805,TELEPHONE AND TELEGRAPH EQUIPMENT,334516.0,ANALYTICAL LABORATORY INSTRUMENT MANUFACTURING,NEWTOWN,PA,189401830,,,JKWWHMLK9AM6,JKWWHMLK9AM6,TELETRONICS TECHNOLOGY CORP,TELETRONICS TECHNOLOGY,1EGB0,
80NSSC25K7030,,P00001,0,Grant For Research,$0.00,"Apr 9, 2025",,8000,NATIONAL AERONAUTICS AND SPACE ADMINISTRATION,NASA SHARED SERVICES CENTER,S,AJ11,GENERAL SCIENCE AND TECHNOLOGY R&D SERVICES; GENERAL SCIENCE AND TECHNOLOGY; BASIC RESEARCH,,,HOUSTON,TX,770303870,,,ZUFBNVZ587D4,ZUFBNVZ587D4,UNIVERSITY OF TEXAS HEALTH SCIENCE CENTER AT HOUSTON,UNIVERSITY OF TEXAS HEALTH SCIENCE CENTER AT HOUSTON,0NUJ3,
80HQTR22AA009,,P00003,0,BPA Blanket Purchase Agreement,$0.00,"Mar 11, 2025",,8000,NATIONAL AERONAUTICS AND SPACE ADMINISTRATION,NASA HEADQUARTERS,S,R499,SUPPORT- PROFESSIONAL: OTHER,541990.0,"ALL OTHER PROFESSIONAL, SCIENTIFIC, AND TECHNICAL SERVICES",MONTREAL,QC,H2W 1Y5,NONE,NONE OF THE ABOVE,NB4CKQDR8WV9,NB4CKQDR8WV9,GHGSAT INCORPORATED,GHGSAT INCORPORATED,L08N0,
80NSSC19K0748,,P00006,0,Grant For Research,$0.00,"May 14, 2025",,8000,NATIONAL AERONAUTICS AND SPACE ADMINISTRATION,NASA SHARED SERVICES CENTER,S,AR21,R&D- SPACE: SCIENCE/APPLICATIONS (BASIC RESEARCH),,,TELLURIDE,CO,81435,,,VJ18ZVSU66R4,VJ18ZVSU66R4,THE PINHEAD INSTITUTE INC,"PINHEAD INSTITUTE, INC, THE",7PL22,
80NSSC22K0223,,P00005,0,Grant For Research,$0.00,"May 14, 2025",,8000,NATIONAL AERONAUTICS AND SPACE ADMINISTRATION,NASA SHARED SERVICES CENTER,S,AJ11,GENERAL SCIENCE AND TECHNOLOGY R&D SERVICES; GENERAL SCIENCE AND TECHNOLOGY; BASIC RESEARCH,,,WASHINGTON,DC,200091231,,,QSTAN1HJRXJ5,QSTAN1HJRXJ5,AMERICAN GEOPHYSICAL UNION,AMERICAN GEOPHYSICAL UNION,6M099,
80NSSC23M0020,,P00004,0,Cooperative Agreement,$0.00,"May 14, 2025",,8000,NATIONAL AERONAUTICS AND SPACE ADMINISTRATION,NASA SHARED SERVICES CENTER,S,AJ14,GENERAL SCIENCE & TECHNOLOGY R&D SVCS; GENERAL SCIENCE & TECHNOLOGY; R&D ADMINISTRATIVE EXPENSES,,,CLAYTON,DE,199381820,,,WVSCVLNFLWE7,WVSCVLNFLWE7,BLUE MARBLE SPACE,BLUE MARBLE SPACE,62A59,
80NSSC19K1666,,P00002,0,Grant For Research,$0.00,"May 14, 2025",,8000,NATIONAL AERONAUTICS AND SPACE ADMINISTRATION,NASA SHARED SERVICES CENTER,S,AR21,R&D- SPACE: SCIENCE/APPLICATIONS (BASIC RESEARCH),,,KISSIMMEE,FL,347444430,,,LJYNSENQXKM5,LJYNSENQXKM5,IMEC USA NANOELECTRONICS DESIGN CENTER  INC.,"IMEC USA NANOELECTRONICS DESIGN CENTER, INC.",829E7,
80KSC024F0043,80KSC021A0007,P00003,0,BPA Call Blanket Purchase Agreement,$0.00,"Mar 21, 2025",,8000,NATIONAL AERONAUTICS AND SPACE ADMINISTRATION,NASA KENNEDY SPACE CENTER,S,R408,SUPPORT- PROFESSIONAL: PROGRAM MANAGEMENT/SUPPORT,541611.0,ADMINISTRATIVE MANAGEMENT AND GENERAL MANAGEMENT CONSULTING SERVICES,WINTER SPRINGS,FL,327080034,NONE,NONE OF THE ABOVE,L2D8MLFE2G65,L2D8MLFE2G65,THE PERFORMANCE KNOWLEDGE GROUP  LLC,THE PERFORMANCE KNOWLEDGE GROUP LLC,3C2L4,
80HQTR24F0046,80MSFC21D0009,P00002,0,DO Delivery Order,$0.00,"Mar 13, 2025","Dec 13, 2023",8000,NATIONAL AERONAUTICS AND SPACE ADMINISTRATION,NASA HEADQUARTERS,S,R408,SUPPORT- PROFESSIONAL: PROGRAM MANAGEMENT/SUPPORT,541715.0,"RESEARCH AND DEVELOPMENT IN THE PHYSICAL, ENGINEERING, AND LIFE SCIENCES (EXCEPT NANOTECHNOLOGY AND BIOTECHNOLOGY)",HOUSTON,TX,770593658,NONE,NONE OF THE ABOVE,EHD6UHNJVH66,EHD6UHNJVH66,BARRIOS TECHNOLOGY  LLC,BARRIOS TECHNOLOGY LTD,1J044,
80NSSC24K0520,,P00001,0,Grant For Research,$0.00,"Mar 21, 2025",,8000,NATIONAL AERONAUTICS AND SPACE ADMINISTRATION,NASA SHARED SERVICES CENTER,S,AJ11,GENERAL SCIENCE AND TECHNOLOGY R&D SERVICES; GENERAL SCIENCE AND TECHNOLOGY; BASIC RESEARCH,,,NEW YORK,NY,100294418,,,NVRHEMLD6ZL5,NVRHEMLD6ZL5,NATURAL AREAS CONSERVANCY INC,NATURAL AREAS CONSERVANCY INC,861B4,
80NSSC22K1675,,P00003,0,Grant For Research,$0.00,"Mar 21, 2025",,8000,NATIONAL AERONAUTICS AND SPACE ADMINISTRATION,NASA SHARED SERVICES CENTER,S,AJ14,GENERAL SCIENCE & TECHNOLOGY R&D SVCS; GENERAL SCIENCE & TECHNOLOGY; R&D ADMINISTRATIVE EXPENSES,,,AUSTIN,TX,787121139,,,V6AFQPN18437,V6AFQPN18437,UNIVERSITY OF TEXAS AT AUSTIN,UNIVERSITY OF TEXAS AT AUSTIN,9B981,
80NSSC25K7029,,P00002,0,Grant For Research,$0.00,"May 14, 2025",,8000,NATIONAL AERONAUTICS AND SPACE ADMINISTRATION,NASA SHARED SERVICES CENTER,S,AJ11,GENERAL SCIENCE AND TECHNOLOGY R&D SERVICES; GENERAL SCIENCE AND TECHNOLOGY; BASIC RESEARCH,,,DURHAM,NC,277090155,,,JJHCMK4NT5N3,JJHCMK4NT5N3,RESEARCH TRIANGLE INSTITUTE INC,RESEARCH TRIANGLE INSTITUTE,3A730,
80NSSC25K7032,,P00002,0,Grant For Research,$0.00,"May 14, 2025",,8000,NATIONAL AERONAUTICS AND SPACE ADMINISTRATION,NASA SHARED SERVICES CENTER,S,AJ11,GENERAL SCIENCE AND TECHNOLOGY R&D SERVICES; GENERAL SCIENCE AND TECHNOLOGY; BASIC RESEARCH,,,ATLANTA,GA,303221061,,,S352L5PJLMP8,S352L5PJLMP8,EMORY UNIVERSITY,EMORY UNIVERSITY,2K291,
80NSSC19K0326,,P00019,0,Grant For Research,$0.00,"May 12, 2025",,8000,NATIONAL AERONAUTICS AND SPACE ADMINISTRATION,NASA SHARED SERVICES CENTER,S,AR21,R&D- SPACE: SCIENCE/APPLICATIONS (BASIC RESEARCH),,,CAMBRIDGE,MA,021385369,,,LN53LCFJFL45,LN53LCFJFL45,PRESIDENT AND FELLOWS OF HARVARD COLLEGE,PRESIDENT AND FELLOWS OF HARVARD COLLEGE,1NQH4,
80NSSC25K7029,,P00001,0,Grant For Research,$0.00,"Apr 8, 2025",,8000,NATIONAL AERONAUTICS AND SPACE ADMINISTRATION,NASA SHARED SERVICES CENTER,S,AJ11,GENERAL SCIENCE AND TECHNOLOGY R&D SERVICES; GENERAL SCIENCE AND TECHNOLOGY; BASIC RESEARCH,,,DURHAM,NC,277090155,,,JJHCMK4NT5N3,JJHCMK4NT5N3,RESEARCH TRIANGLE INSTITUTE INC,RESEARCH TRIANGLE INSTITUTE,3A730,
80NSSC24K0944,,P00001,0,Grant For Research,$0.00,"Mar 21, 2025",,8000,NATIONAL AERONAUTICS AND SPACE ADMINISTRATION,NASA SHARED SERVICES CENTER,S,AJ11,GENERAL SCIENCE AND TECHNOLOGY R&D SERVICES; GENERAL SCIENCE AND TECHNOLOGY; BASIC RESEARCH,,,ARLINGTON,VA,222013868,,,PWKMBNSLWMJ6,PWKMBNSLWMJ6,NATIONAL SOCIETY OF BLACK PHYSICISTS  INC.,"NATIONAL SOCIETY OF BLACK PHYSICISTS, INC.",3BXE6,
80NSSC24K0114,,P00002,0,Grant For Research,$0.00,"Mar 21, 2025",,8000,NATIONAL AERONAUTICS AND SPACE ADMINISTRATION,NASA SHARED SERVICES CENTER,S,AJ11,GENERAL SCIENCE AND TECHNOLOGY R&D SERVICES; GENERAL SCIENCE AND TECHNOLOGY; BASIC RESEARCH,,,BROOKPARK,OH,441421012,,,SZNRL7J8S5C4,SZNRL7J8S5C4,OHIO AEROSPACE INSTITUTE,OHIO AEROSPACE INSTITUTE,0W083,
80NSSC21M0003,,P00010,0,Cooperative Agreement,$0.00,"Mar 21, 2025",,8000,NATIONAL AERONAUTICS AND SPACE ADMINISTRATION,NASA SHARED SERVICES CENTER,S,AR11,"SPACE R&D SERVICES; SPACE FLIGHT, RESEARCH AND SUPPORTING ACTIVITIES; BASIC RESEARCH",,,COLUMBIA,MD,210462132,,,VPWMMPGGPJ74,VPWMMPGGPJ74,UNIVERSITIES SPACE RESEARCH ASSOCIATION,UNIVERSITIES SPACE RESEARCH ASSOCIATION,1F731,
80NSSC24K1845,,P00003,0,Grant For Research,$0.00,"Mar 21, 2025",,8000,NATIONAL AERONAUTICS AND SPACE ADMINISTRATION,NASA SHARED SERVICES CENTER,S,AJ11,GENERAL SCIENCE AND TECHNOLOGY R&D SERVICES; GENERAL SCIENCE AND TECHNOLOGY; BASIC RESEARCH,,,WASHINGTON,DC,200361012,,,PWKMBNSLWMJ6,PWKMBNSLWMJ6,NATIONAL SOCIETY OF BLACK PHYSICISTS  INC.,"NATIONAL SOCIETY OF BLACK PHYSICISTS, INC.",3BXE6,
80GRC021F0123,NNC17BA05B,P00001,0,BPA Call Blanket Purchase Agreement,"-$12,440.00","Sep 29, 2021",,8000,NATIONAL AERONAUTICS AND SPACE ADMINISTRATION,NASA GLENN RESEARCH CENTER,P,3424,METAL HEAT TREATING AND NON-THERMAL TREATING EQUIPMENT,332721.0,PRECISION TURNED PRODUCT MANUFACTURING,NORTH RIDGEVILLE,OH,440393834,NONE,NONE OF THE ABOVE,F8GZDR9994A3,F8GZDR9994A3,KALT MANUFACTURING COMPANY  THE,"KALT MANUFACTURING COMPANY, THE",8H596,
80MSFC22CA005,,P00032,0,DCA Definitive Contract,$0.00,"Sep 30, 2025","Aug 16, 2021",8000,NATIONAL AERONAUTICS AND SPACE ADMINISTRATION,NASA MARSHALL SPACE FLIGHT CENTER,S,AR14,"SPACE R&D SERVICES; SPACE FLIGHT, RESEARCH AND SUPPORTING ACTIVITIES; R&D ADMINISTRATIVE EXPENSES",336414.0,GUIDED MISSILE AND SPACE VEHICLE MANUFACTURING,LITTLETON,CO,801258504,NONE,NONE OF THE ABOVE,FYHNA5WC8XD7,ZFN2JJXBLZT3,LOCKHEED MARTIN CORP,LOCKHEED MARTIN CORPORATION,04236,
80GRC022AA017,,P00003,0,BPA Blanket Purchase Agreement,$0.00,"Apr 15, 2025",,8000,NATIONAL AERONAUTICS AND SPACE ADMINISTRATION,NASA GLENN RESEARCH CENTER,P,3424,METAL HEAT TREATING AND NON-THERMAL TREATING EQUIPMENT,332710.0,MACHINE SHOPS,BLOOMINGTON,IN,474033015,NONE,NONE OF THE ABOVE,XALNPG6M2CT8,XALNPG6M2CT8,MSP AVIATION  INC.,"MSP AVIATION, INC.",91893,
80NSSC24AA011,47QRAA18D001P,P00004,0,BPA Blanket Purchase Agreement,$0.00,"Mar 13, 2025",,8000,NATIONAL AERONAUTICS AND SPACE ADMINISTRATION,NASA SHARED SERVICES CENTER,S,R699,SUPPORT- ADMINISTRATIVE: OTHER,541611.0,ADMINISTRATIVE MANAGEMENT AND GENERAL MANAGEMENT CONSULTING SERVICES,ARLINGTON,VA,222091742,NONE,NONE OF THE ABOVE,CKV2L9GZKJK3,GT54N467W2C6,DELOITTE CONSULTING LLP,DELOITTE CONSULTING LLP,1TTG5,
80TECH25PA010,,P00001,0,PO Purchase Order,"-$368,683.92","Feb 26, 2025","Jan 23, 2025",8000,NATIONAL AERONAUTICS AND SPACE ADMINISTRATION,NASA IT PROCUREMENT OFFICE,P,7E20,"IT and Telecom - End User: Help Desk;Tier 1-2,Workspace,Print,Output,Productivity Tools (HW/Perp SW)",334516.0,ANALYTICAL LABORATORY INSTRUMENT MANUFACTURING,BILLERICA,MA,018213915,NONE,NONE OF THE ABOVE,MG2JF771VWU5,MG2JF771VWU5,BRUKER SCIENTIFIC LLC,BRUKER SCIENTIFIC LLC,03JW7,
80NSSC23PB058,,P00002,0,PO Purchase Order,$0.00,"Apr 8, 2025",,8000,NATIONAL AERONAUTICS AND SPACE ADMINISTRATION,NASA SHARED SERVICES CENTER,S,U099,EDUCATION/TRAINING- OTHER,813410.0,CIVIC AND SOCIAL ORGANIZATIONS,PALM BAY,FL,329055045,NONE,NONE OF THE ABOVE,MDNGA3AECP78,MDNGA3AECP78,FLORIDA FIRST ROBOTICS EDUCATION FOUNDATION  INC,"FLORIDA FIRST ROBOTICS EDUCATION FOUNDATION, INC.",8DZT7,
80NSSC24K0892,,P00001,0,Grant For Research,$0.00,"Mar 21, 2025",,8000,NATIONAL AERONAUTICS AND SPACE ADMINISTRATION,NASA SHARED SERVICES CENTER,S,AJ11,GENERAL SCIENCE AND TECHNOLOGY R&D SERVICES; GENERAL SCIENCE AND TECHNOLOGY; BASIC RESEARCH,,,FAIRFAX,VA,220304422,,,EADLFP7Z72E5,H4NRWLFCDF43,GEORGE MASON UNIVERSITY,GEORGE MASON UNIVERSITY,7X764,
80NSSC24K1232,,P00001,0,Grant For Research,$0.00,"Mar 21, 2025",,8000,NATIONAL AERONAUTICS AND SPACE ADMINISTRATION,NASA SHARED SERVICES CENTER,S,AJ11,GENERAL SCIENCE AND TECHNOLOGY R&D SERVICES; GENERAL SCIENCE AND TECHNOLOGY; BASIC RESEARCH,,,SOMERVILLE,MA,021442401,,,WL9FLBRVPJJ7,WL9FLBRVPJJ7,TRUSTEES OF TUFTS COLLEGE,TRUSTEES OF TUFTS COLLEGE,4B965,
80NSSC24PC049,,P00002,0,PO Purchase Order,$0.00,"Mar 6, 2025",,8000,NATIONAL AERONAUTICS AND SPACE ADMINISTRATION,NASA SHARED SERVICES CENTER,S,R699,SUPPORT- ADMINISTRATIVE: OTHER,813920.0,PROFESSIONAL ORGANIZATIONS,CHICAGO,IL,606016314,NONE,NONE OF THE ABOVE,G389SLC891D3,G389SLC891D3,SOCIETY OF WOMEN ENGINEERS,SOCIETY OF WOMEN ENGINEERS,055N8,
80NSSC25K7034,,P00001,0,Grant For Research,$0.00,"Mar 21, 2025",,8000,NATIONAL AERONAUTICS AND SPACE ADMINISTRATION,NASA SHARED SERVICES CENTER,S,AJ11,GENERAL SCIENCE AND TECHNOLOGY R&D SERVICES; GENERAL SCIENCE AND TECHNOLOGY; BASIC RESEARCH,,,NORMAN,OK,730193003,,,EVTSTTLCEWS5,EVTSTTLCEWS5,UNIVERSITY OF OKLAHOMA,UNIVERSITY OF OKLAHOMA,3G168,
80GRC022AA021,,P00003,0,BPA Blanket Purchase Agreement,$0.00,"Apr 15, 2025",,8000,NATIONAL AERONAUTICS AND SPACE ADMINISTRATION,NASA GLENN RESEARCH CENTER,P,3424,METAL HEAT TREATING AND NON-THERMAL TREATING EQUIPMENT,332710.0,MACHINE SHOPS,SARASOTA,FL,342432724,NONE,NONE OF THE ABOVE,F1FUELCRNK25,F1FUELCRNK25,UNIPAK AVIATION  LLC,"UNIPAK AVIATION, LLC",1B673,
80NSSC22K1673,,P00003,0,Grant For Research,$0.00,"Mar 21, 2025",,8000,NATIONAL AERONAUTICS AND SPACE ADMINISTRATION,NASA SHARED SERVICES CENTER,S,AJ11,GENERAL SCIENCE AND TECHNOLOGY R&D SERVICES; GENERAL SCIENCE AND TECHNOLOGY; BASIC RESEARCH,,,CAMBRIDGE,MA,021394301,,,E2NYLCDML6V1,E2NYLCDML6V1,MASSACHUSETTS INSTITUTE OF TECHNOLOGY,MASSACHUSETTS INSTITUTE OF TECHNOLOGY,80230,
80NSSC25K7030,,P00002,0,Grant For Research,$0.00,"May 14, 2025",,8000,NATIONAL AERONAUTICS AND SPACE ADMINISTRATION,NASA SHARED SERVICES CENTER,S,AJ11,GENERAL SCIENCE AND TECHNOLOGY R&D SERVICES; GENERAL SCIENCE AND TECHNOLOGY; BASIC RESEARCH,,,HOUSTON,TX,770303870,,,ZUFBNVZ587D4,ZUFBNVZ587D4,UNIVERSITY OF TEXAS HEALTH SCIENCE CENTER AT HOUSTON,UNIVERSITY OF TEXAS HEALTH SCIENCE CENTER AT HOUSTON,0NUJ3,
80NSSC25K7036,,P00002,0,Grant For Research,$0.00,"May 14, 2025",,8000,NATIONAL AERONAUTICS AND SPACE ADMINISTRATION,NASA SHARED SERVICES CENTER,S,AJ11,GENERAL SCIENCE AND TECHNOLOGY R&D SERVICES; GENERAL SCIENCE AND TECHNOLOGY; BASIC RESEARCH,,,RICHMOND,VA,231730008,,,RL3YF9NM92A3,RL3YF9NM92A3,UNIVERSITY OF RICHMOND,UNIVERSITY OF RICHMOND,3Y828,
80NSSC22K0999,,P00006,0,Grant For Research,$0.00,"Apr 4, 2025",,8000,NATIONAL AERONAUTICS AND SPACE ADMINISTRATION,NASA SHARED SERVICES CENTER,S,AJ11,GENERAL SCIENCE AND TECHNOLOGY R&D SERVICES; GENERAL SCIENCE AND TECHNOLOGY; BASIC RESEARCH,,,PRINCETON,NJ,085442001,,,NJ1YPQXQG7U5,NJ1YPQXQG7U5,THE TRUSTEES OF PRINCETON UNIVERSITY,"TRUSTEES OF PRINCETON UNIVERSITY, THE",4B486,
80NSSC24K0503,,P00003,0,Grant For Research,$0.00,"Jul 16, 2025",,8000,NATIONAL AERONAUTICS AND SPACE ADMINISTRATION,NASA SHARED SERVICES CENTER,S,AJ11,GENERAL SCIENCE AND TECHNOLOGY R&D SERVICES; GENERAL SCIENCE AND TECHNOLOGY; BASIC RESEARCH,,,WASHINGTON,DC,200520042,,,ECR5E2LU5BL6,ECR5E2LU5BL6,GEORGE WASHINGTON UNIVERSITY (THE),GEORGE WASHINGTON UNIVERSITY (THE),4L405,
80GRC022AA006,,P00002,0,BPA Blanket Purchase Agreement,$0.00,"Apr 15, 2025",,8000,NATIONAL AERONAUTICS AND SPACE ADMINISTRATION,NASA GLENN RESEARCH CENTER,P,3424,METAL HEAT TREATING AND NON-THERMAL TREATING EQUIPMENT,332710.0,MACHINE SHOPS,HOUSTON,TX,770736018,NONE,NONE OF THE ABOVE,JT6CKMCE4AN7,JT6CKMCE4AN7,AXIAL GLOBAL  LLC.,"AXIAL GLOBAL, LLC.",967X0,
80NSSC24K1193,,P00001,0,Grant For Research,$0.00,"Mar 21, 2025",,8000,NATIONAL AERONAUTICS AND SPACE ADMINISTRATION,NASA SHARED SERVICES CENTER,S,AJ11,GENERAL SCIENCE AND TECHNOLOGY R&D SERVICES; GENERAL SCIENCE AND TECHNOLOGY; BASIC RESEARCH,,,ITHACA,NY,148502820,,,G56PUALJ3KT5,G56PUALJ3KT5,CORNELL UNIVERSITY,CORNELL UNIVERSITY,4B578,
80NSSC22K1658,,P00003,0,Grant For Research,$0.00,"Mar 21, 2025",,8000,NATIONAL AERONAUTICS AND SPACE ADMINISTRATION,NASA SHARED SERVICES CENTER,S,AJ11,GENERAL SCIENCE AND TECHNOLOGY R&D SERVICES; GENERAL SCIENCE AND TECHNOLOGY; BASIC RESEARCH,,,CLEVELAND,OH,441152226,,,YKGMTXA2NVL6,YKGMTXA2NVL6,CLEVELAND STATE UNIVERSITY,CLEVELAND STATE UNIVERSITY,1Q2C6,
80NSSC24K0178,,P00002,0,Grant For Research,$0.00,"Mar 21, 2025",,8000,NATIONAL AERONAUTICS AND SPACE ADMINISTRATION,NASA SHARED SERVICES CENTER,S,AJ11,GENERAL SCIENCE AND TECHNOLOGY R&D SERVICES; GENERAL SCIENCE AND TECHNOLOGY; BASIC RESEARCH,,,PROVIDENCE,RI,029129100,,,E3FDXZ6TBHW3,E3FDXZ6TBHW3,BROWN UNIVERSITY,BROWN UNIVERSITY,23242,
80NSSC24AA015,GS00F008DA,P00004,0,BPA Blanket Purchase Agreement,$0.00,"Mar 13, 2025",,8000,NATIONAL AERONAUTICS AND SPACE ADMINISTRATION,NASA SHARED SERVICES CENTER,S,R699,SUPPORT- ADMINISTRATIVE: OTHER,541611.0,ADMINISTRATIVE MANAGEMENT AND GENERAL MANAGEMENT CONSULTING SERVICES,MCLEAN,VA,221023830,NONE,NONE OF THE ABOVE,JCBMLGPE6Z71,MBPHTU7Y9S65,BOOZ ALLEN HAMILTON INC,BOOZ ALLEN HAMILTON INC.,17038,
80NSSC24K0176,,P00003,0,Grant For Research,$0.00,"Mar 21, 2025",,8000,NATIONAL AERONAUTICS AND SPACE ADMINISTRATION,NASA SHARED SERVICES CENTER,S,AJ11,GENERAL SCIENCE AND TECHNOLOGY R&D SERVICES; GENERAL SCIENCE AND TECHNOLOGY; BASIC RESEARCH,,,BLACKSBURG,VA,240603359,,,QDE5UHE5XD16,X6KEFGLHSJX7,VIRGINIA POLYTECHNIC INSTITUTE & STATE UNIVERSITY,VIRGINIA POLYTECHNIC INSTITUTE & STATE UNIVERSITY,4B976,
80NSSC22K1681,,P00004,0,Grant For Research,$0.00,"Mar 21, 2025",,8000,NATIONAL AERONAUTICS AND SPACE ADMINISTRATION,NASA SHARED SERVICES CENTER,S,AJ11,GENERAL SCIENCE AND TECHNOLOGY R&D SERVICES; GENERAL SCIENCE AND TECHNOLOGY; BASIC RESEARCH,,,EDINBURG,TX,785392909,,,L3ATVUT2KNK7,L3ATVUT2KNK7,THE UNIVERSITY OF TEXAS RIO GRANDE VALLEY,"UNIVERSITY OF TEXAS RIO GRANDE VALLEY, THE",6Y726,
80NSSC24K0913,,P00002,0,Grant For Research,$0.00,"May 14, 2025",,8000,NATIONAL AERONAUTICS AND SPACE ADMINISTRATION,NASA SHARED SERVICES CENTER,S,AJ11,GENERAL SCIENCE AND TECHNOLOGY R&D SERVICES; GENERAL SCIENCE AND TECHNOLOGY; BASIC RESEARCH,,,HOUSTON,TX,770303870,,,ZUFBNVZ587D4,ZUFBNVZ587D4,UNIVERSITY OF TEXAS HEALTH SCIENCE CENTER AT HOUSTON,UNIVERSITY OF TEXAS HEALTH SCIENCE CENTER AT HOUSTON,0NUJ3,
80NSSC24K1264,,P00002,0,Grant For Research,$0.00,"Mar 21, 2025",,8000,NATIONAL AERONAUTICS AND SPACE ADMINISTRATION,NASA SHARED SERVICES CENTER,S,AJ11,GENERAL SCIENCE AND TECHNOLOGY R&D SERVICES; GENERAL SCIENCE AND TECHNOLOGY; BASIC RESEARCH,,,FAIRBANKS,AK,997750001,,,FDLEQSJ8FF63,FDLEQSJ8FF63,UNIVERSITY OF ALASKA FAIRBANKS,UNIVERSITY OF ALASKA FAIRBANKS,3R2B4,
80NSSC24PB139,,P00002,0,PO Purchase Order,$0.00,"Apr 8, 2025",,8000,NATIONAL AERONAUTICS AND SPACE ADMINISTRATION,NASA SHARED SERVICES CENTER,S,DA10,IT AND TELECOM - BUSINESS APPLICATION/APPLICATION DEVELOPMENT SOFTWARE AS A SERVICE,541519.0,OTHER COMPUTER RELATED SERVICES,NEW YORK,NY,100181741,NONE,NONE OF THE ABOVE,L8UFWSCC3JF5,L8UFWSCC3JF5,DATADOG  INC.,"DATADOG, INC.",7X1W2,
80NSSC21K1069,,P00004,0,Grant For Research,$0.00,"Jun 20, 2025",,8000,NATIONAL AERONAUTICS AND SPACE ADMINISTRATION,NASA SHARED SERVICES CENTER,S,AJ11,GENERAL SCIENCE AND TECHNOLOGY R&D SERVICES; GENERAL SCIENCE AND TECHNOLOGY; BASIC RESEARCH,,,CAMBRIDGE,MA,021385369,,,LN53LCFJFL45,LN53LCFJFL45,PRESIDENT AND FELLOWS OF HARVARD COLLEGE,PRESIDENT AND FELLOWS OF HARVARD COLLEGE,1NQH4,
80NSSC21M0002,,P00010,0,Cooperative Agreement,$0.00,"May 12, 2025",,8000,NATIONAL AERONAUTICS AND SPACE ADMINISTRATION,NASA SHARED SERVICES CENTER,S,AJ11,GENERAL SCIENCE AND TECHNOLOGY R&D SERVICES; GENERAL SCIENCE AND TECHNOLOGY; BASIC RESEARCH,,,CAMBRIDGE,MA,021385366,,,LN53LCFJFL45,LN53LCFJFL45,PRESIDENT AND FELLOWS OF HARVARD COLLEGE,PRESIDENT AND FELLOWS OF HARVARD COLLEGE,1NQH4,
80NSSC24AA012,47QRAA19D0085,P00004,0,BPA Blanket Purchase Agreement,$0.00,"Mar 13, 2025",,8000,NATIONAL AERONAUTICS AND SPACE ADMINISTRATION,NASA SHARED SERVICES CENTER,S,R699,SUPPORT- ADMINISTRATIVE: OTHER,541611.0,ADMINISTRATIVE MANAGEMENT AND GENERAL MANAGEMENT CONSULTING SERVICES,MC LEAN,VA,221023600,NONE,NONE OF THE ABOVE,N9NJK877QJK9,N9NJK877QJK9,GUIDEHOUSE INC.,GUIDEHOUSE INC.,1HLR9,
80NSSC24PB679,,P00001,0,PO Purchase Order,$0.00,"Mar 6, 2025","Jun 14, 2024",8000,NATIONAL AERONAUTICS AND SPACE ADMINISTRATION,NASA SHARED SERVICES CENTER,S,R408,SUPPORT- PROFESSIONAL: PROGRAM MANAGEMENT/SUPPORT,813920.0,PROFESSIONAL ORGANIZATIONS,STAMFORD,CT,069027747,NONE,NONE OF THE ABOVE,CFALLJBGZ697,CFALLJBGZ697,GARTNER  INC.,"GARTNER, INC.",0EFU3,
80GRC022AA023,,P00002,0,BPA Blanket Purchase Agreement,$0.00,"Apr 15, 2025",,8000,NATIONAL AERONAUTICS AND SPACE ADMINISTRATION,NASA GLENN RESEARCH CENTER,P,3424,METAL HEAT TREATING AND NON-THERMAL TREATING EQUIPMENT,332710.0,MACHINE SHOPS,NEWPORT NEWS,VA,236062551,NONE,NONE OF THE ABOVE,X7LUT2X36JC1,EUY1C3NM2WN3,CALSPAN HOLDINGS  LLC,CALSPAN SYSTEMS CORPORATION,8Y173,
80GRC022AA024,,P00002,0,BPA Blanket Purchase Agreement,$0.00,"Apr 15, 2025",,8000,NATIONAL AERONAUTICS AND SPACE ADMINISTRATION,NASA GLENN RESEARCH CENTER,P,3424,METAL HEAT TREATING AND NON-THERMAL TREATING EQUIPMENT,332710.0,MACHINE SHOPS,ELKHART,IN,465148299,NONE,NONE OF THE ABOVE,EY94JAHLDPF4,EY94JAHLDPF4,KESSINGTON  LLC,"KESSINGTON, LLC",7W902,
80HQTR21AA001,,P00004,0,BPA Blanket Purchase Agreement,$0.00,"Mar 11, 2025",,8000,NATIONAL AERONAUTICS AND SPACE ADMINISTRATION,NASA HEADQUARTERS,S,R499,SUPPORT- PROFESSIONAL: OTHER,541990.0,"ALL OTHER PROFESSIONAL, SCIENTIFIC, AND TECHNICAL SERVICES",HERNDON,VA,201716381,NONE,NONE OF THE ABOVE,NKYPGW97MLK3,X6A8KNX2LRF1,AIRBUS SE,AIRBUS DS GEO INC.,0DB08,
80NSSC21M0005,,P00007,0,Cooperative Agreement,$0.00,"Mar 21, 2025",,8000,NATIONAL AERONAUTICS AND SPACE ADMINISTRATION,NASA SHARED SERVICES CENTER,S,AR11,"SPACE R&D SERVICES; SPACE FLIGHT, RESEARCH AND SUPPORTING ACTIVITIES; BASIC RESEARCH",,,STILLWATER,OK,740781030,,,NNYDFK5FTSX9,NNYDFK5FTSX9,OKLAHOMA STATE UNIVERSITY,OKLAHOMA STATE UNIVERSITY,0U784,
80NSSC24K0177,,P00003,0,Grant For Research,$0.00,"Mar 21, 2025",,8000,NATIONAL AERONAUTICS AND SPACE ADMINISTRATION,NASA SHARED SERVICES CENTER,S,AJ11,GENERAL SCIENCE AND TECHNOLOGY R&D SERVICES; GENERAL SCIENCE AND TECHNOLOGY; BASIC RESEARCH,,,BALTIMORE,MD,212182608,,,FTMTDMBR29C7,GS4PNKTRNKL3,JOHNS HOPKINS UNIVERSITY,THE JOHNS HOPKINS UNIVERSITY,5L406,
80NSSC24K1612,,P00001,0,Grant For Research,$0.00,"Mar 21, 2025",,8000,NATIONAL AERONAUTICS AND SPACE ADMINISTRATION,NASA SHARED SERVICES CENTER,S,AJ11,GENERAL SCIENCE AND TECHNOLOGY R&D SERVICES; GENERAL SCIENCE AND TECHNOLOGY; BASIC RESEARCH,,,AUSTIN,TX,787121139,,,V6AFQPN18437,V6AFQPN18437,UNIVERSITY OF TEXAS AT AUSTIN,UNIVERSITY OF TEXAS AT AUSTIN,9B981,
80NSSC24M0193,,P00003,0,Cooperative Agreement,$0.00,"May 12, 2025",,8000,NATIONAL AERONAUTICS AND SPACE ADMINISTRATION,NASA SHARED SERVICES CENTER,S,AJ11,GENERAL SCIENCE AND TECHNOLOGY R&D SERVICES; GENERAL SCIENCE AND TECHNOLOGY; BASIC RESEARCH,,,CAMBRIDGE,MA,021385366,,,LN53LCFJFL45,LN53LCFJFL45,PRESIDENT AND FELLOWS OF HARVARD COLLEGE,PRESIDENT AND FELLOWS OF HARVARD COLLEGE,1NQH4,
80NSSC23K1430,,P00003,0,Grant For Research,$0.00,"May 12, 2025",,8000,NATIONAL AERONAUTICS AND SPACE ADMINISTRATION,NASA SHARED SERVICES CENTER,S,AJ11,GENERAL SCIENCE AND TECHNOLOGY R&D SERVICES; GENERAL SCIENCE AND TECHNOLOGY; BASIC RESEARCH,,,BOSTON,MA,021156027,,,JDLVAVGYJQ21,JR2RTJW1HBW6,PRESIDENT AND FELLOWS OF HARVARD COLLEGE,PRESIDENT AND FELLOWS OF HARVARD COLLEGE,3Q2L2,
80NSSC25FA315,80NSSC24AA005,P00001,0,BPA Call Blanket Purchase Agreement,"-$28,832.00","May 5, 2025",,8000,NATIONAL AERONAUTICS AND SPACE ADMINISTRATION,NASA SHARED SERVICES CENTER,S,R799,SUPPORT- MANAGEMENT: OTHER,541611.0,ADMINISTRATIVE MANAGEMENT AND GENERAL MANAGEMENT CONSULTING SERVICES,ACTON,MA,017204769,NONE,NONE OF THE ABOVE,KN1GY4AMCM68,KN1GY4AMCM68,NATIONAL QUALITY ASSURANCE - U.S.A.  INC.,"NATIONAL QUALITY ASSURANCE - U.S.A., INC.",06JW5,
80HQTR21F0124,GS10F0100T,P00022,0,DO Delivery Order,$0.00,"Mar 17, 2025","Sep 21, 2020",8000,NATIONAL AERONAUTICS AND SPACE ADMINISTRATION,NASA HEADQUARTERS,S,R408,SUPPORT- PROFESSIONAL: PROGRAM MANAGEMENT/SUPPORT,541330.0,ENGINEERING SERVICES,VIENNA,VA,221823990,NONE,NONE OF THE ABOVE,WTBCF4RER7H5,WTBCF4RER7H5,OVERLOOK SYSTEMS TECHNOLOGIES  INC.,"OVERLOOK SYSTEMS TECHNOLOGIES, INC.",0AV04,
80NM0018F0669,80NM0018D0004,P00007,0,DO Delivery Order,$0.00,"Apr 7, 2025",,8000,NATIONAL AERONAUTICS AND SPACE ADMINISTRATION,NASA MANAGEMENT OFFICE -- JPL,S,AR22,R&D- SPACE: SCIENCE/APPLICATIONS (APPLIED RESEARCH/EXPLORATORY DEVELOPMENT),541715.0,"RESEARCH AND DEVELOPMENT IN THE PHYSICAL, ENGINEERING, AND LIFE SCIENCES (EXCEPT NANOTECHNOLOGY AND BIOTECHNOLOGY)",PASADENA,CA,911098001,NONE,NONE OF THE ABOVE,YC1YP79BFD19,YC1YP79BFD19,CALIFORNIA INSTITUTE OF TECHNOLOGY,CALIFORNIA INSTITUTE OF TECHNOLOGY,23835,
80KSC024F0045,80KSC021A0007,P00001,0,BPA Call Blanket Purchase Agreement,$0.00,"Mar 21, 2025",,8000,NATIONAL AERONAUTICS AND SPACE ADMINISTRATION,NASA KENNEDY SPACE CENTER,S,R408,SUPPORT- PROFESSIONAL: PROGRAM MANAGEMENT/SUPPORT,541611.0,ADMINISTRATIVE MANAGEMENT AND GENERAL MANAGEMENT CONSULTING SERVICES,WINTER SPRINGS,FL,327080034,NONE,NONE OF THE ABOVE,L2D8MLFE2G65,L2D8MLFE2G65,THE PERFORMANCE KNOWLEDGE GROUP  LLC,THE PERFORMANCE KNOWLEDGE GROUP LLC,3C2L4,
80JSC024FA083,80JSC023AA001,P00002,0,BPA Call Blanket Purchase Agreement,"-$1,384,035.00","Jan 24, 2025","Feb 20, 2024",8000,NATIONAL AERONAUTICS AND SPACE ADMINISTRATION,NASA JOHNSON SPACE CENTER,S,B599,SPECIAL STUDIES/ANALYSIS- OTHER,541330.0,ENGINEERING SERVICES,MC LEAN,VA,221023830,NONE,NONE OF THE ABOVE,JCBMLGPE6Z71,MBPHTU7Y9S65,BOOZ ALLEN HAMILTON INC,BOOZ ALLEN HAMILTON INC,17038,
80NSSC23FA279,GS10F0331M,P00003,0,DO Delivery Order,"-$6,154.45","Feb 20, 2025",,8000,NATIONAL AERONAUTICS AND SPACE ADMINISTRATION,NASA SHARED SERVICES CENTER,S,R408,SUPPORT- PROFESSIONAL: PROGRAM MANAGEMENT/SUPPORT,541611.0,ADMINISTRATIVE MANAGEMENT AND GENERAL MANAGEMENT CONSULTING SERVICES,ARLINGTON,VA,222041616,NONE,NONE OF THE ABOVE,EDMNVJVKJB35,EDMNVJVKJB35,CREATIVE SOLUTIONS INTERNATIONAL,CREATIVE SOLUTIONS INTERNATIONAL,1LVX6,
80HQTR20D0005,,P00005,0,IDC Indefinite Delivery Contract,$0.00,"Apr 8, 2025","Jan 14, 2020",8000,NATIONAL AERONAUTICS AND SPACE ADMINISTRATION,NASA HEADQUARTERS,S,B539,SPECIAL STUDIES/ANALYSIS- AERONAUTICAL/SPACE,541715.0,"RESEARCH AND DEVELOPMENT IN THE PHYSICAL, ENGINEERING, AND LIFE SCIENCES (EXCEPT NANOTECHNOLOGY AND BIOTECHNOLOGY)",MOUNTAIN VIEW,CA,940435203,NONE,NONE OF THE ABOVE,WKAUE7NHR4L1,WKAUE7NHR4L1,SETI INSTITUTE,SETI INSTITUTE,1NVY9,
80NSSC24K0113,,P00003,0,Grant For Research,$0.00,"Mar 21, 2025",,8000,NATIONAL AERONAUTICS AND SPACE ADMINISTRATION,NASA SHARED SERVICES CENTER,S,AJ11,GENERAL SCIENCE AND TECHNOLOGY R&D SERVICES; GENERAL SCIENCE AND TECHNOLOGY; BASIC RESEARCH,,,PINE BLUFF,AR,716012780,,,GS4HPMAP57Q5,CBQ1T88L7TC6,UNIVERSITY OF ARKANSAS SYSTEM,UNIVERSITY OF ARKANSAS SYSTEM,0GXB4,
80NSSC24K0115,,P00002,0,Grant For Research,$0.00,"Mar 21, 2025",,8000,NATIONAL AERONAUTICS AND SPACE ADMINISTRATION,NASA SHARED SERVICES CENTER,S,AJ11,GENERAL SCIENCE AND TECHNOLOGY R&D SERVICES; GENERAL SCIENCE AND TECHNOLOGY; BASIC RESEARCH,,,PETERSBURG,VA,238032520,,,VKZLFK6M5DD3,X6KEFGLHSJX7,VIRGINIA STATE UNIVERSITY,VIRGINIA STATE UNIVERSITY,0XRD4,
80NSSC24PA723,,P00001,0,PO Purchase Order,$0.00,"Feb 18, 2025",,8000,NATIONAL AERONAUTICS AND SPACE ADMINISTRATION,NASA SHARED SERVICES CENTER,S,DE01,"IT and Telecom - End User: Help Desk; Tier 1-2, Workspace, Print, Output, Productivity Tools (Labor)",513110.0,NEWSPAPER PUBLISHERS,ARLINGTON,VA,222093927,NONE,NONE OF THE ABOVE,T8JGE1LE8933,T8JGE1LE8933,POLITICO  LLC,"POLITICO, LLC",7GC29,
80NSSC24PC394,,P00001,0,PO Purchase Order,$0.00,"Mar 11, 2025",,8000,NATIONAL AERONAUTICS AND SPACE ADMINISTRATION,NASA SHARED SERVICES CENTER,S,R699,SUPPORT- ADMINISTRATIVE: OTHER,813920.0,PROFESSIONAL ORGANIZATIONS,WASHINGTON,DC,200052028,NONE,NONE OF THE ABOVE,ZCCVNJ2LNMC3,SP7GLQAK9V87,PARTNERSHIP FOR PUBLIC SERVICE INC,PARTNERSHIP FOR PUBLIC SERVICE INC,3V6X8,
80NSSC25PA641,,P00001,0,PO Purchase Order,$0.00,"Apr 8, 2025",,8000,NATIONAL AERONAUTICS AND SPACE ADMINISTRATION,NASA SHARED SERVICES CENTER,P,6750,PHOTOGRAPHIC SUPPLIES,561920.0,CONVENTION AND TRADE SHOW ORGANIZERS,CHICAGO,IL,606017570,NONE,NONE OF THE ABOVE,M3LXR9V2VNM3,M3LXR9V2VNM3,MESSE DUSSELDORF NORTH AMERICA  INC.,"MESSE DUSSELDORF NORTH AMERICA, INC.",9HAG0,
80GRC022AA018,,P00003,0,BPA Blanket Purchase Agreement,$0.00,"Apr 15, 2025",,8000,NATIONAL AERONAUTICS AND SPACE ADMINISTRATION,NASA GLENN RESEARCH CENTER,P,3424,METAL HEAT TREATING AND NON-THERMAL TREATING EQUIPMENT,332710.0,MACHINE SHOPS,COCOA,FL,329265975,NONE,NONE OF THE ABOVE,FACXKY7FULJ4,FACXKY7FULJ4,PRECISION FABRICATING & CLEANING COMPANY  INC.,"PRECISION FABRICATING & CLEANING COMPANY, INC.",66589,
80NSSC24PA753,,P00001,0,PO Purchase Order,$0.00,"Mar 19, 2025",,8000,NATIONAL AERONAUTICS AND SPACE ADMINISTRATION,NASA SHARED SERVICES CENTER,S,R499,SUPPORT- PROFESSIONAL: OTHER,811210.0,ELECTRONIC AND PRECISION EQUIPMENT REPAIR AND MAINTENANCE,COLORADO SPRINGS,CO,809073423,NONE,NONE OF THE ABOVE,NNMLTBU9E5H3,NBMDBMMXJLR5,KEYSIGHT TECHNOLOGIES INC,KEYSIGHT TECHNOLOGIES INC,7ZXR5,
80NSSC24PA923,,P00001,0,PO Purchase Order,$0.00,"Mar 17, 2025",,8000,NATIONAL AERONAUTICS AND SPACE ADMINISTRATION,NASA SHARED SERVICES CENTER,S,R499,SUPPORT- PROFESSIONAL: OTHER,541519.0,OTHER COMPUTER RELATED SERVICES,COLORADO SPRINGS,CO,809073423,NONE,NONE OF THE ABOVE,NNMLTBU9E5H3,NBMDBMMXJLR5,KEYSIGHT TECHNOLOGIES INC,KEYSIGHT TECHNOLOGIES INC,7ZXR5,
80NSSC24PC475,,P00002,0,PO Purchase Order,"-$44,325.00","Apr 8, 2025",,8000,NATIONAL AERONAUTICS AND SPACE ADMINISTRATION,NASA SHARED SERVICES CENTER,P,7E21,IT AND TELECOM - MOBILE DEVICE PRODUCTS (HARDWARE AND PERPETUAL LICENSE SOFTWARE),541512.0,COMPUTER SYSTEMS DESIGN SERVICES,WESTFORD,MA,018863551,NONE,NONE OF THE ABOVE,E9ESL57JHZ65,S7BPATY6NPJ5,ZUKEN USA INC,ZUKEN USA INC,1R0G2,
80NSSC20P1795,,P00008,0,PO Purchase Order,$0.00,"Apr 8, 2025",,8000,NATIONAL AERONAUTICS AND SPACE ADMINISTRATION,NASA SHARED SERVICES CENTER,S,R499,SUPPORT- PROFESSIONAL: OTHER,541211.0,OFFICES OF CERTIFIED PUBLIC ACCOUNTANTS,CLEVELAND,OH,441225487,NONE,NONE OF THE ABOVE,NK9MJJERTKN5,NK9MJJERTKN5,HOWARD WERSHBALE & CO,"HOWARD, WERSHBALE, & CO",4V1D4,
80NSSC21K1443,,P00004,0,Grant For Research,$0.00,"May 12, 2025",,8000,NATIONAL AERONAUTICS AND SPACE ADMINISTRATION,NASA SHARED SERVICES CENTER,S,AJ11,GENERAL SCIENCE AND TECHNOLOGY R&D SERVICES; GENERAL SCIENCE AND TECHNOLOGY; BASIC RESEARCH,,,CAMBRIDGE,MA,021385369,,,LN53LCFJFL45,LN53LCFJFL45,PRESIDENT AND FELLOWS OF HARVARD COLLEGE,PRESIDENT AND FELLOWS OF HARVARD COLLEGE,1NQH4,
80NSSC24PC331,,P00001,0,PO Purchase Order,$0.00,"Feb 19, 2025",,8000,NATIONAL AERONAUTICS AND SPACE ADMINISTRATION,NASA SHARED SERVICES CENTER,S,U002,EDUCATION/TRAINING- PERSONNEL TESTING,541611.0,ADMINISTRATIVE MANAGEMENT AND GENERAL MANAGEMENT CONSULTING SERVICES,FLOWER MOUND,TX,750226078,NONE,NONE OF THE ABOVE,X7QAVLW1GGB1,X7QAVLW1GGB1,ELI GROUP  LLC,"ELI GROUP, LLC",4Y7X5,
80NSSC25PA068,,P00003,0,PO Purchase Order,$0.00,"Apr 8, 2025",,8000,NATIONAL AERONAUTICS AND SPACE ADMINISTRATION,NASA SHARED SERVICES CENTER,S,AR11,"SPACE R&D SERVICES; SPACE FLIGHT, RESEARCH AND SUPPORTING ACTIVITIES; BASIC RESEARCH",541690.0,OTHER SCIENTIFIC AND TECHNICAL CONSULTING SERVICES,BOULDER,CO,803012252,NONE,NONE OF THE ABOVE,YEZEE8W5JKA3,YEZEE8W5JKA3,UNIVERSITY CORPORATION FOR ATMOSPHERIC RESEARCH,UNIVERSITY CORPORATION FOR ATMOSPHERIC RESEARCH,0SEF6,
80LARC22FA010,80LARC21AA012,P00001,0,BPA Call Blanket Purchase Agreement,"-$146,204.49","May 24, 2022",,8000,NATIONAL AERONAUTICS AND SPACE ADMINISTRATION,NASA LANGLEY RESEARCH CENTER,S,J095,"MAINT/REPAIR/REBUILD OF EQUIPMENT- METAL BARS, SHEETS, AND SHAPES",332999.0,ALL OTHER MISCELLANEOUS FABRICATED METAL PRODUCT MANUFACTURING,TULLAHOMA,TN,373883390,NONE,NONE OF THE ABOVE,C2HNA3Q4ZCK5,GJVCPEBZV574,ALLIANT TECHSYSTEMS INC.,"MICRO CRAFT, INC.",5A517,
80NSSC24AA013,47QRAA22D00E3,P00004,0,BPA Blanket Purchase Agreement,$0.00,"Mar 13, 2025",,8000,NATIONAL AERONAUTICS AND SPACE ADMINISTRATION,NASA SHARED SERVICES CENTER,S,R699,SUPPORT- ADMINISTRATIVE: OTHER,541611.0,ADMINISTRATIVE MANAGEMENT AND GENERAL MANAGEMENT CONSULTING SERVICES,WASHINGTON,DC,200362427,NONE,NONE OF THE ABOVE,N6JZARL64EW5,N6JZARL64EW5,MCKINSEY & COMPANY  INC. WASHINGTON D.C.,"MCKINSEY & COMPANY, INC. WASHINGTON D.C.",438P1,
80GSFC23CA005,,P00006,0,DCA Definitive Contract,"$40,788.00","Sep 11, 2025","Aug 23, 2022",8000,NATIONAL AERONAUTICS AND SPACE ADMINISTRATION,NASA GODDARD SPACE FLIGHT CENTER,S,J018,MAINT/REPAIR/REBUILD OF EQUIPMENT- SPACE VEHICLES,336419.0,OTHER GUIDED MISSILE AND SPACE VEHICLE PARTS AND AUXILIARY EQUIPMENT MANUFACTURING,SAN ANTONIO,TX,782385166,E,EMPLOYMENT ELIGIBILITY VERIFICATION (52.222-54),PB11V1KH3KV4,PB11V1KH3KV4,SOUTHWEST RESEARCH INSTITUTE INC,SOUTHWEST RESEARCH INSTITUTE,26401,
80NSSC24PB717,,P00002,0,PO Purchase Order,$0.00,"Apr 8, 2025",,8000,NATIONAL AERONAUTICS AND SPACE ADMINISTRATION,NASA SHARED SERVICES CENTER,P,7A20,IT AND TELECOM - APPLICATION DEVELOPMENT SOFTWARE (PERPETUAL LICENSE SOFTWARE),519290.0,WEB SEARCH PORTALS AND ALL OTHER INFORMATION SERVICES,WASHINGTON,DC,200054110,NONE,NONE OF THE ABOVE,HMJLN75ES426,HMJLN75ES426,COSTAR REALTY INFORMATION  INC.,"COSTAR REALTY INFORMATION, INC.",6KUB9,
80NSSC25PA014,,P00001,0,PO Purchase Order,$0.00,"Apr 8, 2025",,8000,NATIONAL AERONAUTICS AND SPACE ADMINISTRATION,NASA SHARED SERVICES CENTER,S,U002,EDUCATION/TRAINING- PERSONNEL TESTING,813990.0,"OTHER SIMILAR ORGANIZATIONS (EXCEPT BUSINESS, PROFESSIONAL, LABOR, AND POLITICAL ORGANIZATIONS)",VANDENBERG AFB,CA,93437,NONE,NONE OF THE ABOVE,H5JUPMRB3KX6,C6M7C2FLKER5,SPACE EXPLORATION TECHNOLOGIES CORP,SPACE EXPLORATION TECHNOLOGIES CORP,9ADW9,
80GSFC23PA006,,P00003,0,PO Purchase Order,$0.00,"Jun 18, 2025","Sep 2, 2022",8000,NATIONAL AERONAUTICS AND SPACE ADMINISTRATION,NASA GODDARD SPACE FLIGHT CENTER,P,6710,"CAMERAS, MOTION PICTURE",541715.0,"RESEARCH AND DEVELOPMENT IN THE PHYSICAL, ENGINEERING, AND LIFE SCIENCES (EXCEPT NANOTECHNOLOGY AND BIOTECHNOLOGY)",SAN DIEGO,CA,921214204,NONE,NONE OF THE ABOVE,YLWZEQLLNJU4,YLWZEQLLNJU4,MALIN SPACE SCIENCE SYSTEMS  INC,"MALIN SPACE SCIENCE SYSTEMS, INC.",0R9V5,
80NSSC23PB368,,P00001,0,PO Purchase Order,$0.00,"Mar 6, 2025",,8000,NATIONAL AERONAUTICS AND SPACE ADMINISTRATION,NASA SHARED SERVICES CENTER,S,AF31,"EDUCATION, TRAINING, EMPLOYMENT, & SOCIAL SVCS R&D SVCS; SOCIAL SVCS R&D; BASIC RESEARCH",541910.0,MARKETING RESEARCH AND PUBLIC OPINION POLLING,PORTLAND,OR,972394326,NONE,NONE OF THE ABOVE,LMKMWBB9ABJ7,NUUSUVGMMH17,PACIFIC RESEARCH & EVALUATION LLC,PACIFIC RESEARCH & EVALUATION LLC,67VH1,
80GRC020P0006,,P00003,0,PO Purchase Order,"-$194,670.00","Jun 5, 2020",,8000,NATIONAL AERONAUTICS AND SPACE ADMINISTRATION,NASA GLENN RESEARCH CENTER,P,5430,STORAGE TANKS,332420.0,METAL TANK (HEAVY GAUGE) MANUFACTURING,ONTARIO,CA,917617722,NONE,NONE OF THE ABOVE,YGFNGNSCHWK6,YGFNGNSCHWK6,BLUEICE ENGINEERING LLC,BLUEICE ENGINEERING LLC,81H52,
80KSC020D0016,,P00007,0,IDC Indefinite Delivery Contract,$0.00,"Apr 8, 2025","Nov 22, 2019",8000,NATIONAL AERONAUTICS AND SPACE ADMINISTRATION,NASA KENNEDY SPACE CENTER,S,C219,ARCHITECT AND ENGINEERING- GENERAL: OTHER,541330.0,ENGINEERING SERVICES,LOS ANGELES,CA,900713173,E,EMPLOYMENT ELIGIBILITY VERIFICATION (52.222-54),EPUXNLX5EYC4,EPUXNLX5EYC4,AECOM TECHNICAL SERVICES  INC.,"AECOM TECHNICAL SERVICES, INC.",4L767,
80NM0019F0075,80NM0018D0004,P00007,0,DO Delivery Order,"-$111,926.00","Jun 25, 2025","Mar 1, 2018",8000,NATIONAL AERONAUTICS AND SPACE ADMINISTRATION,NASA MANAGEMENT OFFICE -- JPL,S,AR22,R&D- SPACE: SCIENCE/APPLICATIONS (APPLIED RESEARCH/EXPLORATORY DEVELOPMENT),541715.0,"RESEARCH AND DEVELOPMENT IN THE PHYSICAL, ENGINEERING, AND LIFE SCIENCES (EXCEPT NANOTECHNOLOGY AND BIOTECHNOLOGY)",PASADENA,CA,911098001,NONE,NONE OF THE ABOVE,YC1YP79BFD19,YC1YP79BFD19,CALIFORNIA INSTITUTE OF TECHNOLOGY,CALIFORNIA INSTITUTE OF TECHNOLOGY,23835,
80NSSC24PA609,,P00001,0,PO Purchase Order,$0.00,"Feb 18, 2025",,8000,NATIONAL AERONAUTICS AND SPACE ADMINISTRATION,NASA SHARED SERVICES CENTER,S,AA11,AGRICULTURE R&D SERVICES; AGRICULTURAL RESEARCH AND SERVICES; BASIC RESEARCH,513110.0,NEWSPAPER PUBLISHERS,ARLINGTON,VA,222093927,NONE,NONE OF THE ABOVE,T8JGE1LE8933,T8JGE1LE8933,POLITICO  LLC,"POLITICO, LLC",7GC29,
80GRC022AA014,,P00003,0,BPA Blanket Purchase Agreement,$0.00,"Apr 15, 2025",,8000,NATIONAL AERONAUTICS AND SPACE ADMINISTRATION,NASA GLENN RESEARCH CENTER,P,3424,METAL HEAT TREATING AND NON-THERMAL TREATING EQUIPMENT,332710.0,MACHINE SHOPS,LIVONIA,MI,481501603,NONE,NONE OF THE ABOVE,PQNHB1KL9GK3,PQNHB1KL9GK3,KCS PROTOTYPE AND DESIGN LLC,KCS PROTOTYPE AND DESIGN LLC,8STC6,
80KSC020D0018,,P00009,0,IDC Indefinite Delivery Contract,$0.00,"Apr 8, 2025","Nov 22, 2019",8000,NATIONAL AERONAUTICS AND SPACE ADMINISTRATION,NASA KENNEDY SPACE CENTER,S,C219,ARCHITECT AND ENGINEERING- GENERAL: OTHER,541330.0,ENGINEERING SERVICES,ALACHUA,FL,326159402,E,EMPLOYMENT ELIGIBILITY VERIFICATION (52.222-54),F6WKYLHJYFK7,F6WKYLHJYFK7,JONES  EDMUNDS & ASSOCIATES  INC.,"JONES, EDMUNDS & ASSOCIATES, INC.",0EN06,
80MSFC21C0010,,P00042,0,DCA Definitive Contract,$0.00,"Sep 30, 2025","Aug 26, 2020",8000,NATIONAL AERONAUTICS AND SPACE ADMINISTRATION,NASA MARSHALL SPACE FLIGHT CENTER,P,1675,SPACE VEHICLE COMPONENTS,336415.0,GUIDED MISSILE AND SPACE VEHICLE PROPULSION UNIT AND PROPULSION UNIT PARTS MANUFACTURING,ELKTON,MD,219214755,S,SERVICE CONTRACT INVENTORY (FAR 4.17),REBFXSNFXAL4,NKVZLJL93QT6,NORTHROP GRUMMAN SYSTEMS CORPORATION,NORTHROP GRUMMAN SYSTEMS CORPORATION,8KX57,
80NSSC24PA660,,P00002,0,PO Purchase Order,$0.00,"Apr 16, 2025",,8000,NATIONAL AERONAUTICS AND SPACE ADMINISTRATION,NASA SHARED SERVICES CENTER,S,AF11,"EDUCATION, TRAINING, EMPLOYMENT, & SOCIAL SVCS R&D SVCS; EDUCATION SVCS R&D; BASIC RESEARCH",541618.0,OTHER MANAGEMENT CONSULTING SERVICES,TYSONS CORNER,VA,221023381,NONE,NONE OF THE ABOVE,QVEKLLJUGHJ7,QVEKLLJUGHJ7,LMI CONSULTING  LLC,"LMI CONSULTING, LLC",8H8R0,
80LARC23DA004,,P00005,0,IDC Indefinite Delivery Contract,"-$3,599.00","Mar 12, 2024","Nov 16, 2022",8000,NATIONAL AERONAUTICS AND SPACE ADMINISTRATION,NASA LANGLEY RESEARCH CENTER,S,S208,HOUSEKEEPING- LANDSCAPING/GROUNDSKEEPING,561730.0,LANDSCAPING SERVICES,MURRIETA,CA,92563,E,EMPLOYMENT ELIGIBILITY VERIFICATION (52.222-54),CE5LJNNGZWG7,CE5LJNNGZWG7,CVICS - AVARTARA JV,CVICS - AVARTARA JV,9AXG8,
80NSSC24PA710,,P00001,0,PO Purchase Order,$0.00,"Mar 17, 2025",,8000,NATIONAL AERONAUTICS AND SPACE ADMINISTRATION,NASA SHARED SERVICES CENTER,S,R499,SUPPORT- PROFESSIONAL: OTHER,541330.0,ENGINEERING SERVICES,NORTH POTOMAC,MD,208783745,NONE,NONE OF THE ABOVE,DEKLDSVT5934,DEKLDSVT5934,EMP CONSULTANTS  LLC,"EMP CONSULTANTS, LLC",1UC24,
80LARC21F0153,80LARC20D0007,P00006,0,DO Delivery Order,$0.00,"Apr 8, 2025","Aug 30, 2021",8000,NATIONAL AERONAUTICS AND SPACE ADMINISTRATION,NASA LANGLEY RESEARCH CENTER,S,R410,SUPPORT- PROFESSIONAL: PROGRAM EVALUATION/REVIEW/DEVELOPMENT,541715.0,"RESEARCH AND DEVELOPMENT IN THE PHYSICAL, ENGINEERING, AND LIFE SCIENCES (EXCEPT NANOTECHNOLOGY AND BIOTECHNOLOGY)",COLUMBIA,MD,210461605,"E, S","EMPLOYMENT ELIGIBILITY VERIFICATION (52.222-54), SERVICE CONTRACT INVENTORY (FAR 4.17)",GXW2CL8CGKC1,GXW2CL8CGKC1,CORNELL TECHNICAL SERVICES LLC,CORNELL TECHNICAL SERVICES LLC,33HR3,
80GSFC25P0001,,P00001,0,PO Purchase Order,"-$144,118.00","Sep 24, 2025","Apr 8, 2024",8000,NATIONAL AERONAUTICS AND SPACE ADMINISTRATION,NASA GODDARD SPACE FLIGHT CENTER,S,R425,SUPPORT- PROFESSIONAL: ENGINEERING/TECHNICAL,541715.0,"RESEARCH AND DEVELOPMENT IN THE PHYSICAL, ENGINEERING, AND LIFE SCIENCES (EXCEPT NANOTECHNOLOGY AND BIOTECHNOLOGY)",MCLEAN,VA,221025134,NONE,NONE OF THE ABOVE,DD8MAGJ9Z3M1,DD8MAGJ9Z3M1,ARES TECHNICAL SERVICES CORPORATION,ARES TECHNICAL SERVICES CORPORATION,6G1C8,
80NSSC24FA558,NNG15SD25B,P00001,0,DO Delivery Order,$0.00,"Apr 16, 2025",,8000,NATIONAL AERONAUTICS AND SPACE ADMINISTRATION,NASA SHARED SERVICES CENTER,P,7A20,IT AND TELECOM - APPLICATION DEVELOPMENT SOFTWARE (PERPETUAL LICENSE SOFTWARE),541519.0,OTHER COMPUTER RELATED SERVICES,TYSONS,VA,221024285,NONE,NONE OF THE ABOVE,U8H9F5MLU957,U8H9F5MLU957,THREE WIRE SYSTEMS  LLC,"THREE WIRE SYSTEMS, LLC",4GPT6,
80LARC25F7003,80GSFC19D0011,P00001,0,DO Delivery Order,"-$42,518.00","Apr 15, 2025","Oct 7, 2024",8000,NATIONAL AERONAUTICS AND SPACE ADMINISTRATION,NASA LANGLEY RESEARCH CENTER,S,AR12,"SPACE R&D SERVICES; SPACE FLIGHT, RESEARCH AND SUPPORTING ACTIVITIES; APPLIED RESEARCH",541715.0,"RESEARCH AND DEVELOPMENT IN THE PHYSICAL, ENGINEERING, AND LIFE SCIENCES (EXCEPT NANOTECHNOLOGY AND BIOTECHNOLOGY)",EL SEGUNDO,CA,902454609,"E, S","EMPLOYMENT ELIGIBILITY VERIFICATION (52.222-54), SERVICE CONTRACT INVENTORY (FAR 4.17)",YA8LJBJCND19,YA8LJBJCND19,THE AEROSPACE CORPORATION,THE AEROSPACE CORPORATION,12782,
80NSSC22PB703,,P00003,0,PO Purchase Order,$0.00,"Mar 24, 2025",,8000,NATIONAL AERONAUTICS AND SPACE ADMINISTRATION,NASA SHARED SERVICES CENTER,S,R799,SUPPORT- MANAGEMENT: OTHER,541611.0,ADMINISTRATIVE MANAGEMENT AND GENERAL MANAGEMENT CONSULTING SERVICES,WINNEBAGO,NE,680714900,NONE,NONE OF THE ABOVE,JSCHHWMLJHA5,CKLKWJSYK9T5,HO-CHUNK SHARED SERVICES COMPANY,HO-CHUNK SHARED SERVICES COMPANY,78WS1,
80GSFC21C0057,,P00013,0,DCA Definitive Contract,"$20,402.80","Aug 18, 2025","Sep 18, 2020",8000,NATIONAL AERONAUTICS AND SPACE ADMINISTRATION,NASA GODDARD SPACE FLIGHT CENTER,P,1675,SPACE VEHICLE COMPONENTS,541715.0,"RESEARCH AND DEVELOPMENT IN THE PHYSICAL, ENGINEERING, AND LIFE SCIENCES (EXCEPT NANOTECHNOLOGY AND BIOTECHNOLOGY)",SUGAR LAND,TX,774783155,NONE,NONE OF THE ABOVE,SWQRHE8G2MC3,NP34SKZ7H1R3,SCHLUMBERGER TECHNOLOGY CORPORATION,SCHLUMBERGER TECHNOLOGY CORPORATION,3CRC7,
80HQTR23FA044,80GSFC23DA004,P00005,0,DO Delivery Order,"-$136,103.40","Feb 27, 2025",,8000,NATIONAL AERONAUTICS AND SPACE ADMINISTRATION,NASA HEADQUARTERS,S,S206,HOUSEKEEPING- GUARD,561612.0,SECURITY GUARDS AND PATROL SERVICES,CHANTILLY,VA,201511782,NONE,NONE OF THE ABOVE,TL1KC3N18G37,TL1KC3N18G37,CHENEGA GLOBAL PROTECTION  LLC,"CHENEGA GLOBAL PROTECTION, LLC",7ZTR1,
80NSSC23AA019,,P00001,0,BPA Blanket Purchase Agreement,$0.00,"Mar 18, 2025",,8000,NATIONAL AERONAUTICS AND SPACE ADMINISTRATION,NASA SHARED SERVICES CENTER,S,R799,SUPPORT- MANAGEMENT: OTHER,541211.0,OFFICES OF CERTIFIED PUBLIC ACCOUNTANTS,LOS ANGELES,CA,900712201,NONE,NONE OF THE ABOVE,PQBJLHRJGK67,PQBJLHRJGK67,JONES AND COMPANY PROFESSIONAL CORPORATION,JONES AND COMPANY PROFESSIONAL CORPORATION,4G2J3,
80GRC022AA005,,P00002,0,BPA Blanket Purchase Agreement,$0.00,"Apr 15, 2025",,8000,NATIONAL AERONAUTICS AND SPACE ADMINISTRATION,NASA GLENN RESEARCH CENTER,P,3424,METAL HEAT TREATING AND NON-THERMAL TREATING EQUIPMENT,332710.0,MACHINE SHOPS,WAUSAU,WI,544019328,NONE,NONE OF THE ABOVE,EFHJM9QN5DJ5,EFHJM9QN5DJ5,APPLIED FAB & MACHINING  INC.,"APPLIED FAB & MACHINING, INC.",66C85,
80GSFC23CA030,,P00009,0,DCA Definitive Contract,$0.00,"Apr 8, 2025","Mar 28, 2022",8000,NATIONAL AERONAUTICS AND SPACE ADMINISTRATION,NASA GODDARD SPACE FLIGHT CENTER,P,1675,SPACE VEHICLE COMPONENTS,336414.0,GUIDED MISSILE AND SPACE VEHICLE MANUFACTURING,LONGMONT,CO,805016767,NONE,NONE OF THE ABOVE,Q66XJ43E51L7,Q66XJ43E51L7,HONEYBEE ROBOTICS LLC,HONEYBEE ROBOTICS LLC,8DSS5,
80LARC19F0127,80LARC18C0003,P00003,0,DO Delivery Order,"-$25,000.00","Nov 29, 2023",,8000,NATIONAL AERONAUTICS AND SPACE ADMINISTRATION,NASA LANGLEY RESEARCH CENTER,S,R706,SUPPORT- MANAGEMENT: LOGISTICS SUPPORT,561210.0,FACILITIES SUPPORT SERVICES,ANCHORAGE,AK,995035793,NONE,NONE OF THE ABOVE,QMJEKNF3JN15,RQ13XQQKKQ67,ALUTIIQ  LLC,ALUTIIQ COMMERCIAL ENTERPRISES LLC,6NGU5,
80LARC24F0039,80GSFC19D0011,P00001,0,DO Delivery Order,"-$162,533.00","Apr 15, 2025",,8000,NATIONAL AERONAUTICS AND SPACE ADMINISTRATION,NASA LANGLEY RESEARCH CENTER,S,AR12,"SPACE R&D SERVICES; SPACE FLIGHT, RESEARCH AND SUPPORTING ACTIVITIES; APPLIED RESEARCH",541715.0,"RESEARCH AND DEVELOPMENT IN THE PHYSICAL, ENGINEERING, AND LIFE SCIENCES (EXCEPT NANOTECHNOLOGY AND BIOTECHNOLOGY)",EL SEGUNDO,CA,902454609,"E, S","EMPLOYMENT ELIGIBILITY VERIFICATION (52.222-54), SERVICE CONTRACT INVENTORY (FAR 4.17)",YA8LJBJCND19,YA8LJBJCND19,THE AEROSPACE CORPORATION,THE AEROSPACE CORPORATION,12782,
80NSSC24PB891,,P00003,0,PO Purchase Order,$0.00,"Apr 16, 2025",,8000,NATIONAL AERONAUTICS AND SPACE ADMINISTRATION,NASA SHARED SERVICES CENTER,P,6710,"CAMERAS, MOTION PICTURE",561920.0,CONVENTION AND TRADE SHOW ORGANIZERS,BALTIMORE,MD,212023550,NONE,NONE OF THE ABOVE,FVZHCYFCH9E8,FVZHCYFCH9E8,CAREER COMMUNICATIONS GROUP  INC.,"CAREER COMMUNICATIONS GROUP, INC.",4J883,
80NSSC22PA482,,P00006,0,PO Purchase Order,$0.00,"Apr 8, 2025",,8000,NATIONAL AERONAUTICS AND SPACE ADMINISTRATION,NASA SHARED SERVICES CENTER,S,R699,SUPPORT- ADMINISTRATIVE: OTHER,561210.0,FACILITIES SUPPORT SERVICES,GERMANTOWN,MD,208767102,NONE,NONE OF THE ABOVE,JTJJF2CZL6A9,JTJJF2CZL6A9,DIVERSIFIED SERVICES GROUP  INC.,"DIVERSIFIED SERVICES GROUP, INCORPORATED",1S8Z0,
80GSFC21C0019,,P00005,0,DCA Definitive Contract,"-$73,251.09","Jan 22, 2024","Oct 29, 2020",8000,NATIONAL AERONAUTICS AND SPACE ADMINISTRATION,NASA GODDARD SPACE FLIGHT CENTER,S,AJ12,GENERAL SCIENCE AND TECHNOLOGY R&D SERVICES; GENERAL SCIENCE AND TECHNOLOGY; APPLIED RESEARCH,541330.0,ENGINEERING SERVICES,LANHAM,MD,207066239,NONE,NONE OF THE ABOVE,PJ2SP76D3HJ3,PJ2SP76D3HJ3,SCIENCE SYSTEMS AND APPLICATIONS  INC.,"SCIENCE SYSTEMS AND APPLICATIONS, INC.",5S009,
80GSFC22CA021,,P00015,0,DCA Definitive Contract,"-$31,752.64","Jun 17, 2025","Aug 18, 2021",8000,NATIONAL AERONAUTICS AND SPACE ADMINISTRATION,NASA GODDARD SPACE FLIGHT CENTER,S,R425,SUPPORT- PROFESSIONAL: ENGINEERING/TECHNICAL,334511.0,"SEARCH, DETECTION, NAVIGATION, GUIDANCE, AERONAUTICAL, AND NAUTICAL SYSTEM AND INSTRUMENT MANUFACTURING",RIVERDALE,MD,207371245,E,EMPLOYMENT ELIGIBILITY VERIFICATION (52.222-54),CB26RZ2YNRX6,QZARBLMS54J5,NEWTON LLC,"NEWTON, L.L.C.",6RTC1,
80ARC023CA004,,P00002,0,DCA Definitive Contract,$0.00,"Mar 21, 2025","Mar 1, 2022",8000,NATIONAL AERONAUTICS AND SPACE ADMINISTRATION,NASA AMES RESEARCH CENTER,S,AR11,"SPACE R&D SERVICES; SPACE FLIGHT, RESEARCH AND SUPPORTING ACTIVITIES; BASIC RESEARCH",541715.0,"RESEARCH AND DEVELOPMENT IN THE PHYSICAL, ENGINEERING, AND LIFE SCIENCES (EXCEPT NANOTECHNOLOGY AND BIOTECHNOLOGY)",NEW YORK,NY,100323725,NONE,NONE OF THE ABOVE,QHF5ZZ114M72,QHF5ZZ114M72,THE TRUSTEES OF COLUMBIA UNIVERSITY IN THE CITY OF NEW YORK,"TRUSTEES OF COLUMBIA UNIVERSITY IN THE CITY OF NEW YORK, THE",3FHD3,
80NSSC24AA014,47QRAA18D00F8,P00004,0,BPA Blanket Purchase Agreement,$0.00,"Jun 9, 2025",,8000,NATIONAL AERONAUTICS AND SPACE ADMINISTRATION,NASA SHARED SERVICES CENTER,S,R699,SUPPORT- ADMINISTRATIVE: OTHER,541611.0,ADMINISTRATIVE MANAGEMENT AND GENERAL MANAGEMENT CONSULTING SERVICES,ARLINGTON,VA,222015302,NONE,NONE OF THE ABOVE,EP5NXCGQB6K6,PV6CF36474L1,RIOS PARTNERS  LLC,"RIOS PARTNERS, LLC",7NR98,
80ARC023CA004,,P00004,0,DCA Definitive Contract,$0.00,"Mar 21, 2025","Mar 1, 2022",8000,NATIONAL AERONAUTICS AND SPACE ADMINISTRATION,NASA AMES RESEARCH CENTER,S,AR11,"SPACE R&D SERVICES; SPACE FLIGHT, RESEARCH AND SUPPORTING ACTIVITIES; BASIC RESEARCH",541715.0,"RESEARCH AND DEVELOPMENT IN THE PHYSICAL, ENGINEERING, AND LIFE SCIENCES (EXCEPT NANOTECHNOLOGY AND BIOTECHNOLOGY)",NEW YORK,NY,100323725,NONE,NONE OF THE ABOVE,QHF5ZZ114M72,QHF5ZZ114M72,THE TRUSTEES OF COLUMBIA UNIVERSITY IN THE CITY OF NEW YORK,"TRUSTEES OF COLUMBIA UNIVERSITY IN THE CITY OF NEW YORK, THE",3FHD3,
80NSSC24FA979,80NSSC24AA010,P00003,0,BPA Call Blanket Purchase Agreement,$0.00,"Mar 27, 2025","Jul 1, 2024",8000,NATIONAL AERONAUTICS AND SPACE ADMINISTRATION,NASA SHARED SERVICES CENTER,S,R699,SUPPORT- ADMINISTRATIVE: OTHER,541611.0,ADMINISTRATIVE MANAGEMENT AND GENERAL MANAGEMENT CONSULTING SERVICES,ALEXANDRIA,VA,223142764,NONE,NONE OF THE ABOVE,NM2LLLZ5PFL7,NM2LLLZ5PFL7,BRYCE SPACE AND TECHNOLOGY  LLC,"BRYCE SPACE AND TECHNOLOGY, LLC",77Z64,
80NM0019F0075,80NM0018D0004,P00006,0,DO Delivery Order,$0.00,"Mar 3, 2025","Mar 1, 2018",8000,NATIONAL AERONAUTICS AND SPACE ADMINISTRATION,NASA MANAGEMENT OFFICE -- JPL,S,AR22,R&D- SPACE: SCIENCE/APPLICATIONS (APPLIED RESEARCH/EXPLORATORY DEVELOPMENT),541715.0,"RESEARCH AND DEVELOPMENT IN THE PHYSICAL, ENGINEERING, AND LIFE SCIENCES (EXCEPT NANOTECHNOLOGY AND BIOTECHNOLOGY)",PASADENA,CA,911098001,NONE,NONE OF THE ABOVE,YC1YP79BFD19,YC1YP79BFD19,CALIFORNIA INSTITUTE OF TECHNOLOGY,CALIFORNIA INSTITUTE OF TECHNOLOGY,23835,
80NSSC25FA034,47QRAA19D006N,P00002,0,DO Delivery Order,"-$174,236.00","Mar 10, 2025",,8000,NATIONAL AERONAUTICS AND SPACE ADMINISTRATION,NASA SHARED SERVICES CENTER,S,R499,SUPPORT- PROFESSIONAL: OTHER,541611.0,ADMINISTRATIVE MANAGEMENT AND GENERAL MANAGEMENT CONSULTING SERVICES,BLACKSBURG,VA,240606146,NONE,NONE OF THE ABOVE,QEN6HDA7BZK6,QEN6HDA7BZK6,TECHPRIDE  INC.,"TECHPRIDE, INC.",7M8B3,
NNK14CA65T,GS21F0019X,1,0,DO Delivery Order,"-$20,397.00","May 4, 2016",,8000,NATIONAL AERONAUTICS AND SPACE ADMINISTRATION,NASA KENNEDY SPACE CENTER,S,C213,ARCHITECT AND ENGINEERING- GENERAL: INSPECTION (NON-CONSTRUCTION),541690.0,OTHER SCIENTIFIC AND TECHNICAL CONSULTING SERVICES,COCOA BEACH,FL,329314194,,,YYGATTQM9KD1,YYGATTQM9KD1,CHINOOK SYSTEMS  INC.,"CHINOOK SYSTEMS, INC.",,
80NSSC25FA078,NNG15SD72B,P00001,0,DO Delivery Order,$0.00,"Apr 16, 2025",,8000,NATIONAL AERONAUTICS AND SPACE ADMINISTRATION,NASA SHARED SERVICES CENTER,S,DE10,"IT and Telecom - End User as a Service: Help Desk;Tier 1-2,Workspace,Print,Output,Productivity Tools",541519.0,OTHER COMPUTER RELATED SERVICES,ANNAPOLIS,MD,214017379,NONE,NONE OF THE ABOVE,F4M9NB1HD785,F4M9NB1HD785,COLOSSAL CONTRACTING LLC,"COLOSSAL CONTRACTING, LLC",5P3K0,
80AFRC19F0092,NND15AB03Z,P00001,0,BPA Call Blanket Purchase Agreement,"-$3,000.00","Jun 12, 2019",,8000,NATIONAL AERONAUTICS AND SPACE ADMINISTRATION,NASA ARMSTRONG FLIGHT RESEARCH CNTR,S,N071,INSTALLATION OF EQUIPMENT- FURNITURE,541614.0,"PROCESS, PHYSICAL DISTRIBUTION, AND LOGISTICS CONSULTING SERVICES",,,,NONE,NONE OF THE ABOVE,HDJ6L7LB3B98,HDJ6L7LB3B98,OFFICE DESIGN GROUP  INC.,OFFICE DESIGN GROUP,1ZHQ4,
80GSFC24CA024,,P00007,0,DCA Definitive Contract,"-$47,238.13","Apr 8, 2025","Apr 18, 2024",8000,NATIONAL AERONAUTICS AND SPACE ADMINISTRATION,NASA GODDARD SPACE FLIGHT CENTER,S,R408,SUPPORT- PROFESSIONAL: PROGRAM MANAGEMENT/SUPPORT,541611.0,ADMINISTRATIVE MANAGEMENT AND GENERAL MANAGEMENT CONSULTING SERVICES,FAIRMONT,WV,265548829,E,EMPLOYMENT ELIGIBILITY VERIFICATION (52.222-54),LLN8PEEPQNS3,LLN8PEEPQNS3,A3L FEDERAL WORKS LLC,"A3L FEDERAL WORKS,LLC",73HB9,
80ARC018F0144,80ARC018D0019,P00003,0,DO Delivery Order,"-$104,302.00","Jan 17, 2020",,8000,NATIONAL AERONAUTICS AND SPACE ADMINISTRATION,NASA AMES RESEARCH CENTER,S,AC24,R&D- DEFENSE SYSTEM: MISSILE/SPACE SYSTEMS (ENGINEERING DEVELOPMENT),541715.0,"RESEARCH AND DEVELOPMENT IN THE PHYSICAL, ENGINEERING, AND LIFE SCIENCES (EXCEPT NANOTECHNOLOGY AND BIOTECHNOLOGY)",SPARKS,NV,894349651,NONE,NONE OF THE ABOVE,DD2QET4D27T3,DD2QET4D27T3,SIERRA NEVADA CORPORATION,SIERRA NEVADA CORPORATION,8X691,
80JSC017D0020,,P00015,0,IDC Indefinite Delivery Contract,$0.00,"Sep 3, 2024",,8000,NATIONAL AERONAUTICS AND SPACE ADMINISTRATION,NASA JOHNSON SPACE CENTER,S,AR67,R&D- SPACE: STATION (COMMERCIALIZED),541712.0,"RESEARCH AND DEVELOPMENT IN THE PHYSICAL, ENGINEERING, AND LIFE SCIENCES (EXCEPT BIOTECHNOLOGY)",CAPE CANAVERAL,FL,329203719,,,M3HNK3FNQ8M1,PE1LKURB17M5,CRAIG TECHNICAL CONSULTING  INC.,"CRAIG TECHNICAL CONSULTING, INC.",4MF56,
80NSSC25K7045,,P00001,0,Grant For Research,$0.00,"Mar 21, 2025",,8000,NATIONAL AERONAUTICS AND SPACE ADMINISTRATION,NASA SHARED SERVICES CENTER,S,AJ11,GENERAL SCIENCE AND TECHNOLOGY R&D SERVICES; GENERAL SCIENCE AND TECHNOLOGY; BASIC RESEARCH,,,KUTZTOWN,PA,195309335,,,JGVSJXZ5B6D4,QG9HTDGKJJL3,KUTZTOWN UNIVERSITY OF PENNSYLVANIA,KUTZTOWN UNIVERSITY OF PENNSYLVANIA,0KFC6,
