Source,District,Recipient,Award ID,Latest Modification Number,Latest Modification Date,Start Date,End Date,Award Amount,Total Outlays,Description,Business Categories,URL
DOGE,WV-02,"A3l Federal Works,llc",80GSFC24CA024,P00007,2025-04-29,2024-07-08,2025-07-07,555288.51,352975.19,"Status: TERMINATED. Reported savings: $1,423,496. DOGE Action Date: 4/14/2025. Knowledge management, events and communications supports (KMECS) ivv contract","8(a) Program Participant, Category Business, HUBZone Firm, Limited Liability Corporation, Self-Certified Small Disadvantaged Business, Small Business, Sole Proprietorship, Special Designations, U.S.-Owned Business, Woman Owned Business, Women Owned Small Business",https://www.usaspending.gov/award/CONT_AWD_80GSFC24CA024_8000_-NONE-_-NONE-/
NASAGrants,DC-98,American University,80NSSC23M0024,P00003,2025-04-21,2023-01-26,,198655.21,197381.55,"Approved/ Awarded - Administrative | Administrative - Decrease, Administrative - Change Pop End Date. Modeling of exoplanet atmospheres and climates",Nonprofit Organization,https://www.usaspending.gov/award/ASST_NON_80NSSC23M0024_8000/
DOGE,MD-06,Autonomic Integra LLC,80GSFC23CA041,P00020,2025-05-05,2023-03-01,2026-02-28,10163422.47,7537714.51,"Status: OTHER ADMINISTRATIVE ACTION. Reported savings: $21,134,122. DOGE Action Date: 3/20/2025. The purpose of this contract is to acquire scientific support and related services for the giss facility in new york city, ny.","Category Business, Limited Liability Corporation, Minority Owned Business, Partnership or Limited Liability Partnership, SBA Certified 8 a Joint Venture, Self-Certified Small Disadvantaged Business, Small Business, Special Designations, Indian (Subcontinent) American Owned Business, U.S.-Owned Business",https://www.usaspending.gov/award/CONT_AWD_80GSFC23CA041_8000_-NONE-_-NONE-/
DOGE,MD-05,"B/W Color Prints, LLC",80NSSC25FA145,P00001,2025-03-25,2025-01-14,2025-03-31,10771.0,0.0,Status: Expired. Reported savings: $0. DOGE Action Date: 3/20/2025. Printing services for inspire/strategic communications,"Category Business, Limited Liability Corporation, Small Business, Special Designations, U.S.-Owned Business",https://www.usaspending.gov/award/CONT_AWD_80NSSC25FA145_8000_GS07F216BA_4732/
DOGE,TX-36,"Barrios Technology, LLC",80HQTR24F0071,P00001,2025-03-20,2024-08-01,2025-01-22,82838.19,48728.3,"Status: Expired. Reported savings: $82,838. DOGE Action Date: 3/20/2025. The project aims to enhance administrative operations and optimize efficiency within odeo by leveraging the expertise of an administrative operations specialist.","Category Business, Partnership or Limited Liability Partnership, Small Business, Special Designations, U.S.-Owned Business, Woman Owned Business, Women Owned Small Business",https://www.usaspending.gov/award/CONT_AWD_80HQTR24F0071_8000_80MSFC21D0009_8000/
DOGE,TX-36,"Barrios Technology, LLC",80HQTR24F0074,P00001,2025-03-20,2024-08-01,2025-01-22,82838.19,48728.3,"Status: Expired. Reported savings: $82,838. DOGE Action Date: 3/20/2025. Will be responsible for overseeing and managing the successful execution of special projects","Category Business, Partnership or Limited Liability Partnership, Small Business, Special Designations, U.S.-Owned Business, Woman Owned Business, Women Owned Small Business",https://www.usaspending.gov/award/CONT_AWD_80HQTR24F0074_8000_80MSFC21D0009_8000/
DOGE,TX-36,"Barrios Technology, LLC",80HQTR24F0070,P00001,2025-03-20,2024-08-01,2025-01-22,112312.76,66066.3,"Status: Expired. Reported savings: $122,313. DOGE Action Date: 3/20/2025. Research and development in the physical, engineering, and life sciences (except nanotechnology and biotechnology)","Category Business, Partnership or Limited Liability Partnership, Small Business, Special Designations, U.S.-Owned Business, Woman Owned Business, Women Owned Small Business",https://www.usaspending.gov/award/CONT_AWD_80HQTR24F0070_8000_80MSFC21D0009_8000/
DOGE,TX-36,"Barrios Technology, LLC",80HQTR24F0046,P00002,2025-03-20,2024-04-16,2025-01-22,226082.84,159773.67,"Status: Expired. Reported savings: $261,854. DOGE Action Date: 3/20/2025. Strategic planning, analysis, and programmatic support for.planetary sciences division.hq science mission directorate","Category Business, Partnership or Limited Liability Partnership, Small Business, Special Designations, U.S.-Owned Business, Woman Owned Business, Women Owned Small Business",https://www.usaspending.gov/award/CONT_AWD_80HQTR24F0046_8000_80MSFC21D0009_8000/
DOGE,TX-36,"Barrios Technology, LLC",80HQTR24F0073,P00001,2025-03-21,2024-08-05,2025-03-21,74496.9,31763.24,"Status: Expired. Reported savings: $74,497. DOGE Action Date: 3/20/2025. Provide primary integration and administrative support to the esdmd moon to mars (M2M) program planning & control (PP&C) office","Category Business, Partnership or Limited Liability Partnership, Small Business, Special Designations, U.S.-Owned Business, Woman Owned Business, Women Owned Small Business",https://www.usaspending.gov/award/CONT_AWD_80HQTR24F0073_8000_80MSFC21D0009_8000/
DOGE,TX-36,"Barrios Technology, LLC",80HQTR24F0064,P00003,2025-03-21,2024-06-24,2025-03-21,129377.08,67501.08,"Status: Expired. Reported savings: $129,377. DOGE Action Date: 3/20/2025. Coordinate and support the utilization of msds risk management plan and agency procedural documents and provide analysis and recommendation support to assist with msd risk management.","Category Business, Partnership or Limited Liability Partnership, Small Business, Special Designations, U.S.-Owned Business, Woman Owned Business, Women Owned Small Business",https://www.usaspending.gov/award/CONT_AWD_80HQTR24F0064_8000_80MSFC21D0009_8000/
NPDV,TX-36,"Barrios Technology, LLC",80HQTR24F0072,P00001,2025-03-24,2024-08-01,2025-04-09,190557.41,127452.24,"Stop work notice issued with notification of intent to terminate for convenience-provides data and evidence-driven advice to NASA leadership to assure an integrated enterprise approach to technology, policy, and strategy.","Category Business, Partnership or Limited Liability Partnership, Small Business, Special Designations, U.S.-Owned Business, Woman Owned Business, Women Owned Small Business",https://www.usaspending.gov/award/CONT_AWD_80HQTR24F0072_8000_80MSFC21D0009_8000/
NPDV,DE-00,Blue Marble Space,80NSSC23M0020,P00003,2025-04-21,2023-01-01,2025-12-31,44879.0,44879.0,"Stop work notice issued with notification of intent to terminate for convenience - unsolicited, three-dimensional modeling of observable terrestrial worlds",Nonprofit Organization,https://www.usaspending.gov/award/ASST_NON_80NSSC23M0020_8000/
DOGE,VA-11,Booz Allen Hamilton INC,80JSC024FA088,0,2024-10-21,2024-03-13,2025-03-13,442470.0,442470.0,"Status: Expired. Reported savings: $0. DOGE Action Date: 3/20/2025. The contractor shall provide independent programmatic and institutional assessment capability to support NASA. reviews and assessments are performed in support of organizational tactical and strategic planning efforts specifically for strategic messaging within the heliophysics science community, responding to the the next decade of discovery in solar and space physics: exploring and safeguarding humanity's home in space released in 2024, overall strategy and implementation of the space weather program and heliophysics digital resource library, leadership and division operational management, knowledge management, and support for division digital organization tools. the scope of reviews and assessments supported within this statement of work (SOW) includes NASA programs, projects within the heliophysics division as NASA headquarters.","Category Business, Corporate Entity Not Tax Exempt, Not Designated a Small Business, Special Designations, U.S.-Owned Business",https://www.usaspending.gov/award/CONT_AWD_80JSC024FA088_8000_80JSC023AA001_8000/
DOGE,VA-11,Booz Allen Hamilton INC,80JSC025FA015,0,2024-11-08,2024-11-01,2025-10-31,1000910.0,250227.0,Status: BASE AWARD. Reported savings: $0. DOGE Action Date: 3/20/2025. Game changing development (GCD) program data management and gcd tool support,"Category Business, Corporate Entity Not Tax Exempt, Not Designated a Small Business, Special Designations, U.S.-Owned Business",https://www.usaspending.gov/award/CONT_AWD_80JSC025FA015_8000_80JSC023AA001_8000/
DOGE,VA-11,Booz Allen Hamilton INC,80JSC024FA120,P00003,2025-02-27,2024-05-21,2025-05-21,857617.0,664941.0,"Status: ADDITIONAL WORK (NEW AGREEMENT, JUSTIFICATION REQUIRED). Reported savings: $0. DOGE Action Date: 3/20/2025. The contractor shall assess and evaluate existing NASA science mission directorate (SMD) programming and procedures to identify gaps and/or underlying issues in support of the open science strategic initiatives. recommend updates to strategy documents and collect modifications for input. provide an assessment and recommendations to cross-cutting alignments across the directorate. the contractor shall facilitate planning and discussion meetings to conduct strategic assessment activities, provide recommendations on agenda and materials and document results, and report findings and recommendations to the oscdo and other leadership to inform mission directorate processes. the contractor shall develop and foster relationships with agency points of contact and others to further the oscdo offices’ goals. the contractor shall monitor developments in and around open science and technology polices relative to agency and ocsdo goals and directives. the contractor shall provide management and assessment of ocsdo schedules, milestones, actions, and risks using applicable tools and trackers. the contractor shall review and assess strategic engagement opportunities on behalf of smd ocsdo front office, open science data officer, and open science program scientist and recommend strategies to maximize reach and impact. recommend processes, slide deck templates (internal and external), and procedures to optimize the programs’ activities and knowledge management practices.","Category Business, Corporate Entity Not Tax Exempt, Not Designated a Small Business, Special Designations, U.S.-Owned Business",https://www.usaspending.gov/award/CONT_AWD_80JSC024FA120_8000_80JSC023AA001_8000/
DOGE,VA-11,Booz Allen Hamilton INC,80JSC024FA135,P00002,2025-03-25,2024-06-11,2025-01-22,701923.0,701923.0,Status: TERMINATED. Reported savings: $0. DOGE Action Date: 3/20/2025. Strategic professional engineering assessment contract ii (SPEACII),"Category Business, Corporate Entity Not Tax Exempt, Not Designated a Small Business, Special Designations, U.S.-Owned Business",https://www.usaspending.gov/award/CONT_AWD_80JSC024FA135_8000_80JSC023AA001_8000/
DOGE,VA-11,Booz Allen Hamilton INC,80JSC024FA083,P00002,2025-03-25,2024-03-05,2025-01-22,1923416.0,1923416.0,"Status: TERMINATED. Reported savings: $0. DOGE Action Date: 3/20/2025. NASA’s deia strategic plan emphasizes the need to implement a deia analytics capability within NASA’s enterprise data platform (EDP) to enable evidence-based awareness, planning, decisions, and assessments of the current and future state of deia at NASA. the way forward for NASA’s deia analytics capability and the application of it","Category Business, Corporate Entity Not Tax Exempt, Not Designated a Small Business, Special Designations, U.S.-Owned Business",https://www.usaspending.gov/award/CONT_AWD_80JSC024FA083_8000_80JSC023AA001_8000/
DOGE,RI-01,Brown University,80NSSC24K0178,P00002,2025-04-08,2023-11-01,,752680.0,132452.47,Status: TERMINATED. Reported savings: $0. DOGE Action Date: 4/4/2025. NASA earth observations for resilient salton sea communities - interdisciplinary research in earth sciences for science mission directorate (SMD/ESD),Nonprofit Organization,https://www.usaspending.gov/award/ASST_NON_80NSSC24K0178_8000/
NPDV,RI-01,Brown University,80NSSC23K1348,P00002,2025-04-21,2023-08-21,,556417.0,556417.0,Stop work notice issued with notification of intent to terminate for convenience - mars to moon engineering support for Science Mission Directorate SMD.,Nonprofit Organization,https://www.usaspending.gov/award/ASST_NON_80NSSC23K1348_8000/
DOGE,VA-08,"Bryce Solutions, LLC",80NSSC23FB052,P00016,2024-12-17,2023-09-01,2025-02-28,2527240.48,2524174.88,"Status: Expired. Reported savings: $5,013,199. DOGE Action Date: 2/18/2025. Provides leadership and executive level one-on-one coaching services to the NASA enterprise-wide human capital support services (NEHCSS) contract.","Category Business, Joint Venture Women Owned Small Business, Limited Liability Corporation, Partnership or Limited Liability Partnership, Small Business, Special Designations, U.S.-Owned Business, Woman Owned Business, Women Owned Small Business",https://www.usaspending.gov/award/CONT_AWD_80NSSC23FB052_8000_80NSSC23DA002_8000/
DOGE,VA-08,"Bryce Space and Technology, LLC",80NSSC24FA979,P00003,2025-03-28,2024-08-01,2025-04-09,770000.0,499991.33,"Status: TERMINATED. Reported savings: $4,667,483. DOGE Action Date: 4/4/2025. Administrative management and general management consulting services to provide NASA leadership with independent diagnostics and strategic advisory work on matters involving, technology policy and economics through independent research and analysis that answers specific questions on topics of interest.","Category Business, Limited Liability Corporation, Partnership or Limited Liability Partnership, Small Business, Special Designations, U.S.-Owned Business, Woman Owned Business, Women Owned Small Business",https://www.usaspending.gov/award/CONT_AWD_80NSSC24FA979_8000_80NSSC24AA010_8000/
DOGE,CA-20,Business Class Aviation Inc.,80NSSC23PA010,P00004,2025-04-08,2022-10-01,2025-04-08,0.0,0.0,"Status: TERMINATED. Reported savings: $96,700. DOGE Action Date: 3/20/2025. Dc-8 and sofia aircraft storage and parts removal","Category Business, Corporate Entity Not Tax Exempt, Self-Certified Small Disadvantaged Business, Small Business, Special Designations, U.S.-Owned Business",https://www.usaspending.gov/award/CONT_AWD_80NSSC23PA010_8000_-NONE-_-NONE-/
NPDV,CA-28,California Institute of Technology,80NM0018F0566,P00026,2025-04-21,2018-10-01,2027-09-30,4294381.07,3134786.76,Stop work notice issued with notification of intent to terminate for convenience - office of chief technologist (oct) strategic integration for SMD directorate,"Category Business, Corporate Entity Tax Exempt, Educational Institution, Higher Education, Nonprofit Organization, Not Designated a Small Business, Higher Education (Private), Special Designations, U.S.-Owned Business",https://www.usaspending.gov/award/CONT_AWD_80NM0018F0566_8000_80NM0018D0004_8000/
NPDV,CA-28,California Institute of Technology,80NM0019F0075,P00006,2025-04-21,2019-08-02,2025-09-30,1326042.0,839809.69,Stop work notice issued with notification of intent to terminate for convenience - monitoring particulate air pollution and human health in ethiopia and south africa with linkages to NASA's MAIA mission (82-710940) for SMD directorate,"Category Business, Corporate Entity Tax Exempt, Educational Institution, Higher Education, Nonprofit Organization, Not Designated a Small Business, Higher Education (Private), Special Designations, U.S.-Owned Business",https://www.usaspending.gov/award/CONT_AWD_80NM0019F0075_8000_80NM0018D0004_8000/
NPDV,CA-28,California Institute of Technology,80NM0018F0669,P00007,2025-04-21,2018-10-01,2025-04-07,906320.78,621880.8,Stop work order issued with notification of intent to terminate for convenience - geostationary carbon cycle observatory (geocarb) pre-phase a and phase a (87-700073) for SMD directorate,"Category Business, Corporate Entity Tax Exempt, Educational Institution, Higher Education, Nonprofit Organization, Not Designated a Small Business, Higher Education (Private), Special Designations, U.S.-Owned Business",https://www.usaspending.gov/award/CONT_AWD_80NM0018F0669_8000_80NM0018D0004_8000/
NPDV,MD-07,"Career Communications Group, Inc.",80NSSC24PB891,P00003,2025-04-16,2024-09-01,2025-04-16,12500.0,12500.0,Termination for convenience: women of color in STEM silver partnership and participation in their national convention,"Black American Owned Business, Category Business, Corporate Entity Not Tax Exempt, DoT Certified Disadvantaged Business Enterprise, Minority Owned Business, Self-Certified Small Disadvantaged Business, Small Business, Special Designations, Subchapter S Corporation, U.S.-Owned Business",https://www.usaspending.gov/award/CONT_AWD_80NSSC24PB891_8000_-NONE-_-NONE-/
NASAGrants,CA-40,Chapman University,80NSSC23K0309,P00004,2024-08-22,2023-01-01,2025-12-31,192851.0,147482.21,"Work In Progress - Administrative | Administrative - Decrease, Administrative - Change Pop End Date. I.c.e. c.r.e.a.m.: integrating communication of ecostress into community research, education, applications, and media",Nonprofit Organization,https://www.usaspending.gov/award/ASST_NON_80NSSC23K0309_8000/
DOGE,VA-11,"Chenega Global Protection, LLC",80HQTR23FA044,P00005,2025-03-25,2023-06-20,2026-02-28,231345.2,219966.07,Status: TERMINATED. Reported savings: $0. DOGE Action Date: 4/1/2025. NASA hq protective service- security police officer post- east lobby- earth information center (EIC) - termination for convenience agreement- earth information center (EIC) support for NASA office of protective services,"8(a) Program Participant, Alaskan Native Corporation Owned Firm, Category Business, Limited Liability Corporation, Minority Owned Business, Native American Owned Business, Self-Certified Small Disadvantaged Business, Small Business, Special Designations, U.S.-Owned Business",https://www.usaspending.gov/award/CONT_AWD_80HQTR23FA044_8000_80GSFC23DA004_8000/
DOGE,OH-11,Cleveland State University,80NSSC22K1658,P00003,2025-04-08,2023-01-01,,149765.0,134223.37,Status: TERMINATED. Reported savings: $0. DOGE Action Date: 3/24/2025. Improved monitoring and management of urban tree equity: integrating metrics of tree quality with tree cover - commercial satellite data analysis characterizing canopy chlorophyll and photosynthetic productivity for agricultural crops and forest monitoring support for smd/esd directorate,"Government, U.S. Regional/State Government",https://www.usaspending.gov/award/ASST_NON_80NSSC22K1658_8000/
NPDV,MD-03,Colossal Contracting LLC,80NSSC25FA078,P00001,2025-04-17,2024-11-24,2025-04-16,16200.0,16200.0,Termination for convenience agreement prisma cloud renewal,"Category Business, Corporate Entity Not Tax Exempt, Limited Liability Corporation, Self-Certified Small Disadvantaged Business, Service Disabled Veteran Owned Business, Small Business, Special Designations, Subchapter S Corporation, U.S.-Owned Business, Veteran Owned Business",https://www.usaspending.gov/award/CONT_AWD_80NSSC25FA078_8000_NNG15SD72B_8000/
NPDV,MD-03,Cornell Technical Services LLC,80LARC25F7011,P00003,2025-04-10,2024-11-19,2025-07-31,780306.0,292407.35,Stop work notice issued with notification of intent to terminate for convenience - 2025 astrophysics division senior review,"Category Business, Limited Liability Corporation, Partnership or Limited Liability Partnership, Small Business, Special Designations, U.S.-Owned Business",https://www.usaspending.gov/award/CONT_AWD_80LARC25F7011_8000_80LARC20D0007_8000/
NPDV,MD-03,Cornell Technical Services LLC,80LARC21F0153,P00006,2025-04-10,2021-09-10,2025-08-31,335000.0,307390.83,"Stop work notice issued with notification of intent to terminate for convenience - mars exploration program (mep) assessment for management, planning, technical, scientific, risk, cost, and schedule support","Category Business, Limited Liability Corporation, Partnership or Limited Liability Partnership, Small Business, Special Designations, U.S.-Owned Business",https://www.usaspending.gov/award/CONT_AWD_80LARC21F0153_8000_80LARC20D0007_8000/
NPDV,MD-03,Cornell Technical Services LLC,80LARC21F0083,P00006,2025-04-10,2021-03-17,2025-09-30,115865.0,107041.21,Stop work notice issued with notification of intent to terminate for convenience - SOMA vault administration,"Category Business, Limited Liability Corporation, Partnership or Limited Liability Partnership, Small Business, Special Designations, U.S.-Owned Business",https://www.usaspending.gov/award/CONT_AWD_80LARC21F0083_8000_80LARC20D0007_8000/
DOGE,NY-19,Cornell University,80NSSC24K1193,P00001,2025-04-08,2024-07-01,,260000.0,43003.13,"Status: TERMINATED. Reported savings: $0. DOGE Action Date: 4/4/2025. An innovative workshop on edia for leaders in planetary science  - topical workshops, symposiums, and conferences  science mission directorate (smd/planetary)","Higher Education, Higher Education (Private)",https://www.usaspending.gov/award/ASST_NON_80NSSC24K1193_8000/
DOGE,VA-08,Creative Solutions International,80NSSC23FA279,P00003,2025-04-21,2023-03-07,2025-02-20,138793.75,108446.41,Status: TERMINATED. Reported savings: $0. DOGE Action Date: 2/18/2025. Consulting and meeting facilitation in support of ocio transformation initiatives,"Category Business, Corporate Entity Not Tax Exempt, Small Business, Special Designations, U.S.-Owned Business, Woman Owned Business",https://www.usaspending.gov/award/CONT_AWD_80NSSC23FA279_8000_GS10F0331M_4730/
DOGE,VA-08,"Crown Consulting, Inc.",80HQTR24FA038,P00002,2025-03-20,2024-06-06,2025-03-20,136646.85,68323.65,Status: Expired. Reported savings: $0. DOGE Action Date: 2/18/2025. Technical support for armd's office of the associate administrator,"Category Business, Corporate Entity Not Tax Exempt, Minority Owned Business, Not Designated a Small Business, Self-Certified Small Disadvantaged Business, Small Business, Special Designations, Subchapter S Corporation, Indian (Subcontinent) American Owned Business, U.S.-Owned Business",https://www.usaspending.gov/award/CONT_AWD_80HQTR24FA038_8000_80HQTR24AA006_8000/
NPDV,NY-12,"Datadog, Inc.",80NSSC24PB139,P00002,2025-04-08,2024-06-01,2025-04-08,0.0,0.0,Termination for convenience agreement - datadog subscription,"Category Business, Corporate Entity Not Tax Exempt, Not Designated a Small Business, Special Designations, U.S.-Owned Business",https://www.usaspending.gov/award/CONT_AWD_80NSSC24PB139_8000_-NONE-_-NONE-/
DOGE,VA-08,Deloitte Consulting LLP,80HQTR23FA018,P00002,2025-02-07,2023-02-08,2025-07-31,659225.96,533382.06,Status: SUPPLEMENTAL AGREEMENT FOR WORK WITHIN SCOPE. Reported savings: $0. DOGE Action Date: 3/20/2025. Conducting evidence and evaluation activities for the space technology mission directorate in order to meet the requirements of the evidence act (p.l. 115-435).,"Category Business, Not Designated a Small Business, Partnership or Limited Liability Partnership, Special Designations, U.S.-Owned Business",https://www.usaspending.gov/award/CONT_AWD_80HQTR23FA018_8000_80HQTR22AA005_8000/
DOGE,VA-08,Deloitte Consulting LLP,80HQTR25FA019,0,2025-02-11,2025-02-11,2025-08-11,130791.8,0.0,"Status: BASE AWARD. Reported savings: $0. DOGE Action Date: 3/20/2025. The technical work performed directly enables NASA to submit the annual president's budget request & congressional justification, required by the following laws: budget & accounting act (p.l. 67-13), budget impoundment & control act (p.l. 93-344). the task ends 8/11/2025 because the work will be complete.","Category Business, Not Designated a Small Business, Partnership or Limited Liability Partnership, Special Designations, U.S.-Owned Business",https://www.usaspending.gov/award/CONT_AWD_80HQTR25FA019_8000_80HQTR22AA005_8000/
DOGE,MD-06,"Diversified Services Group, Inc.",80NSSC22PA482,P00006,2025-04-08,2022-07-01,2025-04-09,46982.62,46982.54,"Status: TERMINATED. Reported savings: $38,578. DOGE Action Date: 4/14/2025. Live plant maintenance services","Black American Owned Business, Category Business, Corporate Entity Not Tax Exempt, Economically Disadvantaged Women Owned Small Business, Minority Owned Business, Self-Certified Small Disadvantaged Business, Small Business, Special Designations, U.S.-Owned Business, Woman Owned Business, Women Owned Small Business",https://www.usaspending.gov/award/CONT_AWD_80NSSC22PA482_8000_-NONE-_-NONE-/
DOGE,TX-26,"Eli Group, LLC",80NSSC24PC331,P00001,2025-04-21,2025-02-19,2025-02-19,27500.0,27500.0,Status: TERMINATED. Reported savings: $0. DOGE Action Date: 2/18/2025. The exclusive leadership lab for women provides senior-level women with a development program designed to enhance leadership influence and behavior change to help them succeed within your organization.,"Category Business, Corporate Entity Not Tax Exempt, Limited Liability Corporation, Self-Certified Small Disadvantaged Business, Small Business, Special Designations, U.S.-Owned Business, Woman Owned Business",https://www.usaspending.gov/award/CONT_AWD_80NSSC24PC331_8000_-NONE-_-NONE-/
DOGE,TX-26,"Eli Group, LLC",80NSSC24PA590,P00001,2025-04-21,2024-06-12,2025-03-06,27500.0,27500.0,Status: TERMINATED. Reported savings: $0. DOGE Action Date: 2/18/2025. Eli group leadership lab for women,"Category Business, Corporate Entity Not Tax Exempt, Limited Liability Corporation, Self-Certified Small Disadvantaged Business, Small Business, Special Designations, U.S.-Owned Business, Woman Owned Business",https://www.usaspending.gov/award/CONT_AWD_80NSSC24PA590_8000_-NONE-_-NONE-/
NASAGrants,FL-06,"Embry-Riddle Aeronautical University, Inc.",80NSSC24K0840,0,2024-05-07,2024-03-20,2026-03-19,145103.0,56539.33,"Work In Progress - Administrative | Administrative - Decrease, Administrative - Change Pop End Date. Empowering undergraduates: developing passive self-healing sensors to detect micrometeorites",Nonprofit Organization,https://www.usaspending.gov/award/ASST_NON_80NSSC24K0840_8000/
NPDV,GA-05,Emory University,80NSSC25K7032,P00001,2025-04-21,2024-10-04,2027-10-03,281894.0,0.0,"Stop work notice issued with notification of intent to terminate for convenience,  earth action: community action for equity and environmental justice   SMD",Nonprofit Organization,https://www.usaspending.gov/award/ASST_NON_80NSSC25K7032_8000/
DOGE,MD-08,"Emp Consultants, LLC",80NSSC24PA710,P00001,2025-03-27,2024-05-01,2025-04-30,45960.0,45960.0,"Status: TERMINATED. Reported savings: $45,960. DOGE Action Date: 3/20/2025. This order is for novice software and support maintenance.","Category Business, Corporate Entity Not Tax Exempt, Limited Liability Corporation, Small Business, Special Designations, U.S.-Owned Business",https://www.usaspending.gov/award/CONT_AWD_80NSSC24PA710_8000_-NONE-_-NONE-/
NPDV,CA-16,"Flawless Photonics, Inc.",80JSC022CA012,P00008,2025-04-08,2022-08-25,2025-11-15,2315075.0,2240075.0,Termination notice issued: in space production applications (inspa) - fabrication of flawlesspreforms in microgravity for OA directorate,"Category Business, Corporate Entity Not Tax Exempt, Manufacturer of Goods, Self-Certified Small Disadvantaged Business, Small Business, Special Designations, U.S.-Owned Business",https://www.usaspending.gov/award/CONT_AWD_80JSC022CA012_8000_-NONE-_-NONE-/
DOGE,FL-08,"Florida First Robotics Education Foundation, INC",80NSSC23PB058,P00002,2025-04-08,2023-05-15,2025-04-08,40200.0,40200.0,"Status: TERMINATED. Reported savings: $60,300. DOGE Action Date: 4/14/2025. Sponsorship of the first orlando regional","Category Business, Corporate Entity Tax Exempt, Foundation, Nonprofit Organization, Not Designated a Small Business, Special Designations, U.S.-Owned Business",https://www.usaspending.gov/award/CONT_AWD_80NSSC23PB058_8000_-NONE-_-NONE-/
DOGE,CT-04,"Gartner, Inc.",80NSSC24PB679,P00002,2025-04-30,2024-07-01,2025-12-31,194382.0,194382.0,"Status: TERMINATED. Reported savings: $194,382. DOGE Action Date: 3/20/2025. NASA human capital gartner learning & development services","Category Business, Corporate Entity Not Tax Exempt, Not Designated a Small Business, Special Designations, U.S.-Owned Business",https://www.usaspending.gov/award/CONT_AWD_80NSSC24PB679_8000_-NONE-_-NONE-/
DOGE,VA-11,George Mason University,80NSSC24K0892,P00001,2025-04-08,2024-03-29,,529129.0,0.0,Status: TERMINATED. Reported savings: $0. DOGE Action Date: 4/1/2025. Disparities in health and safety effects of dust storms in the united states - interdisciplinary research in earth sciences support for science mission directorate (SMD/ESD),"Government, U.S. Regional/State Government",https://www.usaspending.gov/award/ASST_NON_80NSSC24K0892_8000/
DOGE,VA-11,Guidehouse Inc.,80HQTR24FA019,P00011,2025-05-06,2023-12-01,2025-11-30,1553000.0,1222975.0,"Status: OTHER ADMINISTRATIVE ACTION. Reported savings: $639,900. DOGE Action Date: 3/20/2025. The contractor to provide services related to an integrated approach to conducting annual assessments of NASA’s management controls, internal control over financial reporting, fraud risk management framework and payment integrity.","Category Business, Corporate Entity Not Tax Exempt, Not Designated a Small Business, Special Designations, U.S.-Owned Business",https://www.usaspending.gov/award/CONT_AWD_80HQTR24FA019_8000_80HQTR24AA002_8000/
DOGE,NY-24,Harbec INC,80NSSC24PC367,P00001,2025-04-02,2024-09-10,2025-02-28,105768.0,105768.0,"Status: Expired. Reported savings: $0. DOGE Action Date: 3/20/2025. 104 end caps, 104 end cap sleeves","Category Business, Corporate Entity Not Tax Exempt, Manufacturer of Goods, Not Designated a Small Business, Special Designations, U.S.-Owned Business",https://www.usaspending.gov/award/CONT_AWD_80NSSC24PC367_8000_-NONE-_-NONE-/
DOGE,NE-03,Ho-Chunk Shared Services Company,80NSSC22PB703,P00003,2025-03-24,2022-08-05,2025-03-24,109953.67,109703.67,Status: TERMINATED. Reported savings: $0. DOGE Action Date: 2/18/2025. Strategic analysis and support services,"8(a) Program Participant, Category Business, Corporate Entity Tax Exempt, Minority Owned Business, Self-Certified Small Disadvantaged Business, Small Business, Special Designations, Tribally Owned Firm, U.S.-Owned Business",https://www.usaspending.gov/award/CONT_AWD_80NSSC22PB703_8000_-NONE-_-NONE-/
NPDV,CO-02,Honeybee Robotics LLC,80GSFC23CA030,P00009,2025-04-22,2022-11-30,2026-07-30,6785723.62,6635723.61,"Stop work notice issued with notification of intent to terminate for convenience - Mars Sample Return (MSR) capture, containment and return systems (CCRS) earth entry system (EES) spin eject mechanism (sem) for SMD directorate.","Category Business, Limited Liability Corporation, Manufacturer of Goods, Not Designated a Small Business, Partnership or Limited Liability Partnership, Special Designations, U.S.-Owned Business",https://www.usaspending.gov/award/CONT_AWD_80GSFC23CA030_8000_-NONE-_-NONE-/
DOGE,OH-11,Howard Wershbale & Co,80NSSC20P1795,P00008,2025-04-08,2020-08-23,2025-04-08,16050.0,16100.0,"Status: TERMINATED. Reported savings: $3,950. DOGE Action Date: 4/14/2025. Financial statement review","Category Business, Corporate Entity Not Tax Exempt, Small Business, Special Designations, Subchapter S Corporation, U.S.-Owned Business",https://www.usaspending.gov/award/CONT_AWD_80NSSC20P1795_8000_-NONE-_-NONE-/
DOGE,FL-01,Hx5 LLC,80GRC020F0118,P00016,2025-03-18,2020-04-01,2025-09-30,1877125.75,1851099.24,"Status: SUPPLEMENTAL AGREEMENT FOR WORK WITHIN SCOPE. Reported savings: $1,877,126. DOGE Action Date: 3/20/2025. Lpr fan test hardware support. test lpr (low pressure ratio) turbofan design take-off, landing, climb, and cruise conditions.","8(a) Program Participant, Category Business, Corporate Entity Not Tax Exempt, Hispanic American Owned Business, Limited Liability Corporation, Minority Owned Business, Service Disabled Veteran Owned Business, Small Business, Special Designations, Subchapter S Corporation, U.S.-Owned Business, Veteran Owned Business, Woman Owned Business, Women Owned Small Business",https://www.usaspending.gov/award/CONT_AWD_80GRC020F0118_8000_80GRC020D0003_8000/
DOGE,FL-01,Hx5 LLC,80GRC021F0111,P00004,2025-03-20,2021-07-18,2025-12-31,148680.06,112699.29,"Status: SUPPLEMENTAL AGREEMENT FOR WORK WITHIN SCOPE. Reported savings: $148,680. DOGE Action Date: 3/20/2025. Advanced seal development 4","8(a) Program Participant, Category Business, Corporate Entity Not Tax Exempt, Hispanic American Owned Business, Limited Liability Corporation, Minority Owned Business, Service Disabled Veteran Owned Business, Small Business, Special Designations, Subchapter S Corporation, U.S.-Owned Business, Veteran Owned Business, Woman Owned Business, Women Owned Small Business",https://www.usaspending.gov/award/CONT_AWD_80GRC021F0111_8000_80GRC020D0003_8000/
DOGE,FL-01,Hx5 LLC,80GRC022F0189,P00016,2025-03-26,2022-09-22,2025-07-31,806333.75,470279.62,"Status: SUPPLEMENTAL AGREEMENT FOR WORK WITHIN SCOPE. Reported savings: $806,334. DOGE Action Date: 3/20/2025. Prototype manufacturing of a motor for dusty & extremely cold environments (MDECE).","8(a) Program Participant, Category Business, Corporate Entity Not Tax Exempt, Hispanic American Owned Business, Limited Liability Corporation, Minority Owned Business, Service Disabled Veteran Owned Business, Small Business, Special Designations, Subchapter S Corporation, U.S.-Owned Business, Veteran Owned Business, Woman Owned Business, Women Owned Small Business",https://www.usaspending.gov/award/CONT_AWD_80GRC022F0189_8000_80GRC020D0003_8000/
DOGE,FL-01,Hx5 LLC,80GRC020F0111,P00025,2025-03-28,2020-04-01,2025-09-30,1837580.8,1302452.08,"Status: FUNDING ONLY ACTION. Reported savings: $1,513,111. DOGE Action Date: 3/20/2025. Superconducting motor components & test devices.","8(a) Program Participant, Category Business, Corporate Entity Not Tax Exempt, Hispanic American Owned Business, Limited Liability Corporation, Minority Owned Business, Service Disabled Veteran Owned Business, Small Business, Special Designations, Subchapter S Corporation, U.S.-Owned Business, Veteran Owned Business, Woman Owned Business, Women Owned Small Business",https://www.usaspending.gov/award/CONT_AWD_80GRC020F0111_8000_80GRC020D0003_8000/
DOGE,FL-01,Hx5 LLC,80GRC020F0115,P00031,2025-04-09,2020-04-01,2025-09-30,1896511.88,1440427.76,"Status: FUNDING ONLY ACTION. Reported savings: $1,771,458. DOGE Action Date: 3/20/2025. Electric drive test support and technical communication.","8(a) Program Participant, Category Business, Corporate Entity Not Tax Exempt, Hispanic American Owned Business, Limited Liability Corporation, Minority Owned Business, Service Disabled Veteran Owned Business, Small Business, Special Designations, Subchapter S Corporation, U.S.-Owned Business, Veteran Owned Business, Woman Owned Business, Women Owned Small Business",https://www.usaspending.gov/award/CONT_AWD_80GRC020F0115_8000_80GRC020D0003_8000/
DOGE,VA-11,"Hydrogeologic, Inc.",80KSC019F0128,P00010,2025-04-18,2019-04-26,2025-03-18,151868.35,126804.17,"Status: Expired. Reported savings: $154,681. DOGE Action Date: 3/20/2025. Support meetings with florida department of environmental protection to review project progress and reach consensus on the path forward.","Asian Pacific American Owned Business, Category Business, Corporate Entity Not Tax Exempt, Minority Owned Business, Not Designated a Small Business, Special Designations, U.S.-Owned Business",https://www.usaspending.gov/award/CONT_AWD_80KSC019F0128_8000_80KSC019D0012_8000/
DOGE,GA-07,Ibex It Business Experts LLC,80NSSC23FA528,P00007,2025-04-23,2023-06-01,2025-03-31,214134.25,189468.09,Status: TERMINATED. Reported savings: $0. DOGE Action Date: 5/1/2025. Human resources and executive search consulting services: NASA enterprise-wide human capital services,"8(a) Program Participant, Black American Owned Business, Category Business, Corporate Entity Not Tax Exempt, DoT Certified Disadvantaged Business Enterprise, Economically Disadvantaged Women Owned Small Business, Limited Liability Corporation, Minority Owned Business, Self-Certified Small Disadvantaged Business, Small Business, Special Designations, U.S.-Owned Business, Woman Owned Business, Women Owned Small Business",https://www.usaspending.gov/award/CONT_AWD_80NSSC23FA528_8000_80NSSC23DA001_8000/
DOGE,VA-11,"Icf Incorporated, L.L.C.",80HQTR24F0012,P00003,2025-03-14,2023-11-16,2025-02-14,1929221.26,1000658.48,"Status: Expired. Reported savings: $1,439,421. DOGE Action Date: 2/18/2025. Provides technical support for the co-chairs and bureau of wgiii, cross-working group coordination. this is a NASA hq requirement.","Category Business, Limited Liability Corporation, Not Designated a Small Business, Special Designations, U.S.-Owned Business",https://www.usaspending.gov/award/CONT_AWD_80HQTR24F0012_8000_80HQTR21D0004_8000/
NPDV,VA-11,"Icf Incorporated, L.L.C.",80HQTR22F0076,P00009,2025-04-08,2022-05-04,2025-04-08,979989.29,533594.08,Stop work notice issued with notification of intent to terminate for convience - support for U.S.participation in theintergovernmentalpanel on climatechange and relatedinternationalassessments,"Category Business, Limited Liability Corporation, Not Designated a Small Business, Special Designations, U.S.-Owned Business",https://www.usaspending.gov/award/CONT_AWD_80HQTR22F0076_8000_80HQTR21D0004_8000/
NPDV,VA-11,"Icf Incorporated, L.L.C.",80HQTR22F0109,P00004,2025-04-08,2022-10-03,2025-04-08,879147.0,440773.6,Stop work notice issued with notification of intent to terminate for convience - specialized support services for a carbon cycle interagency working group coordintor.,"Category Business, Limited Liability Corporation, Not Designated a Small Business, Special Designations, U.S.-Owned Business",https://www.usaspending.gov/award/CONT_AWD_80HQTR22F0109_8000_80HQTR21D0004_8000/
NPDV,VA-11,"Icf Incorporated, L.L.C.",80HQTR24F0037,P00002,2025-04-08,2024-03-18,2025-04-08,651786.0,196202.03,Stop work noticed issued with notification of intent to terminate for convience - to provide a scope for specialized support services for two climate services personnel to the u.s. global change research program,"Category Business, Limited Liability Corporation, Not Designated a Small Business, Special Designations, U.S.-Owned Business",https://www.usaspending.gov/award/CONT_AWD_80HQTR24F0037_8000_80HQTR21D0004_8000/
NPDV,FL-09,"Imec Usa Nanoelectronics Design Center, INC",80NSSC19K1666,P00001,2025-04-21,2019-09-03,2025-09-02,40000.0,0.0,"Stop work notice issued with notification of intent to terminate for convenience,  rodent hindlimb suspension, rodent csf, and direct ICP & biomarkers - smod",Nonprofit Organization,https://www.usaspending.gov/award/ASST_NON_80NSSC19K1666_8000/
DOGE,VA-11,Immixtechnology INC,80NSSC24FA260,0,2025-03-14,2024-03-01,2025-02-28,38454.11,38454.11,"Status: Expired. Reported savings: $38,454. DOGE Action Date: 3/20/2025. This order is for digimat software and support maintenance.","Category Business, Corporate Entity Not Tax Exempt, Not Designated a Small Business, Special Designations, U.S.-Owned Business",https://www.usaspending.gov/award/CONT_AWD_80NSSC24FA260_8000_NNG15SC39B_8000/
DOGE,VA-11,KPMG LLP,80NSSC24PC269,P00001,2025-04-21,2024-09-03,2025-03-24,120000.0,96000.0,"Status: TERMINATED. Reported savings: $0. DOGE Action Date: 2/18/2025. Training immersion to provide direct experience and exposure for NASA leaders to for-profit industry organizations in support of the agency’s public private talent program pilot program and in association with the leadership development program, NASA aspire, learning objectives.  more specifically understanding how the business drives efficiency in decision making, leads technology innovation / artificial intelligence / data ecosystems, and their investment strategy.","Category Business, Not Designated a Small Business, Partnership or Limited Liability Partnership, Special Designations, U.S.-Owned Business",https://www.usaspending.gov/award/CONT_AWD_80NSSC24PC269_8000_-NONE-_-NONE-/
DOGE,CO-05,Keysight Technologies INC,80NSSC24PA923,P00001,2025-03-25,2024-06-14,2025-03-17,10152.96,10152.96,"Status: TERMINATED. Reported savings: $10,153. DOGE Action Date: 3/20/2025. This order is for ads software and support maintenance.","Category Business, Corporate Entity Not Tax Exempt, Manufacturer of Goods, Not Designated a Small Business, Special Designations, U.S.-Owned Business",https://www.usaspending.gov/award/CONT_AWD_80NSSC24PA923_8000_-NONE-_-NONE-/
DOGE,CO-05,Keysight Technologies INC,80NSSC24PA753,P00001,2025-03-27,2024-04-15,2025-03-19,33662.52,33662.52,"Status: TERMINATED. Reported savings: $33,663. DOGE Action Date: 3/20/2025. This order is for genesys and support maintenance.","Category Business, Corporate Entity Not Tax Exempt, Manufacturer of Goods, Not Designated a Small Business, Special Designations, U.S.-Owned Business",https://www.usaspending.gov/award/CONT_AWD_80NSSC24PA753_8000_-NONE-_-NONE-/
NPDV,PA-04,Kutztown University of Pennsylvania,80NSSC25K7045,P00001,2025-04-08,2024-10-07,,74992.0,0.0,"Termination for convenience agreement - the kutztown university's h2o+h2s ""here to observe + here to storytell"" program will use mission science and scientific storytelling AS a student experiential learning tool to scaffold workforce skills. each year, the 10-12 student observer cohort will be composed of STEM and STEM-interested freshmen, sophomores and incoming transfer students from introductory courses. the program will focus on those students not typically served BY outreach and engagement programs. kutztown university has an established 'learning community' approach, where a group of students is paired with faculty mentors and meet once a week AS a PART of their schedule. h2o+h2s will use this program so students are supported with a 1-credit course (1 hour PER week), preserving dedicated time for the student observer to fulfill the program without disruption to their academic classes or overburdening schedules. the course will integrate the here to explore program activities with a student-created scientific narrative project based on sharing the mission science. the students observers will develop a short audio/video storytelling project about the NASA mission. research shows that integrating storytelling, or narrative techniques, provides powerful ACCESS for students of diverse backgrounds to connect with science. two students from previous cohorts will serve AS peer mentors. scaffolding experiences will include the NASA-LED h2o activities, fieldtrips, professional meeting attendance, and mentorship through-out the year. the h2o + h2s program focuses on creating products that articulate workforce skills on student resumes. this directly supports enhanced student success when applying for future internships, graduate school, and industry jobs.","Government, U.S. Regional/State Government",https://www.usaspending.gov/award/ASST_NON_80NSSC25K7045_8000/
DOGE,VA-11,"Leidos, Inc.",80NSSC24PC405,P00001,2025-04-16,2024-09-01,2024-09-25,0.0,0.0,Status: Expired. Reported savings: $0. DOGE Action Date: 3/20/2025. Fy24 verint annual maintenance & support coverage standard plan,"Category Business, Corporate Entity Not Tax Exempt, Not Designated a Small Business, Special Designations, U.S.-Owned Business",https://www.usaspending.gov/award/CONT_AWD_80NSSC24PC405_8000_-NONE-_-NONE-/
DOGE,MA-07,Massachusetts Institute of Technology,80NSSC22K1673,P00003,2025-04-08,2022-09-01,,250000.0,235984.0,Status: TERMINATED. Reported savings: $0. DOGE Action Date: 3/24/2025. Applying the evdt integrated modeling framework for environmental justice applications - termination for convenience - earth science applications: equity and environmental justice support for science mission directorate (SMD/ESD),"Higher Education, Higher Education (Private)",https://www.usaspending.gov/award/ASST_NON_80NSSC22K1673_8000/
NPDV,IL-07,"Messe Dusseldorf North America, Inc.",80NSSC25PA641,P00001,2025-04-08,2025-05-19,2025-04-09,15200.0,0.0,Termination for convenience agreement - booth space for NASA at auvsi 2025,"Category Business, Corporate Entity Not Tax Exempt, Foreign Owned, Foreign-Owned and U.S.-Incorporated Business, Not Designated a Small Business, Special Designations",https://www.usaspending.gov/award/CONT_AWD_80NSSC25PA641_8000_-NONE-_-NONE-/
NPDV,MA-03,"National Quality Assurance - U.S.A., Inc.",80NSSC25FA315,P00001,2025-05-05,2025-05-05,2025-05-08,0.0,0.0,Termination for convenience-as9100 audit at AFRC's NASA facility,"Category Business, Corporate Entity Not Tax Exempt, Not Designated a Small Business, Special Designations, U.S.-Owned Business",https://www.usaspending.gov/award/CONT_AWD_80NSSC25FA315_8000_80NSSC24AA005_8000/
DOGE,VA-08,"National Society of Black Physicists, Inc.",80NSSC24K0944,P00001,2025-04-08,2024-04-01,,99751.0,99751.0,"Status: TERMINATED. Reported savings: $0. DOGE Action Date: 3/31/2025. Student leadership development summit (SLDS) -  topical workshops, symposiums, and conferences  science mission directorate (smd/planetary)",Nonprofit Organization,https://www.usaspending.gov/award/ASST_NON_80NSSC24K0944_8000/
NASAGrants,DC-98,"National Society of Black Physicists, Inc.",80NSSC24K1845,P00003,2025-04-08,2024-10-15,,532078.0,299960.0,"Work In Progress - Administrative | Administrative - Decrease, Administrative - Change Pop End Date. Nsbp/nshp: joint annual conference",Nonprofit Organization,https://www.usaspending.gov/award/ASST_NON_80NSSC24K1845_8000/
DOGE,NY-13,Natural Areas Conservancy INC,80NSSC24K0520,P00001,2025-04-08,2024-04-01,,485603.0,156426.02,Status: TERMINATED. Reported savings: $0. DOGE Action Date: 4/4/2025. Assessing access to nature and their benefits in ej communities across US cities - interdisciplinary research in earth sciences for support for science mission directorate (SMD/ESD),Nonprofit Organization,https://www.usaspending.gov/award/ASST_NON_80NSSC24K0520_8000/
DOGE,CA-47,"Noreas, Inc.",80KSC020F0077,P00008,2025-04-22,2020-08-01,2025-07-31,2594431.77,2415144.42,"Status: OTHER ADMINISTRATIVE ACTION. Reported savings: $2,643,830. DOGE Action Date: 3/20/2025. Environmental consulting services","Category Business, Corporate Entity Not Tax Exempt, Self-Certified Small Disadvantaged Business, Small Business, Special Designations, Subchapter S Corporation, U.S.-Owned Business",https://www.usaspending.gov/award/CONT_AWD_80KSC020F0077_8000_GS00F373GA_4732/
DOGE,CO-06,Nuburu Inc.,80NSSC24CA161,P00002,2025-03-12,2024-08-08,2025-03-05,849989.0,0.0,Status: TERMINATED. Reported savings: $0. DOGE Action Date: 4/4/2025. Sbir phase ii - blue-plume - blue laser planetary and lunar management of electrical power,"Category Business, Corporate Entity Not Tax Exempt, Manufacturer of Goods, Small Business, Special Designations, U.S.-Owned Business",https://www.usaspending.gov/award/CONT_AWD_80NSSC24CA161_8000_-NONE-_-NONE-/
DOGE,OH-07,Ohio Aerospace Institute,80NSSC24K0114,P00002,2025-04-08,2023-10-18,,147209.0,83644.09,Status: TERMINATED. Reported savings: $0. DOGE Action Date: 5/1/2025. Here to observe student engagement program: ohio and puerto rico space grant consortiums,"Category Business, Small Business",https://www.usaspending.gov/award/ASST_NON_80NSSC24K0114_8000/
DOGE,OK-03,Oklahoma State University,80NSSC21M0005,P00007,2025-04-08,2021-01-01,,2981789.0,1886465.64,Status: TERMINATED. Reported savings: $0. DOGE Action Date: 3/24/2025. The primary objective of the  native earth | native sky  (NENS) program is to build culturally-relevant earth-sky stem programming for middle schoolers in three oklahoma native american nations that will increase the students  understanding of - termination for convenience agreement  - science activation program integration/ science engagement & partnerships division for support for science mission directorate (SMD),,https://www.usaspending.gov/award/ASST_NON_80NSSC21M0005_8000/
DOGE,VA-11,"Overlook Systems Technologies, Inc.",80HQTR21F0124,P00022,2025-03-17,2021-05-01,2025-02-13,2472244.0,2471451.42,"Status: Expired. Reported savings: $4,390,932. DOGE Action Date: 3/20/2025. Provide contractor subject matter expertise in the  areas of u.s. and international space policy as well as pnt policy, technology, engineering, and  related applications","Category Business, Corporate Entity Not Tax Exempt, Small Business, Special Designations, Subchapter S Corporation, U.S.-Owned Business",https://www.usaspending.gov/award/CONT_AWD_80HQTR21F0124_8000_GS10F0100T_4730/
DOGE,OR-01,Pacific Research & Evaluation LLC,80NSSC23PB368,P00001,2025-04-21,2023-09-01,2025-03-06,183337.0,119413.5,Status: TERMINATED. Reported savings: $0. DOGE Action Date: 5/1/2025. Audience evaluation of engagement content and materials,"Category Business, Limited Liability Corporation, Partnership or Limited Liability Partnership, Small Business, Special Designations, U.S.-Owned Business",https://www.usaspending.gov/award/CONT_AWD_80NSSC23PB368_8000_-NONE-_-NONE-/
DOGE,DC-98,Partnership for Public Service INC,80NSSC24PC394,P00001,2025-04-21,2024-10-01,2025-03-11,28750.0,28750.0,Status: TERMINATED. Reported savings: $0. DOGE Action Date: 2/28/2025. Partnership for public service. membership in the federal human capital collaborative,"Category Business, Corporate Entity Tax Exempt, Nonprofit Organization, Not Designated a Small Business, Special Designations, U.S.-Owned Business",https://www.usaspending.gov/award/CONT_AWD_80NSSC24PC394_8000_-NONE-_-NONE-/
DOGE,VA-08,"Politico, LLC",80NSSC24PA723,P00001,2025-03-25,2024-05-03,2025-02-18,202600.0,202600.0,Status: TERMINATED. Reported savings: $0. DOGE Action Date: 3/19/2025. Renewal for politico pro service for olia,"Category Business, Foreign Owned, Foreign-Owned and U.S.-Incorporated Business, Not Designated a Small Business, Partnership or Limited Liability Partnership, Self-Certified Small Disadvantaged Business, Small Business, Special Designations",https://www.usaspending.gov/award/CONT_AWD_80NSSC24PA723_8000_-NONE-_-NONE-/
DOGE,VA-08,"Politico, LLC",80NSSC24PA609,P00001,2025-04-21,2024-03-11,2025-02-18,10600.0,10600.0,Status: TERMINATED. Reported savings: $0. DOGE Action Date: 2/13/2025. Politico pro agreement for ocfo,"Category Business, Foreign Owned, Partnership or Limited Liability Partnership, Self-Certified Small Disadvantaged Business, Small Business, Special Designations",https://www.usaspending.gov/award/CONT_AWD_80NSSC24PA609_8000_-NONE-_-NONE-/
DOGE,IA-01,R3 Uniq INC,80NSSC24PB720,P00001,2025-04-08,2024-07-15,2025-04-08,71648.9,71648.9,Status: TERMINATED. Reported savings: $0. DOGE Action Date: 4/11/2025. Omnest network simulation software licenses and support,"8(a) Program Participant, Category Business, Corporate Entity Not Tax Exempt, DoT Certified Disadvantaged Business Enterprise, Minority Owned Business, Self-Certified Small Disadvantaged Business, Small Business, Special Designations, Subchapter S Corporation, Indian (Subcontinent) American Owned Business, U.S.-Owned Business",https://www.usaspending.gov/award/CONT_AWD_80NSSC24PB720_8000_-NONE-_-NONE-/
DOGE,VA-11,"Rei Systems, Inc.",80NSSC23FA267,P00005,2025-03-14,2023-04-01,2026-03-31,2854482.12,1954235.71,"Status: OTHER ADMINISTRATIVE ACTION. Reported savings: $5,437,168. DOGE Action Date: 3/20/2025. This task provides unique, direct portfolio planning, operations and execution support to the early stage innovations and partnerships portfolio which provides support to NASA’s early stage technology development and tech commercialization programs that are pioneering aerospace research and transformative technology ventures to enable NASA’s mission and invigorate our economic future. task provides operations management support; strategic planning and execution support for stmd-wide processes run by esip to identify and competitively select industry technology development partnerships; organization design and change management as stmd re-organizes; and engagement support to improve the ""front door"" to stmd for external innovators.","Category Business, Corporate Entity Not Tax Exempt, Minority Owned Business, Not Designated a Small Business, Self-Certified Small Disadvantaged Business, Small Business, Special Designations, Indian (Subcontinent) American Owned Business, U.S.-Owned Business",https://www.usaspending.gov/award/CONT_AWD_80NSSC23FA267_8000_80NSSC23AA003_8000/
NPDV,NC-04,Research Triangle Institute,80NSSC25K7029,P00001,2025-04-21,2024-10-04,2027-10-03,237796.0,322.59,Stop work notice issued with notification of intent to terminate for convenience - project green: greenspace and remote sensing for the environment and equity in neighborhoods,Nonprofit Organization,https://www.usaspending.gov/award/ASST_NON_80NSSC25K7029_8000/
NASAGrants,CA-50,San Diego Air & Space Museum,80NSSC24K0966,0,2024-07-08,2024-09-03,2025-08-31,40000.0,40000.0,"Work In Progress - Administrative | Administrative - Decrease, Administrative - Change Pop End Date. Imagine the future of space",Nonprofit Organization,https://www.usaspending.gov/award/ASST_NON_80NSSC24K0966_8000/
NPDV,TX-22,Schlumberger Technology Corporation,80GSFC21C0057,P00012,2025-04-10,2021-03-26,2026-03-26,2835061.93,2835061.93,Stop work notice issued with notification of intent to terminate for convenience - NASA dragonfly pulsed neutron generators for the SMD directorate.,"Category Business, Corporate Entity Not Tax Exempt, Not Designated a Small Business, Special Designations, U.S.-Owned Business",https://www.usaspending.gov/award/CONT_AWD_80GSFC21C0057_8000_-NONE-_-NONE-/
DOGE,VA-11,Science Applications International Corporation,80HQTR25FA007,P00003,2025-03-14,2024-10-23,2025-02-14,865076.75,807172.06,"Status: Expired. Reported savings: $0. DOGE Action Date: 3/20/2025. Review, validate, and advise on draft plan, messaging and branding of the plan, plan implementation analysis and recommendations, rollout & metrics","Category Business, Corporate Entity Not Tax Exempt, Not Designated a Small Business, Special Designations, U.S.-Owned Business",https://www.usaspending.gov/award/CONT_AWD_80HQTR25FA007_8000_80HQTR24AA005_8000/
NPDV,NY-12,Sinequa Corp,80NSSC25PA845,P00001,2025-04-08,2025-04-01,2025-04-09,0.0,0.0,Termination for convenience agreement - sinequa customer success engineers,"Category Business, Corporate Entity Not Tax Exempt, Foreign Owned, Foreign-Owned and U.S.-Incorporated Business, Small Business, Special Designations",https://www.usaspending.gov/award/CONT_AWD_80NSSC25PA845_8000_-NONE-_-NONE-/
DOGE,IL-07,Society of Women Engineers,80NSSC24PC049,P00002,2025-04-21,2024-08-01,2025-03-06,33100.0,33100.0,"Status: TERMINATED. Reported savings: $33,100. DOGE Action Date: 3/20/2025. Recruiting: society of women engineers (SWE) corporate partnership council and participation in associated recruiting events","Category Business, Corporate Entity Tax Exempt, Nonprofit Organization, Not Designated a Small Business, Special Designations, U.S.-Owned Business",https://www.usaspending.gov/award/CONT_AWD_80NSSC24PC049_8000_-NONE-_-NONE-/
NPDV,CA-24,Space Exploration Technologies Corp,80NSSC25PA014,P00001,2025-04-21,2024-10-07,2025-04-08,19038.4,19038.4,"Termination for convenience agreement - ASPIRE public-private talent program, spacex immersion","Category Business, Corporate Entity Not Tax Exempt, Manufacturer of Goods, Not Designated a Small Business, Special Designations, U.S.-Owned Business",https://www.usaspending.gov/award/CONT_AWD_80NSSC25PA014_8000_-NONE-_-NONE-/
DOGE,VA-11,"Strategy Consulting Team, LLC",80NSSC24FA447,P00001,2025-01-28,2024-04-15,2026-02-28,147393.78,64765.04,"Status: EXERCISE AN OPTION. Reported savings: $248,077. DOGE Action Date: 2/18/2025. Provides NASA supervisory intensive leadership program (SILP) support on the NASA enterprise-wide human capital support services (NEHCSS) contract in accordance with contract terms and conditions for the NASA office of the chief human capital officer (OCHCO).","Category Business, Corporate Entity Not Tax Exempt, Limited Liability Corporation, Self-Certified Small Disadvantaged Business, Small Business, Special Designations, U.S.-Owned Business, Woman Owned Business, Women Owned Small Business",https://www.usaspending.gov/award/CONT_AWD_80NSSC24FA447_8000_80NSSC23DA003_8000/
DOGE,VA-09,"Techpride, Inc.",80NSSC25FA034,P00002,2025-03-25,2024-10-21,2025-03-10,75664.0,75664.0,Status: TERMINATED. Reported savings: $0. DOGE Action Date: 2/18/2025. Scan program,"Asian Pacific American Owned Business, Category Business, Corporate Entity Not Tax Exempt, HUBZone Firm, Minority Owned Business, Small Business, Special Designations, U.S.-Owned Business",https://www.usaspending.gov/award/CONT_AWD_80NSSC25FA034_8000_47QRAA19D006N_4732/
NPDV,VA-11,"Three Wire Systems, LLC",80NSSC24FA558,P00001,2025-04-17,2024-04-01,2025-04-16,17400.0,17400.0,Termination for convenience agreement tor- one software renewal,"Category Business, Corporate Entity Not Tax Exempt, Limited Liability Corporation, Service Disabled Veteran Owned Business, Small Business, Special Designations, U.S.-Owned Business, Veteran Owned Business",https://www.usaspending.gov/award/CONT_AWD_80NSSC24FA558_8000_NNG15SD25B_8000/
NPDV,MS-04,Trilogy Medical Resources LLC,80SSC021F0001,P00004,2025-04-08,2020-10-20,2025-04-08,32600.0,32600.0,Stop work notice issued with notification of intent to terminate for convenience - provide covid-19 rapid testing for Stennis Space Center.,"Category Business, Self-Certified Small Disadvantaged Business, Small Business, Sole Proprietorship, Special Designations, Subchapter S Corporation, U.S.-Owned Business",https://www.usaspending.gov/award/CONT_AWD_80SSC021F0001_8000_80SSC021A0001_8000/
DOGE,MA-07,Trustees of Tufts College,80NSSC24K1232,P00001,2025-04-08,2024-07-15,,489187.0,41662.28,"Status: TERMINATED. Reported savings: $0. DOGE Action Date: 3/24/2025. Environmental justice & public health: climate, land, & (HEALTH) outcome of dengue fever (CLOUD)",Nonprofit Organization,https://www.usaspending.gov/award/ASST_NON_80NSSC24K1232_8000/
NPDV,MA-07,Trustees of Tufts College,80NSSC25K7031,P00001,2025-04-21,2024-10-04,2027-10-03,307252.0,33717.4,"Stop work notice issued with notification of intent to terminate for convenience, earth action: community action for equity and environmental justice - SMD",Nonprofit Organization,https://www.usaspending.gov/award/ASST_NON_80NSSC25K7031_8000/
DOGE,,Unibap Ab,80NSSC24PA210,P00002,2025-04-21,2023-11-30,2025-03-28,70000.0,70000.0,Status: TERMINATED. Reported savings: $0. DOGE Action Date: 4/10/2025. Unibap - ose-sat in-space autonomy testbed,"Category Business, Corporate Entity Tax Exempt, Foreign Owned, Not Designated a Small Business, Special Designations",https://www.usaspending.gov/award/CONT_AWD_80NSSC24PA210_8000_-NONE-_-NONE-/
DOGE,MD-03,Universities Space Research Association,80NSSC21M0003,P00010,2025-04-08,2021-01-01,,3321286.0,2526011.78,Status: TERMINATED. Reported savings: $0. DOGE Action Date: 3/31/2025. Planetary exploration  - science activation program integration/ science engagement & partnerships division for support for science mission directorate (SMD),Nonprofit Organization,https://www.usaspending.gov/award/ASST_NON_80NSSC21M0003_8000/
DOGE,CO-02,University Corporation for Atmospheric Research,80NSSC25PA068,P00003,2025-04-08,2024-10-16,2025-04-08,14000.0,0.0,Status: TERMINATED. Reported savings: $0. DOGE Action Date: 4/11/2025. Other scientific and technical consulting services ot dynamical neutral atmosphere-ionosphere coupling-x (DYNAMIC-X)  phase a study virginia polytechnic institute and state university (VT)/work on the development of data assimilation system with the hao/ncar whole atmosphere community climate model.,"Category Business, Corporate Entity Tax Exempt, Nonprofit Organization, Not Designated a Small Business, Special Designations, U.S.-Owned Business",https://www.usaspending.gov/award/CONT_AWD_80NSSC25PA068_8000_-NONE-_-NONE-/
DOGE,AK-00,University of Alaska Fairbanks,80NSSC24K1264,P00002,2025-04-08,2024-06-12,,182619.0,0.0,Status: TERMINATED. Reported savings: $0. DOGE Action Date: 3/31/2025. Bringing edia to the planetary sciences community: a two-day ag-style meeting of the cross-ag edia working group - termination for convenience agreement - bringing edia to the planetary sciences community: a two-day ag-style meeting of the cross-ag edia working group,"Higher Education, Higher Education (Public)",https://www.usaspending.gov/award/ASST_NON_80NSSC24K1264_8000/
DOGE,AR-04,University of Arkansas System,80NSSC24K0113,P00003,2025-04-08,2023-10-18,,149998.0,0.0,Status: TERMINATED. Reported savings: $0. DOGE Action Date: 5/1/2025. Here to observe student engagement program: university of arkansas at pine bluff,"Government, U.S. Regional/State Government",https://www.usaspending.gov/award/ASST_NON_80NSSC24K0113_8000/
NPDV,HI-01,University of Hawaii,80NSSC24K1913,P00002,2025-05-05,2024-09-05,2027-09-04,235960.0,32540.16,Stop work notice issued with notification of intent to terminate - 21-jpsp21-0018 microwave measurements of the galilean satellites,"Government, U.S. Regional/State Government",https://www.usaspending.gov/award/ASST_NON_80NSSC24K1913_8000/
DOGE,OK-04,University of Oklahoma,80NSSC25K7034,P00001,2025-04-08,2024-10-02,,277229.0,12206.25,Status: TERMINATED. Reported savings: $0. DOGE Action Date: 4/30/2025. Building co-design and co-learning digital twins: supporting indigenous communities against tribal lands flooding,"Government, U.S. Regional/State Government",https://www.usaspending.gov/award/ASST_NON_80NSSC25K7034_8000/
NPDV,VA-07,University of Richmond,80NSSC25K7036,P00001,2025-04-21,2024-10-04,2027-10-03,248049.0,0.0,"Stop work notice issued with notification of intent to terminate for convenience,  earth action: community action for equity and environmental justice   SMD",Nonprofit Organization,https://www.usaspending.gov/award/ASST_NON_80NSSC25K7036_8000/
NPDV,TX-18,University of Texas Health Science Center at Houston,80NSSC25K7030,P00001,2025-04-21,2024-10-04,2027-10-03,238468.0,0.0,Stop work notice issued with notification of intent to terminate for convenience - earth action: community action for equity and environmental justice - SMD,"Government, U.S. Regional/State Government",https://www.usaspending.gov/award/ASST_NON_80NSSC25K7030_8000/
NPDV,TX-18,University of Texas Health Science Center at Houston,80NSSC24K0913,P00001,2025-04-21,2024-06-06,2025-06-05,40875.0,16959.38,Stop work notice issued with notification of intent to terminate for convenience - earth science applications: equity and environmental justice -SMD,"Government, U.S. Regional/State Government",https://www.usaspending.gov/award/ASST_NON_80NSSC24K0913_8000/
DOGE,TX-25,University of Texas at Austin,80NSSC24K1612,P00001,2025-04-08,2024-08-16,,50000.0,0.0,Status: TERMINATED. Reported savings: $0. DOGE Action Date: 3/24/2025. 23-earth23-0422 climate harmony: studying and informing urban climate efforts in central texas through the.development of a regional climate atlas,Nonprofit Organization,https://www.usaspending.gov/award/ASST_NON_80NSSC24K1612_8000/
DOGE,TX-25,University of Texas at Austin,80NSSC22K1675,P00003,2025-04-08,2022-09-01,,249842.0,145638.98,"Status: TERMINATED. Reported savings: $0. DOGE Action Date: 3/24/2025. Eo14042 atx ca3tch up: climate atlas for accountability and advocacy strategies through co-production with historically underserved community partners in austin, tx - termination for convenience - earth science applications: equity and environmental justice support for smd/esd mission directorate",Nonprofit Organization,https://www.usaspending.gov/award/ASST_NON_80NSSC22K1675_8000/
DOGE,VA-09,Virginia Polytechnic Institute & State University,80NSSC24K0176,P00003,2025-04-08,2023-10-25,,763904.0,311587.32,"Status: TERMINATED. Reported savings: $0. DOGE Action Date: 4/1/2025. Democratizing data to support adaptation decision making in the north-atlantic coastal plain: land subsidence, compound flooding hazard and water quality - interdisciplinary research in earth science support for science mission directorate (SMD/ESD)","Higher Education, Higher Education (Public)",https://www.usaspending.gov/award/ASST_NON_80NSSC24K0176_8000/
DOGE,VA-04,Virginia State University,80NSSC24K0115,P00002,2025-04-08,2023-10-18,,149900.0,0.0,Status: TERMINATED. Reported savings: $0. DOGE Action Date: 5/1/2025. Here to observe student engagement program: virginia state university,"Government, U.S. Regional/State Government",https://www.usaspending.gov/award/ASST_NON_80NSSC24K0115_8000/
NPDV,MA-03,Zuken Usa INC,80NSSC24PC475,P00002,2025-04-21,2024-10-01,2025-04-08,0.0,44325.0,Termination for convenience agreement - zuken DS.e3 license data and configuration management POP: 10/1/24 - 9/30/25,"Category Business, Corporate Entity Not Tax Exempt, Small Business, Special Designations, U.S.-Owned Business",https://www.usaspending.gov/award/CONT_AWD_80NSSC24PC475_8000_-NONE-_-NONE-/
NPDV,CA-36,the Aerospace Corporation,80LARC25F7003,P00001,2025-04-16,2024-12-13,2025-04-15,0.0,0.0,Termination for convenience agreement- NASA Engineering and Safety Center's (NESC) environmental control and life support (ECLSS) technical discipline team (tdt).,"Category Business, Corporate Entity Tax Exempt, Nonprofit Organization, Not Designated a Small Business, Special Designations, U.S.-Owned Business",https://www.usaspending.gov/award/CONT_AWD_80LARC25F7003_8000_80GSFC19D0011_8000/
NPDV,CA-36,the Aerospace Corporation,80LARC24F0039,P00001,2025-04-16,2024-09-27,2025-04-15,0.0,0.0,Termination for convenience agreement - NASA Engineering and Safety Center's (NESC) team to guise future human-rated Spacecraft providers on designing and verifying a Spacecraft fire system.,"Category Business, Corporate Entity Tax Exempt, Nonprofit Organization, Not Designated a Small Business, Special Designations, U.S.-Owned Business",https://www.usaspending.gov/award/CONT_AWD_80LARC24F0039_8000_80GSFC19D0011_8000/
DOGE,MD-07,the Johns Hopkins University,80NSSC24K0177,P00003,2025-04-08,2023-10-25,,969349.0,446527.68,Status: TERMINATED. Reported savings: $0. DOGE Action Date: 4/1/2025. Resolving intra-urban variability in heat and air quality from space and the ground: leveraging diverse observations to support environmental justice - interdisciplinary research in earth sciences support for science mission directorate (SMD/ESD),Nonprofit Organization,https://www.usaspending.gov/award/ASST_NON_80NSSC24K0177_8000/
NPDV,MD-03,the Johns Hopkins University Applied Physics Laboratory LLC,80MSFC22F0153,P00004,2025-04-08,2022-07-15,2025-04-08,44324.0,17999.87,Stop work notice issued with notification of intent to terminate for convenience - NESC avionics packaging engineering processes and best practices,"Category Business, Limited Liability Corporation, Nonprofit Organization, Not Designated a Small Business, Special Designations, U.S.-Owned Business",https://www.usaspending.gov/award/CONT_AWD_80MSFC22F0153_8000_80MSFC20D0004_8000/
DOGE,FL-07,"the Performance Knowledge Group, LLC",80KSC024F0043,P00004,2025-04-10,2024-07-01,2025-02-14,137213.0,137213.0,"Status: Expired. Reported savings: $0. DOGE Action Date: 2/18/2025. Non-personal services contract to provide strategic management support, professional/team coaching, advanced planning, integration, and implementation to NASA kennedy space center (KSC), launch service program.","Category Business, Partnership or Limited Liability Partnership, Small Business, Special Designations, U.S.-Owned Business, Woman Owned Business",https://www.usaspending.gov/award/CONT_AWD_80KSC024F0043_8000_80KSC021A0007_8000/
DOGE,FL-07,"the Performance Knowledge Group, LLC",80KSC024F0044,P00002,2025-04-10,2024-07-01,2025-02-14,77219.1,77219.1,"Status: Expired. Reported savings: $0. DOGE Action Date: 2/18/2025. Non-personal services contract to provide strategic management support, professional/team coaching, advanced planning, integration, and implementation to NASA kennedy space center (KSC), exploration ground system (EGS)","Category Business, Partnership or Limited Liability Partnership, Small Business, Special Designations, U.S.-Owned Business, Woman Owned Business",https://www.usaspending.gov/award/CONT_AWD_80KSC024F0044_8000_80KSC021A0007_8000/
DOGE,FL-07,"the Performance Knowledge Group, LLC",80KSC024F0045,P00002,2025-04-22,2024-07-01,2025-02-14,38535.0,38535.0,"Status: Expired. Reported savings: $0. DOGE Action Date: 2/18/2025. Non-personal services contract to provide strategic management support, professional/team coaching, advanced planning, integration, and implementation to NASA kennedy space center (KSC).","Category Business, Partnership or Limited Liability Partnership, Small Business, Special Designations, U.S.-Owned Business, Woman Owned Business",https://www.usaspending.gov/award/CONT_AWD_80KSC024F0045_8000_80KSC021A0007_8000/
NPDV,CO-03,the Pinhead Institute INC,80NSSC19K0748,P00005,2025-04-21,2019-05-20,2025-10-01,114321.0,0.0,"Stop work notice issued with notification of intent to terminate for convenience - unsolicited, an analysis of ladee UVS data for metallic species",Nonprofit Organization,https://www.usaspending.gov/award/ASST_NON_80NSSC19K0748_8000/
DOGE,NY-13,the Trustees of Columbia University in the City of New York,80ARC023CA004,P00004,2025-05-01,2022-11-01,2025-03-07,2000000.0,1166676.0,Status: TERMINATED. Reported savings: $0. DOGE Action Date: 3/10/2025. Contract for research and development work to extended longevity of 3d tissues and microph,"Category Business, Educational Institution, Higher Education, Nonprofit Organization, Not Designated a Small Business, Higher Education (Private)",https://www.usaspending.gov/award/CONT_AWD_80ARC023CA004_8000_-NONE-_-NONE-/
DOGE,NY-13,the Trustees of Columbia University in the City of New York,80GSFC23CA001,P00009,2025-05-01,2023-08-01,2025-07-31,10548704.0,7584671.92,"Status: TERMINATED. Reported savings: $19,404,348. DOGE Action Date: 3/10/2025. Sedac facilitates the analysis and portrayal of the human dimensions of global change need","Category Business, Corporate Entity Tax Exempt, Educational Institution, Higher Education, Nonprofit Organization, Not Designated a Small Business, Higher Education (Private)",https://www.usaspending.gov/award/CONT_AWD_80GSFC23CA001_8000_-NONE-_-NONE-/
NPDV,NJ-12,the Trustees of Princeton University,80NSSC23K0815,P00005,2025-04-21,2023-05-01,2026-04-30,784921.0,583569.0,"Stop work notice issued with notification of intent to terminate for convenience,  airborne and satellite investigation of asian air quality   SMD/earth science",Nonprofit Organization,https://www.usaspending.gov/award/ASST_NON_80NSSC23K0815_8000/
NPDV,NJ-12,the Trustees of Princeton University,80NSSC25K7118,P00002,2025-04-21,2024-10-08,2027-10-07,262736.0,0.0,Stop work notice issued with notification of intent toterminate for convenience - redox evolution of terrestrial magma oceans - SMD planetary,Nonprofit Organization,https://www.usaspending.gov/award/ASST_NON_80NSSC25K7118_8000/
NPDV,NJ-12,the Trustees of Princeton University,80NSSC22K0999,P00006,2025-04-21,2022-06-01,2026-05-31,568984.0,349395.74,Stop work notice issued with notification of intent toterminate for convenience - investigating global cloud feedback dependence on southern ocean salinity - SMD earth science,Nonprofit Organization,https://www.usaspending.gov/award/ASST_NON_80NSSC22K0999_8000/
NPDV,NJ-12,the Trustees of Princeton University,80NSSC23K1130,P00003,2025-04-21,2024-06-01,2027-05-31,250220.0,16687.68,Stop work notice issued with notification of intent toterminate for convenience - supernova progenitor and explosion properties of galactic supernova remnants,Nonprofit Organization,https://www.usaspending.gov/award/ASST_NON_80NSSC23K1130_8000/
NPDV,NJ-12,the Trustees of Princeton University,80NSSC25K7437,P00001,2025-04-21,2025-01-01,2027-12-31,238675.0,0.0,"Stop work notice issued with notification of intent to terminate for convenience,  finding chelyabinsk-sized asteroids in the vicinity of the earth and measuring NEO light curves with hatpi  SMD/planetary",Nonprofit Organization,https://www.usaspending.gov/award/ASST_NON_80NSSC25K7437_8000/
NPDV,NJ-12,the Trustees of Princeton University,80NSSC21K1957,P00003,2025-04-21,2021-08-26,2026-08-25,3735643.0,1691802.43,"Stop work notice issued with notification of intent to terminate for convenience,  taurus: a balloon-borne polarimeter for cosmic reionization and galactic dust  SMD/ADAP",Nonprofit Organization,https://www.usaspending.gov/award/ASST_NON_80NSSC21K1957_8000/
NPDV,NJ-12,the Trustees of Princeton University,80NSSC23K0983,P00002,2025-04-21,2023-05-09,2027-05-08,401167.0,211968.9,Stop work notice issued with notification of intent to terminate forconvenience - high fidelity modeling of parasitic capillary wave dynamics for remote sensing,Nonprofit Organization,https://www.usaspending.gov/award/ASST_NON_80NSSC23K0983_8000/
DOGE,TX-15,the University of Texas Rio Grande Valley,80NSSC22K1681,P00004,2025-04-08,2022-09-01,,249999.0,220497.04,"Status: TERMINATED. Reported savings: $0. DOGE Action Date: 3/24/2025. 21-eej21-0061, integration of satellite data on air pollution with socioeconomic indicators to assess the impacts of agricultural burning on local communities in the lower rio grande valley of south texas. - termination for convenience - earth science applications: equity and environmental justice support for smd/esd","Government, U.S. Regional/State Government",https://www.usaspending.gov/award/ASST_NON_80NSSC22K1681_8000/
